execution_id,account_id,workspace_id,device_id,actor_uid,tool_id,tool_version,action,status,error_code,duration_ms,started_at,completed_at,received_at,source,host_version,suite_version,device_platform,data_origin,expected_anomaly,synthetic_pattern
exec_syn_000001,acct_demo_03,ws_production_a,dev_win_03,actor_demo_04,sepmaker-pro,1.6.0,Apply,success,,18246,2026-06-01T15:14:04.754Z,2026-06-01T15:14:23.000Z,2026-06-01T15:14:23.566Z,local_bridge,Illustrator 28.5,Operation Suite 3.1,windows,SYNTHETIC,false,normal
exec_syn_000002,acct_demo_03,ws_production_a,dev_win_03,actor_demo_04,sepmaker-pro,1.6.0,Apply,success,,8578,2026-06-01T13:51:11.422Z,2026-06-01T13:51:20.000Z,2026-06-01T13:51:21.053Z,local_bridge,Illustrator 28.5,Operation Suite 3.1,windows,SYNTHETIC,false,normal
exec_syn_000003,acct_demo_02,ws_finishing_a,dev_mac_01,actor_demo_03,sepmaker-pro,1.6.0,Apply,success,,10447,2026-06-01T13:20:30.553Z,2026-06-01T13:20:41.000Z,2026-06-01T13:20:41.539Z,local_bridge,Illustrator 29.0,Operation Suite 3.1,macos,SYNTHETIC,false,normal
exec_syn_000004,acct_demo_01,ws_prepress_b,dev_win_02,actor_demo_02,sepmaker-pro,1.6.0,Apply,success,,10080,2026-06-01T08:30:51.920Z,2026-06-01T08:31:02.000Z,2026-06-01T08:31:03.006Z,local_bridge,Illustrator 28.5,Operation Suite 3.1,windows,SYNTHETIC,false,normal
exec_syn_000005,acct_demo_01,ws_prepress_a,dev_win_01,actor_demo_01,clean-vector-pro,3.6.0,CLEAN ART,success,,4860,2026-06-01T09:39:16.140Z,2026-06-01T09:39:21.000Z,2026-06-01T09:39:22.484Z,local_bridge,Illustrator 28.5,Operation Suite 3.1,windows,SYNTHETIC,false,normal
exec_syn_000006,acct_demo_03,ws_production_a,dev_win_03,actor_demo_04,clean-vector-pro,3.6.0,CLEAN ART,success,,5065,2026-06-01T08:22:24.935Z,2026-06-01T08:22:30.000Z,2026-06-01T08:22:31.260Z,local_bridge,Illustrator 28.5,Operation Suite 3.1,windows,SYNTHETIC,false,normal
exec_syn_000007,acct_demo_01,ws_prepress_a,dev_win_01,actor_demo_01,sepmaker-pro,1.6.0,Apply,success,,9923,2026-06-01T11:25:11.077Z,2026-06-01T11:25:21.000Z,2026-06-01T11:25:21.917Z,local_bridge,Illustrator 28.5,Operation Suite 3.1,windows,SYNTHETIC,false,normal
exec_syn_000008,acct_demo_01,ws_prepress_b,dev_win_02,actor_demo_02,sepmaker-pro,1.6.0,Apply,success,,12660,2026-06-01T09:24:09.340Z,2026-06-01T09:24:22.000Z,2026-06-01T09:24:23.343Z,local_bridge,Illustrator 28.5,Operation Suite 3.1,windows,SYNTHETIC,false,normal
exec_syn_000009,acct_demo_03,ws_production_a,dev_win_03,actor_demo_04,sepmaker-pro,1.6.0,Apply,success,,72894,2026-06-01T14:58:52.106Z,2026-06-01T15:00:05.000Z,2026-06-01T15:00:05.279Z,local_bridge,Illustrator 28.5,Operation Suite 3.1,windows,SYNTHETIC,true,duration_spike
exec_syn_000010,acct_demo_01,ws_prepress_b,dev_win_02,actor_demo_02,clean-vector-pro,3.6.0,CLEAN ART,success,,5932,2026-06-01T10:46:26.068Z,2026-06-01T10:46:32.000Z,2026-06-01T10:46:32.795Z,local_bridge,Illustrator 28.5,Operation Suite 3.1,windows,SYNTHETIC,false,normal
exec_syn_000011,acct_demo_02,ws_finishing_a,dev_mac_01,actor_demo_03,clean-vector-pro,3.6.0,CLEAN ART,success,,3386,2026-06-01T15:42:39.614Z,2026-06-01T15:42:43.000Z,2026-06-01T15:42:44.391Z,local_bridge,Illustrator 29.0,Operation Suite 3.1,macos,SYNTHETIC,false,normal
exec_syn_000012,acct_demo_03,ws_production_a,dev_win_03,actor_demo_04,sepmaker-pro,1.6.0,Apply,success,,16183,2026-06-01T13:16:27.817Z,2026-06-01T13:16:44.000Z,2026-06-01T13:16:45.053Z,local_bridge,Illustrator 28.5,Operation Suite 3.1,windows,SYNTHETIC,false,normal
exec_syn_000013,acct_demo_02,ws_finishing_a,dev_mac_01,actor_demo_03,sepmaker-pro,1.6.0,Apply,failure,PROCESSING_FAILED,8911,2026-06-01T11:51:15.089Z,2026-06-01T11:51:24.000Z,2026-06-01T11:51:24.539Z,local_bridge,Illustrator 29.0,Operation Suite 3.1,macos,SYNTHETIC,false,normal
exec_syn_000014,acct_demo_02,ws_finishing_a,dev_mac_01,actor_demo_03,clean-vector-pro,3.6.0,CLEAN ART,success,,4594,2026-06-01T10:39:14.406Z,2026-06-01T10:39:19.000Z,2026-06-01T10:39:20.041Z,local_bridge,Illustrator 29.0,Operation Suite 3.1,macos,SYNTHETIC,false,normal
exec_syn_000015,acct_demo_03,ws_production_a,dev_win_03,actor_demo_04,sepmaker-pro,1.6.0,Apply,success,,15118,2026-06-01T09:49:45.882Z,2026-06-01T09:50:01.000Z,2026-06-01T09:50:02.308Z,local_bridge,Illustrator 28.5,Operation Suite 3.1,windows,SYNTHETIC,false,normal
exec_syn_000016,acct_demo_01,ws_prepress_a,dev_win_01,actor_demo_01,clean-vector-pro,3.6.0,CLEAN ART,success,,3993,2026-06-01T11:49:04.007Z,2026-06-01T11:49:08.000Z,2026-06-01T11:49:09.369Z,local_bridge,Illustrator 28.5,Operation Suite 3.1,windows,SYNTHETIC,false,normal
exec_syn_000017,acct_demo_01,ws_prepress_b,dev_win_02,actor_demo_02,sepmaker-pro,1.6.0,Apply,success,,11437,2026-06-02T09:53:14.563Z,2026-06-02T09:53:26.000Z,2026-06-02T09:53:26.383Z,local_bridge,Illustrator 28.5,Operation Suite 3.1,windows,SYNTHETIC,false,normal
exec_syn_000018,acct_demo_03,ws_production_a,dev_win_03,actor_demo_04,clean-vector-pro,3.6.0,CLEAN ART,success,,4031,2026-06-02T08:05:17.969Z,2026-06-02T08:05:22.000Z,2026-06-02T08:05:23.065Z,local_bridge,Illustrator 28.5,Operation Suite 3.1,windows,SYNTHETIC,false,normal
exec_syn_000019,acct_demo_03,ws_production_a,dev_win_03,actor_demo_04,sepmaker-pro,1.6.0,Apply,success,,13071,2026-06-02T12:37:16.929Z,2026-06-02T12:37:30.000Z,2026-06-02T12:37:30.324Z,local_bridge,Illustrator 28.5,Operation Suite 3.1,windows,SYNTHETIC,false,normal
exec_syn_000020,acct_demo_01,ws_prepress_b,dev_win_02,actor_demo_02,clean-vector-pro,3.6.0,CLEAN ART,success,,4337,2026-06-02T13:14:58.663Z,2026-06-02T13:15:03.000Z,2026-06-02T13:15:03.621Z,local_bridge,Illustrator 28.5,Operation Suite 3.1,windows,SYNTHETIC,false,normal
exec_syn_000021,acct_demo_01,ws_prepress_a,dev_win_01,actor_demo_01,clean-vector-pro,3.6.0,CLEAN ART,success,,3274,2026-06-02T15:00:24.726Z,2026-06-02T15:00:28.000Z,2026-06-02T15:00:29.160Z,local_bridge,Illustrator 28.5,Operation Suite 3.1,windows,SYNTHETIC,false,normal
exec_syn_000022,acct_demo_01,ws_prepress_b,dev_win_02,actor_demo_02,clean-vector-pro,3.6.0,CLEAN ART,success,,4771,2026-06-02T11:13:49.229Z,2026-06-02T11:13:54.000Z,2026-06-02T11:13:54.408Z,local_bridge,Illustrator 28.5,Operation Suite 3.1,windows,SYNTHETIC,false,normal
exec_syn_000023,acct_demo_02,ws_finishing_a,dev_mac_01,actor_demo_03,clean-vector-pro,3.6.0,CLEAN ART,success,,4263,2026-06-02T12:38:38.737Z,2026-06-02T12:38:43.000Z,2026-06-02T12:38:43.309Z,local_bridge,Illustrator 29.0,Operation Suite 3.1,macos,SYNTHETIC,false,normal
exec_syn_000024,acct_demo_01,ws_prepress_b,dev_win_02,actor_demo_02,clean-vector-pro,3.6.0,CLEAN ART,success,,4666,2026-06-02T10:06:08.334Z,2026-06-02T10:06:13.000Z,2026-06-02T10:06:13.703Z,local_bridge,Illustrator 28.5,Operation Suite 3.1,windows,SYNTHETIC,false,normal
exec_syn_000025,acct_demo_03,ws_production_a,dev_win_03,actor_demo_04,sepmaker-pro,1.6.0,Apply,success,,13050,2026-06-02T17:48:46.950Z,2026-06-02T17:49:00.000Z,2026-06-02T17:49:00.913Z,local_bridge,Illustrator 28.5,Operation Suite 3.1,windows,SYNTHETIC,false,normal
exec_syn_000026,acct_demo_01,ws_prepress_b,dev_win_02,actor_demo_02,sepmaker-pro,1.6.0,Apply,failure,HOST_UNAVAILABLE,39748,2026-06-02T13:29:23.252Z,2026-06-02T13:30:03.000Z,2026-06-02T13:30:03.390Z,local_bridge,Illustrator 28.5,Operation Suite 3.1,windows,SYNTHETIC,true,duration_spike
exec_syn_000027,acct_demo_01,ws_prepress_b,dev_win_02,actor_demo_02,clean-vector-pro,3.6.0,CLEAN ART,success,,6138,2026-06-02T10:51:32.862Z,2026-06-02T10:51:39.000Z,2026-06-02T10:51:40.358Z,local_bridge,Illustrator 28.5,Operation Suite 3.1,windows,SYNTHETIC,false,normal
exec_syn_000028,acct_demo_03,ws_production_a,dev_win_03,actor_demo_04,sepmaker-pro,1.6.0,Apply,failure,DOCUMENT_UNAVAILABLE,56201,2026-06-02T09:21:13.799Z,2026-06-02T09:22:10.000Z,2026-06-02T09:22:10.903Z,local_bridge,Illustrator 28.5,Operation Suite 3.1,windows,SYNTHETIC,true,duration_spike
exec_syn_000029,acct_demo_03,ws_production_a,dev_win_03,actor_demo_04,sepmaker-pro,1.6.0,Apply,success,,12447,2026-06-02T14:51:10.553Z,2026-06-02T14:51:23.000Z,2026-06-02T14:51:24.018Z,local_bridge,Illustrator 28.5,Operation Suite 3.1,windows,SYNTHETIC,false,normal
exec_syn_000030,acct_demo_01,ws_prepress_a,dev_win_01,actor_demo_01,sepmaker-pro,1.6.0,Apply,success,,7465,2026-06-02T14:10:09.535Z,2026-06-02T14:10:17.000Z,2026-06-02T14:10:18.288Z,local_bridge,Illustrator 28.5,Operation Suite 3.1,windows,SYNTHETIC,false,normal
exec_syn_000031,acct_demo_01,ws_prepress_b,dev_win_02,actor_demo_02,clean-vector-pro,3.6.0,CLEAN ART,success,,5784,2026-06-02T10:30:11.216Z,2026-06-02T10:30:17.000Z,2026-06-02T10:30:18.176Z,local_bridge,Illustrator 28.5,Operation Suite 3.1,windows,SYNTHETIC,false,normal
exec_syn_000032,acct_demo_02,ws_finishing_a,dev_mac_01,actor_demo_03,sepmaker-pro,1.6.0,Apply,success,,36733,2026-06-02T11:13:43.267Z,2026-06-02T11:14:20.000Z,2026-06-02T11:14:20.873Z,local_bridge,Illustrator 29.0,Operation Suite 3.1,macos,SYNTHETIC,true,duration_spike
exec_syn_000033,acct_demo_03,ws_production_a,dev_win_03,actor_demo_04,clean-vector-pro,3.6.0,CLEAN ART,success,,21138,2026-06-03T15:06:23.862Z,2026-06-03T15:06:45.000Z,2026-06-03T15:06:45.318Z,local_bridge,Illustrator 28.5,Operation Suite 3.1,windows,SYNTHETIC,true,duration_spike
exec_syn_000034,acct_demo_01,ws_prepress_a,dev_win_01,actor_demo_01,sepmaker-pro,1.6.0,Apply,success,,15187,2026-06-03T17:13:49.813Z,2026-06-03T17:14:05.000Z,2026-06-03T17:14:05.270Z,local_bridge,Illustrator 28.5,Operation Suite 3.1,windows,SYNTHETIC,false,normal
exec_syn_000035,acct_demo_03,ws_production_a,dev_win_03,actor_demo_04,sepmaker-pro,1.6.0,Apply,success,,11354,2026-06-03T16:04:47.646Z,2026-06-03T16:04:59.000Z,2026-06-03T16:05:00.173Z,local_bridge,Illustrator 28.5,Operation Suite 3.1,windows,SYNTHETIC,false,normal
exec_syn_000036,acct_demo_01,ws_prepress_b,dev_win_02,actor_demo_02,clean-vector-pro,3.6.0,CLEAN ART,success,,3861,2026-06-03T13:54:31.139Z,2026-06-03T13:54:35.000Z,2026-06-03T13:54:35.865Z,local_bridge,Illustrator 28.5,Operation Suite 3.1,windows,SYNTHETIC,false,normal
exec_syn_000037,acct_demo_02,ws_finishing_a,dev_mac_01,actor_demo_03,clean-vector-pro,3.6.0,CLEAN ART,success,,4685,2026-06-03T15:23:55.315Z,2026-06-03T15:24:00.000Z,2026-06-03T15:24:01.152Z,local_bridge,Illustrator 29.0,Operation Suite 3.1,macos,SYNTHETIC,false,normal
exec_syn_000038,acct_demo_02,ws_finishing_a,dev_mac_01,actor_demo_03,sepmaker-pro,1.6.0,Apply,success,,12061,2026-06-03T11:46:39.939Z,2026-06-03T11:46:52.000Z,2026-06-03T11:46:52.639Z,local_bridge,Illustrator 29.0,Operation Suite 3.1,macos,SYNTHETIC,false,normal
exec_syn_000039,acct_demo_01,ws_prepress_b,dev_win_02,actor_demo_02,sepmaker-pro,1.6.0,Apply,failure,VALIDATION_FAILED,66126,2026-06-03T16:06:13.874Z,2026-06-03T16:07:20.000Z,2026-06-03T16:07:20.806Z,local_bridge,Illustrator 28.5,Operation Suite 3.1,windows,SYNTHETIC,true,duration_spike
exec_syn_000040,acct_demo_01,ws_prepress_b,dev_win_02,actor_demo_02,clean-vector-pro,3.6.0,CLEAN ART,success,,5105,2026-06-03T12:53:04.895Z,2026-06-03T12:53:10.000Z,2026-06-03T12:53:10.357Z,local_bridge,Illustrator 28.5,Operation Suite 3.1,windows,SYNTHETIC,false,normal
exec_syn_000041,acct_demo_01,ws_prepress_b,dev_win_02,actor_demo_02,clean-vector-pro,3.6.0,CLEAN ART,success,,5213,2026-06-03T14:56:02.787Z,2026-06-03T14:56:08.000Z,2026-06-03T14:56:09.190Z,local_bridge,Illustrator 28.5,Operation Suite 3.1,windows,SYNTHETIC,false,normal
exec_syn_000042,acct_demo_02,ws_finishing_a,dev_mac_01,actor_demo_03,clean-vector-pro,3.6.0,CLEAN ART,success,,3349,2026-06-03T15:56:37.651Z,2026-06-03T15:56:41.000Z,2026-06-03T15:56:41.799Z,local_bridge,Illustrator 29.0,Operation Suite 3.1,macos,SYNTHETIC,false,normal
exec_syn_000043,acct_demo_03,ws_production_a,dev_win_03,actor_demo_04,sepmaker-pro,1.6.0,Apply,success,,12384,2026-06-03T11:08:08.616Z,2026-06-03T11:08:21.000Z,2026-06-03T11:08:22.408Z,local_bridge,Illustrator 28.5,Operation Suite 3.1,windows,SYNTHETIC,false,normal
exec_syn_000044,acct_demo_02,ws_finishing_a,dev_mac_01,actor_demo_03,sepmaker-pro,1.6.0,Apply,success,,10957,2026-06-03T16:49:18.043Z,2026-06-03T16:49:29.000Z,2026-06-03T16:49:30.271Z,local_bridge,Illustrator 29.0,Operation Suite 3.1,macos,SYNTHETIC,false,normal
exec_syn_000045,acct_demo_02,ws_finishing_a,dev_mac_01,actor_demo_03,sepmaker-pro,1.6.0,Apply,success,,9792,2026-06-03T11:19:53.208Z,2026-06-03T11:20:03.000Z,2026-06-03T11:20:03.549Z,local_bridge,Illustrator 29.0,Operation Suite 3.1,macos,SYNTHETIC,false,normal
exec_syn_000046,acct_demo_03,ws_production_a,dev_win_03,actor_demo_04,sepmaker-pro,1.6.0,Apply,success,,42822,2026-06-03T16:35:30.178Z,2026-06-03T16:36:13.000Z,2026-06-03T16:36:14.453Z,local_bridge,Illustrator 28.5,Operation Suite 3.1,windows,SYNTHETIC,true,duration_spike
exec_syn_000047,acct_demo_03,ws_production_a,dev_win_03,actor_demo_04,clean-vector-pro,3.6.0,CLEAN ART,success,,3681,2026-06-03T15:54:46.319Z,2026-06-03T15:54:50.000Z,2026-06-03T15:54:51.278Z,local_bridge,Illustrator 28.5,Operation Suite 3.1,windows,SYNTHETIC,false,normal
exec_syn_000048,acct_demo_01,ws_prepress_b,dev_win_02,actor_demo_02,sepmaker-pro,1.6.0,Apply,success,,11762,2026-06-03T15:45:07.238Z,2026-06-03T15:45:19.000Z,2026-06-03T15:45:19.827Z,local_bridge,Illustrator 28.5,Operation Suite 3.1,windows,SYNTHETIC,false,normal
exec_syn_000049,acct_demo_03,ws_production_a,dev_win_03,actor_demo_04,clean-vector-pro,3.6.0,CLEAN ART,success,,4565,2026-06-04T15:22:15.435Z,2026-06-04T15:22:20.000Z,2026-06-04T15:22:20.532Z,local_bridge,Illustrator 28.5,Operation Suite 3.1,windows,SYNTHETIC,false,normal
exec_syn_000050,acct_demo_01,ws_prepress_a,dev_win_01,actor_demo_01,sepmaker-pro,1.6.0,Apply,failure,HOST_UNAVAILABLE,13704,2026-06-04T14:53:44.296Z,2026-06-04T14:53:58.000Z,2026-06-04T14:53:59.214Z,local_bridge,Illustrator 28.5,Operation Suite 3.1,windows,SYNTHETIC,false,normal
exec_syn_000051,acct_demo_02,ws_finishing_a,dev_mac_01,actor_demo_03,clean-vector-pro,3.6.0,CLEAN ART,success,,2578,2026-06-04T09:13:41.422Z,2026-06-04T09:13:44.000Z,2026-06-04T09:13:44.919Z,local_bridge,Illustrator 29.0,Operation Suite 3.1,macos,SYNTHETIC,false,normal
exec_syn_000052,acct_demo_03,ws_production_a,dev_win_03,actor_demo_04,clean-vector-pro,3.6.0,CLEAN ART,success,,5500,2026-06-04T08:47:10.500Z,2026-06-04T08:47:16.000Z,2026-06-04T08:47:16.373Z,local_bridge,Illustrator 28.5,Operation Suite 3.1,windows,SYNTHETIC,false,normal
exec_syn_000053,acct_demo_03,ws_production_a,dev_win_03,actor_demo_04,sepmaker-pro,1.6.0,Apply,success,,8794,2026-06-04T10:47:01.206Z,2026-06-04T10:47:10.000Z,2026-06-04T10:47:11.120Z,local_bridge,Illustrator 28.5,Operation Suite 3.1,windows,SYNTHETIC,false,normal
exec_syn_000054,acct_demo_01,ws_prepress_b,dev_win_02,actor_demo_02,clean-vector-pro,3.6.0,CLEAN ART,success,,4256,2026-06-04T08:28:25.744Z,2026-06-04T08:28:30.000Z,2026-06-04T08:28:31.470Z,local_bridge,Illustrator 28.5,Operation Suite 3.1,windows,SYNTHETIC,false,normal
exec_syn_000055,acct_demo_01,ws_prepress_b,dev_win_02,actor_demo_02,sepmaker-pro,1.6.0,Apply,success,,13017,2026-06-04T09:05:33.983Z,2026-06-04T09:05:47.000Z,2026-06-04T09:05:47.524Z,local_bridge,Illustrator 28.5,Operation Suite 3.1,windows,SYNTHETIC,false,normal
exec_syn_000056,acct_demo_01,ws_prepress_b,dev_win_02,actor_demo_02,sepmaker-pro,1.6.0,Apply,success,,13260,2026-06-04T08:01:47.740Z,2026-06-04T08:02:01.000Z,2026-06-04T08:02:02.040Z,local_bridge,Illustrator 28.5,Operation Suite 3.1,windows,SYNTHETIC,false,normal
exec_syn_000057,acct_demo_02,ws_finishing_a,dev_mac_01,actor_demo_03,sepmaker-pro,1.6.0,Apply,success,,12309,2026-06-04T12:22:15.691Z,2026-06-04T12:22:28.000Z,2026-06-04T12:22:28.606Z,local_bridge,Illustrator 29.0,Operation Suite 3.1,macos,SYNTHETIC,false,normal
exec_syn_000058,acct_demo_01,ws_prepress_b,dev_win_02,actor_demo_02,sepmaker-pro,1.6.0,Apply,success,,19469,2026-06-04T08:36:50.531Z,2026-06-04T08:37:10.000Z,2026-06-04T08:37:11.133Z,local_bridge,Illustrator 28.5,Operation Suite 3.1,windows,SYNTHETIC,false,normal
exec_syn_000059,acct_demo_03,ws_production_a,dev_win_03,actor_demo_04,sepmaker-pro,1.6.0,Apply,success,,16381,2026-06-04T10:58:37.619Z,2026-06-04T10:58:54.000Z,2026-06-04T10:58:55.465Z,local_bridge,Illustrator 28.5,Operation Suite 3.1,windows,SYNTHETIC,false,normal
exec_syn_000060,acct_demo_01,ws_prepress_b,dev_win_02,actor_demo_02,clean-vector-pro,3.6.0,CLEAN ART,success,,5761,2026-06-04T08:52:35.239Z,2026-06-04T08:52:41.000Z,2026-06-04T08:52:41.707Z,local_bridge,Illustrator 28.5,Operation Suite 3.1,windows,SYNTHETIC,false,normal
exec_syn_000061,acct_demo_01,ws_prepress_a,dev_win_01,actor_demo_01,sepmaker-pro,1.6.0,Apply,success,,10642,2026-06-04T15:27:42.358Z,2026-06-04T15:27:53.000Z,2026-06-04T15:27:53.370Z,local_bridge,Illustrator 28.5,Operation Suite 3.1,windows,SYNTHETIC,false,normal
exec_syn_000062,acct_demo_01,ws_prepress_a,dev_win_01,actor_demo_01,sepmaker-pro,1.6.0,Apply,success,,8486,2026-06-04T11:23:50.514Z,2026-06-04T11:23:59.000Z,2026-06-04T11:23:59.541Z,local_bridge,Illustrator 28.5,Operation Suite 3.1,windows,SYNTHETIC,false,normal
exec_syn_000063,acct_demo_01,ws_prepress_b,dev_win_02,actor_demo_02,clean-vector-pro,3.6.0,CLEAN ART,success,,21759,2026-06-04T08:54:46.241Z,2026-06-04T08:55:08.000Z,2026-06-04T08:55:08.448Z,local_bridge,Illustrator 28.5,Operation Suite 3.1,windows,SYNTHETIC,true,duration_spike
exec_syn_000064,acct_demo_01,ws_prepress_b,dev_win_02,actor_demo_02,clean-vector-pro,3.6.0,CLEAN ART,success,,16393,2026-06-04T09:42:45.607Z,2026-06-04T09:43:02.000Z,2026-06-04T09:43:03.029Z,local_bridge,Illustrator 28.5,Operation Suite 3.1,windows,SYNTHETIC,true,duration_spike
exec_syn_000065,acct_demo_01,ws_prepress_a,dev_win_01,actor_demo_01,sepmaker-pro,1.6.0,Apply,success,,9996,2026-06-05T13:55:50.004Z,2026-06-05T13:56:00.000Z,2026-06-05T13:56:01.170Z,local_bridge,Illustrator 28.5,Operation Suite 3.1,windows,SYNTHETIC,false,normal
exec_syn_000066,acct_demo_01,ws_prepress_b,dev_win_02,actor_demo_02,clean-vector-pro,3.6.0,CLEAN ART,success,,3383,2026-06-05T08:08:27.617Z,2026-06-05T08:08:31.000Z,2026-06-05T08:08:31.254Z,local_bridge,Illustrator 28.5,Operation Suite 3.1,windows,SYNTHETIC,false,normal
exec_syn_000067,acct_demo_01,ws_prepress_a,dev_win_01,actor_demo_01,sepmaker-pro,1.6.0,Apply,success,,12030,2026-06-05T11:58:09.970Z,2026-06-05T11:58:22.000Z,2026-06-05T11:58:22.616Z,local_bridge,Illustrator 28.5,Operation Suite 3.1,windows,SYNTHETIC,false,normal
exec_syn_000068,acct_demo_03,ws_production_a,dev_win_03,actor_demo_04,clean-vector-pro,3.6.0,CLEAN ART,success,,4334,2026-06-05T11:07:19.666Z,2026-06-05T11:07:24.000Z,2026-06-05T11:07:24.389Z,local_bridge,Illustrator 28.5,Operation Suite 3.1,windows,SYNTHETIC,false,normal
exec_syn_000069,acct_demo_01,ws_prepress_a,dev_win_01,actor_demo_01,sepmaker-pro,1.6.0,Apply,success,,16030,2026-06-05T08:51:28.970Z,2026-06-05T08:51:45.000Z,2026-06-05T08:51:45.532Z,local_bridge,Illustrator 28.5,Operation Suite 3.1,windows,SYNTHETIC,false,normal
exec_syn_000070,acct_demo_01,ws_prepress_a,dev_win_01,actor_demo_01,clean-vector-pro,3.6.0,CLEAN ART,success,,4294,2026-06-05T10:11:16.706Z,2026-06-05T10:11:21.000Z,2026-06-05T10:11:21.560Z,local_bridge,Illustrator 28.5,Operation Suite 3.1,windows,SYNTHETIC,false,normal
exec_syn_000071,acct_demo_02,ws_finishing_a,dev_mac_01,actor_demo_03,sepmaker-pro,1.6.0,Apply,failure,VALIDATION_FAILED,15860,2026-06-05T11:48:01.140Z,2026-06-05T11:48:17.000Z,2026-06-05T11:48:17.410Z,local_bridge,Illustrator 29.0,Operation Suite 3.1,macos,SYNTHETIC,false,normal
exec_syn_000072,acct_demo_03,ws_production_a,dev_win_03,actor_demo_04,clean-vector-pro,3.6.0,CLEAN ART,success,,8710,2026-06-05T11:35:21.290Z,2026-06-05T11:35:30.000Z,2026-06-05T11:35:31.247Z,local_bridge,Illustrator 28.5,Operation Suite 3.1,windows,SYNTHETIC,false,normal
exec_syn_000073,acct_demo_03,ws_production_a,dev_win_03,actor_demo_04,clean-vector-pro,3.6.0,CLEAN ART,success,,4761,2026-06-05T10:49:57.239Z,2026-06-05T10:50:02.000Z,2026-06-05T10:50:03.354Z,local_bridge,Illustrator 28.5,Operation Suite 3.1,windows,SYNTHETIC,false,normal
exec_syn_000074,acct_demo_03,ws_production_a,dev_win_03,actor_demo_04,clean-vector-pro,3.6.0,CLEAN ART,success,,5372,2026-06-05T16:13:39.628Z,2026-06-05T16:13:45.000Z,2026-06-05T16:13:45.552Z,local_bridge,Illustrator 28.5,Operation Suite 3.1,windows,SYNTHETIC,false,normal
exec_syn_000075,acct_demo_01,ws_prepress_a,dev_win_01,actor_demo_01,sepmaker-pro,1.6.0,Apply,success,,10364,2026-06-05T16:20:38.636Z,2026-06-05T16:20:49.000Z,2026-06-05T16:20:49.965Z,local_bridge,Illustrator 28.5,Operation Suite 3.1,windows,SYNTHETIC,false,normal
exec_syn_000076,acct_demo_01,ws_prepress_b,dev_win_02,actor_demo_02,clean-vector-pro,3.6.0,CLEAN ART,success,,23749,2026-06-05T10:40:58.251Z,2026-06-05T10:41:22.000Z,2026-06-05T10:41:22.449Z,local_bridge,Illustrator 28.5,Operation Suite 3.1,windows,SYNTHETIC,true,duration_spike
exec_syn_000077,acct_demo_02,ws_finishing_a,dev_mac_01,actor_demo_03,clean-vector-pro,3.6.0,CLEAN ART,success,,2722,2026-06-05T13:13:24.278Z,2026-06-05T13:13:27.000Z,2026-06-05T13:13:28.035Z,local_bridge,Illustrator 29.0,Operation Suite 3.1,macos,SYNTHETIC,false,normal
exec_syn_000078,acct_demo_01,ws_prepress_a,dev_win_01,actor_demo_01,sepmaker-pro,1.6.0,Apply,success,,10947,2026-06-05T16:25:18.053Z,2026-06-05T16:25:29.000Z,2026-06-05T16:25:29.561Z,local_bridge,Illustrator 28.5,Operation Suite 3.1,windows,SYNTHETIC,false,normal
exec_syn_000079,acct_demo_02,ws_finishing_a,dev_mac_01,actor_demo_03,sepmaker-pro,1.6.0,Apply,success,,9796,2026-06-05T12:58:20.204Z,2026-06-05T12:58:30.000Z,2026-06-05T12:58:31.037Z,local_bridge,Illustrator 29.0,Operation Suite 3.1,macos,SYNTHETIC,false,normal
exec_syn_000080,acct_demo_02,ws_finishing_a,dev_mac_01,actor_demo_03,clean-vector-pro,3.6.0,CLEAN ART,success,,3909,2026-06-05T11:18:15.091Z,2026-06-05T11:18:19.000Z,2026-06-05T11:18:19.881Z,local_bridge,Illustrator 29.0,Operation Suite 3.1,macos,SYNTHETIC,false,normal
exec_syn_000081,acct_demo_01,ws_prepress_a,dev_win_01,actor_demo_01,clean-vector-pro,3.6.0,CLEAN ART,success,,3485,2026-06-06T11:53:24.515Z,2026-06-06T11:53:28.000Z,2026-06-06T11:53:28.590Z,local_bridge,Illustrator 28.5,Operation Suite 3.1,windows,SYNTHETIC,false,normal
exec_syn_000082,acct_demo_01,ws_prepress_a,dev_win_01,actor_demo_01,clean-vector-pro,3.6.0,CLEAN ART,success,,2852,2026-06-06T15:22:15.148Z,2026-06-06T15:22:18.000Z,2026-06-06T15:22:18.400Z,local_bridge,Illustrator 28.5,Operation Suite 3.1,windows,SYNTHETIC,false,normal
exec_syn_000083,acct_demo_01,ws_prepress_a,dev_win_01,actor_demo_01,clean-vector-pro,3.6.0,CLEAN ART,success,,4369,2026-06-06T11:35:58.631Z,2026-06-06T11:36:03.000Z,2026-06-06T11:36:04.191Z,local_bridge,Illustrator 28.5,Operation Suite 3.1,windows,SYNTHETIC,false,normal
exec_syn_000084,acct_demo_01,ws_prepress_a,dev_win_01,actor_demo_01,sepmaker-pro,1.6.0,Apply,success,,11702,2026-06-06T11:37:29.298Z,2026-06-06T11:37:41.000Z,2026-06-06T11:37:42.288Z,local_bridge,Illustrator 28.5,Operation Suite 3.1,windows,SYNTHETIC,false,normal
exec_syn_000085,acct_demo_02,ws_finishing_a,dev_mac_01,actor_demo_03,sepmaker-pro,1.6.0,Apply,success,,8370,2026-06-06T13:05:45.630Z,2026-06-06T13:05:54.000Z,2026-06-06T13:05:54.250Z,local_bridge,Illustrator 29.0,Operation Suite 3.1,macos,SYNTHETIC,false,normal
exec_syn_000086,acct_demo_02,ws_finishing_a,dev_mac_01,actor_demo_03,clean-vector-pro,3.6.0,CLEAN ART,success,,3614,2026-06-06T15:38:19.386Z,2026-06-06T15:38:23.000Z,2026-06-06T15:38:24.051Z,local_bridge,Illustrator 29.0,Operation Suite 3.1,macos,SYNTHETIC,false,normal
exec_syn_000087,acct_demo_02,ws_finishing_a,dev_mac_01,actor_demo_03,clean-vector-pro,3.6.0,CLEAN ART,success,,6354,2026-06-06T10:45:53.646Z,2026-06-06T10:46:00.000Z,2026-06-06T10:46:00.758Z,local_bridge,Illustrator 29.0,Operation Suite 3.1,macos,SYNTHETIC,false,normal
exec_syn_000088,acct_demo_01,ws_prepress_a,dev_win_01,actor_demo_01,sepmaker-pro,1.6.0,Apply,success,,8643,2026-06-06T15:03:58.357Z,2026-06-06T15:04:07.000Z,2026-06-06T15:04:07.984Z,local_bridge,Illustrator 28.5,Operation Suite 3.1,windows,SYNTHETIC,false,normal
exec_syn_000089,acct_demo_01,ws_prepress_a,dev_win_01,actor_demo_01,clean-vector-pro,3.6.0,CLEAN ART,success,,3546,2026-06-06T15:06:25.454Z,2026-06-06T15:06:29.000Z,2026-06-06T15:06:29.694Z,local_bridge,Illustrator 28.5,Operation Suite 3.1,windows,SYNTHETIC,false,normal
exec_syn_000090,acct_demo_01,ws_prepress_b,dev_win_02,actor_demo_02,clean-vector-pro,3.6.0,CLEAN ART,success,,4737,2026-06-06T12:59:03.263Z,2026-06-06T12:59:08.000Z,2026-06-06T12:59:09.389Z,local_bridge,Illustrator 28.5,Operation Suite 3.1,windows,SYNTHETIC,false,normal
exec_syn_000091,acct_demo_02,ws_finishing_a,dev_mac_01,actor_demo_03,sepmaker-pro,1.6.0,Apply,success,,9052,2026-06-06T13:22:52.948Z,2026-06-06T13:23:02.000Z,2026-06-06T13:23:02.965Z,local_bridge,Illustrator 29.0,Operation Suite 3.1,macos,SYNTHETIC,false,normal
exec_syn_000092,acct_demo_01,ws_prepress_b,dev_win_02,actor_demo_02,sepmaker-pro,1.6.0,Apply,success,,58423,2026-06-06T13:15:03.577Z,2026-06-06T13:16:02.000Z,2026-06-06T13:16:03.482Z,local_bridge,Illustrator 28.5,Operation Suite 3.1,windows,SYNTHETIC,true,duration_spike
exec_syn_000093,acct_demo_01,ws_prepress_a,dev_win_01,actor_demo_01,clean-vector-pro,3.6.0,CLEAN ART,success,,3246,2026-06-06T11:54:35.754Z,2026-06-06T11:54:39.000Z,2026-06-06T11:54:39.970Z,local_bridge,Illustrator 28.5,Operation Suite 3.1,windows,SYNTHETIC,false,normal
exec_syn_000094,acct_demo_01,ws_prepress_a,dev_win_01,actor_demo_01,sepmaker-pro,1.6.0,Apply,success,,13937,2026-06-06T11:09:52.063Z,2026-06-06T11:10:06.000Z,2026-06-06T11:10:07.023Z,local_bridge,Illustrator 28.5,Operation Suite 3.1,windows,SYNTHETIC,false,normal
exec_syn_000095,acct_demo_03,ws_production_a,dev_win_03,actor_demo_04,sepmaker-pro,1.6.0,Apply,success,,12399,2026-06-06T10:17:08.601Z,2026-06-06T10:17:21.000Z,2026-06-06T10:17:22.442Z,local_bridge,Illustrator 28.5,Operation Suite 3.1,windows,SYNTHETIC,false,normal
exec_syn_000096,acct_demo_01,ws_prepress_a,dev_win_01,actor_demo_01,sepmaker-pro,1.6.0,Apply,success,,12445,2026-06-06T14:13:40.555Z,2026-06-06T14:13:53.000Z,2026-06-06T14:13:53.349Z,local_bridge,Illustrator 28.5,Operation Suite 3.1,windows,SYNTHETIC,false,normal
exec_syn_000097,acct_demo_02,ws_finishing_a,dev_mac_01,actor_demo_03,sepmaker-pro,1.6.0,Apply,success,,9959,2026-06-07T13:27:48.041Z,2026-06-07T13:27:58.000Z,2026-06-07T13:27:58.589Z,local_bridge,Illustrator 29.0,Operation Suite 3.1,macos,SYNTHETIC,false,normal
exec_syn_000098,acct_demo_03,ws_production_a,dev_win_03,actor_demo_04,clean-vector-pro,3.6.0,CLEAN ART,success,,3626,2026-06-07T11:16:26.374Z,2026-06-07T11:16:30.000Z,2026-06-07T11:16:30.286Z,local_bridge,Illustrator 28.5,Operation Suite 3.1,windows,SYNTHETIC,false,normal
exec_syn_000099,acct_demo_01,ws_prepress_a,dev_win_01,actor_demo_01,clean-vector-pro,3.6.0,CLEAN ART,success,,4125,2026-06-07T13:03:08.875Z,2026-06-07T13:03:13.000Z,2026-06-07T13:03:14.204Z,local_bridge,Illustrator 28.5,Operation Suite 3.1,windows,SYNTHETIC,false,normal
exec_syn_000100,acct_demo_01,ws_prepress_b,dev_win_02,actor_demo_02,clean-vector-pro,3.6.0,CLEAN ART,success,,15883,2026-06-07T14:28:59.117Z,2026-06-07T14:29:15.000Z,2026-06-07T14:29:15.490Z,local_bridge,Illustrator 28.5,Operation Suite 3.1,windows,SYNTHETIC,true,duration_spike
exec_syn_000101,acct_demo_03,ws_production_a,dev_win_03,actor_demo_04,clean-vector-pro,3.6.0,CLEAN ART,success,,5663,2026-06-07T14:45:49.337Z,2026-06-07T14:45:55.000Z,2026-06-07T14:45:56.476Z,local_bridge,Illustrator 28.5,Operation Suite 3.1,windows,SYNTHETIC,false,normal
exec_syn_000102,acct_demo_01,ws_prepress_a,dev_win_01,actor_demo_01,clean-vector-pro,3.6.0,CLEAN ART,success,,17424,2026-06-07T11:50:25.576Z,2026-06-07T11:50:43.000Z,2026-06-07T11:50:43.381Z,local_bridge,Illustrator 28.5,Operation Suite 3.1,windows,SYNTHETIC,true,duration_spike
exec_syn_000103,acct_demo_01,ws_prepress_a,dev_win_01,actor_demo_01,sepmaker-pro,1.6.0,Apply,success,,14344,2026-06-07T15:50:28.656Z,2026-06-07T15:50:43.000Z,2026-06-07T15:50:43.573Z,local_bridge,Illustrator 28.5,Operation Suite 3.1,windows,SYNTHETIC,false,normal
exec_syn_000104,acct_demo_02,ws_finishing_a,dev_mac_01,actor_demo_03,clean-vector-pro,3.6.0,CLEAN ART,cancelled,ACTION_CANCELLED,1672,2026-06-07T15:56:34.328Z,2026-06-07T15:56:36.000Z,2026-06-07T15:56:36.505Z,local_bridge,Illustrator 29.0,Operation Suite 3.1,macos,SYNTHETIC,true,duration_drop
exec_syn_000105,acct_demo_01,ws_prepress_a,dev_win_01,actor_demo_01,clean-vector-pro,3.6.0,CLEAN ART,success,,3846,2026-06-07T11:37:59.154Z,2026-06-07T11:38:03.000Z,2026-06-07T11:38:03.859Z,local_bridge,Illustrator 28.5,Operation Suite 3.1,windows,SYNTHETIC,false,normal
exec_syn_000106,acct_demo_03,ws_production_a,dev_win_03,actor_demo_04,clean-vector-pro,3.6.0,CLEAN ART,success,,5577,2026-06-07T13:44:25.423Z,2026-06-07T13:44:31.000Z,2026-06-07T13:44:32.393Z,local_bridge,Illustrator 28.5,Operation Suite 3.1,windows,SYNTHETIC,false,normal
exec_syn_000107,acct_demo_02,ws_finishing_a,dev_mac_01,actor_demo_03,clean-vector-pro,3.6.0,CLEAN ART,success,,4021,2026-06-07T13:28:08.979Z,2026-06-07T13:28:13.000Z,2026-06-07T13:28:14.083Z,local_bridge,Illustrator 29.0,Operation Suite 3.1,macos,SYNTHETIC,false,normal
exec_syn_000108,acct_demo_03,ws_production_a,dev_win_03,actor_demo_04,clean-vector-pro,3.6.0,CLEAN ART,success,,6238,2026-06-07T11:56:42.762Z,2026-06-07T11:56:49.000Z,2026-06-07T11:56:49.462Z,local_bridge,Illustrator 28.5,Operation Suite 3.1,windows,SYNTHETIC,false,normal
exec_syn_000109,acct_demo_01,ws_prepress_a,dev_win_01,actor_demo_01,clean-vector-pro,3.6.0,CLEAN ART,success,,4861,2026-06-07T10:35:03.139Z,2026-06-07T10:35:08.000Z,2026-06-07T10:35:08.684Z,local_bridge,Illustrator 28.5,Operation Suite 3.1,windows,SYNTHETIC,false,normal
exec_syn_000110,acct_demo_03,ws_production_a,dev_win_03,actor_demo_04,clean-vector-pro,3.6.0,CLEAN ART,success,,2799,2026-06-07T12:36:00.201Z,2026-06-07T12:36:03.000Z,2026-06-07T12:36:03.400Z,local_bridge,Illustrator 28.5,Operation Suite 3.1,windows,SYNTHETIC,false,normal
exec_syn_000111,acct_demo_01,ws_prepress_b,dev_win_02,actor_demo_02,clean-vector-pro,3.6.0,CLEAN ART,success,,4252,2026-06-07T14:30:45.748Z,2026-06-07T14:30:50.000Z,2026-06-07T14:30:50.481Z,local_bridge,Illustrator 28.5,Operation Suite 3.1,windows,SYNTHETIC,false,normal
exec_syn_000112,acct_demo_01,ws_prepress_b,dev_win_02,actor_demo_02,clean-vector-pro,3.6.0,CLEAN ART,success,,1586,2026-06-07T12:19:27.414Z,2026-06-07T12:19:29.000Z,2026-06-07T12:19:29.403Z,local_bridge,Illustrator 28.5,Operation Suite 3.1,windows,SYNTHETIC,true,duration_drop
exec_syn_000113,acct_demo_03,ws_production_a,dev_win_03,actor_demo_04,clean-vector-pro,3.6.0,CLEAN ART,success,,8703,2026-06-08T10:42:14.297Z,2026-06-08T10:42:23.000Z,2026-06-08T10:42:23.876Z,local_bridge,Illustrator 28.5,Operation Suite 3.1,windows,SYNTHETIC,false,normal
exec_syn_000114,acct_demo_02,ws_finishing_a,dev_mac_01,actor_demo_03,sepmaker-pro,1.6.0,Apply,success,,10097,2026-06-08T09:36:06.903Z,2026-06-08T09:36:17.000Z,2026-06-08T09:36:17.741Z,local_bridge,Illustrator 29.0,Operation Suite 3.1,macos,SYNTHETIC,false,normal
exec_syn_000115,acct_demo_01,ws_prepress_a,dev_win_01,actor_demo_01,sepmaker-pro,1.6.0,Apply,success,,13131,2026-06-08T16:15:22.869Z,2026-06-08T16:15:36.000Z,2026-06-08T16:15:36.412Z,local_bridge,Illustrator 28.5,Operation Suite 3.1,windows,SYNTHETIC,false,normal
exec_syn_000116,acct_demo_03,ws_production_a,dev_win_03,actor_demo_04,sepmaker-pro,1.6.0,Apply,success,,10192,2026-06-08T17:56:08.808Z,2026-06-08T17:56:19.000Z,2026-06-08T17:56:19.693Z,local_bridge,Illustrator 28.5,Operation Suite 3.1,windows,SYNTHETIC,false,normal
exec_syn_000117,acct_demo_03,ws_production_a,dev_win_03,actor_demo_04,clean-vector-pro,3.6.0,CLEAN ART,success,,6089,2026-06-08T16:27:12.911Z,2026-06-08T16:27:19.000Z,2026-06-08T16:27:20.376Z,local_bridge,Illustrator 28.5,Operation Suite 3.1,windows,SYNTHETIC,false,normal
exec_syn_000118,acct_demo_01,ws_prepress_a,dev_win_01,actor_demo_01,sepmaker-pro,1.6.0,Apply,cancelled,ACTION_CANCELLED,11113,2026-06-08T12:38:25.887Z,2026-06-08T12:38:37.000Z,2026-06-08T12:38:37.389Z,local_bridge,Illustrator 28.5,Operation Suite 3.1,windows,SYNTHETIC,false,normal
exec_syn_000119,acct_demo_01,ws_prepress_b,dev_win_02,actor_demo_02,clean-vector-pro,3.6.0,CLEAN ART,success,,3848,2026-06-08T13:25:40.152Z,2026-06-08T13:25:44.000Z,2026-06-08T13:25:44.606Z,local_bridge,Illustrator 28.5,Operation Suite 3.1,windows,SYNTHETIC,false,normal
exec_syn_000120,acct_demo_01,ws_prepress_a,dev_win_01,actor_demo_01,clean-vector-pro,3.6.0,CLEAN ART,success,,4196,2026-06-08T09:14:42.804Z,2026-06-08T09:14:47.000Z,2026-06-08T09:14:48.348Z,local_bridge,Illustrator 28.5,Operation Suite 3.1,windows,SYNTHETIC,false,normal
exec_syn_000121,acct_demo_02,ws_finishing_a,dev_mac_01,actor_demo_03,clean-vector-pro,3.6.0,CLEAN ART,success,,3858,2026-06-08T13:54:58.142Z,2026-06-08T13:55:02.000Z,2026-06-08T13:55:02.999Z,local_bridge,Illustrator 29.0,Operation Suite 3.1,macos,SYNTHETIC,false,normal
exec_syn_000122,acct_demo_01,ws_prepress_a,dev_win_01,actor_demo_01,sepmaker-pro,1.6.0,Apply,success,,47031,2026-06-08T15:30:56.969Z,2026-06-08T15:31:44.000Z,2026-06-08T15:31:44.570Z,local_bridge,Illustrator 28.5,Operation Suite 3.1,windows,SYNTHETIC,true,duration_spike
exec_syn_000123,acct_demo_02,ws_finishing_a,dev_mac_01,actor_demo_03,clean-vector-pro,3.6.0,CLEAN ART,success,,3964,2026-06-08T12:49:08.036Z,2026-06-08T12:49:12.000Z,2026-06-08T12:49:13.359Z,local_bridge,Illustrator 29.0,Operation Suite 3.1,macos,SYNTHETIC,false,normal
exec_syn_000124,acct_demo_03,ws_production_a,dev_win_03,actor_demo_04,sepmaker-pro,1.6.0,Apply,success,,11361,2026-06-08T16:41:03.639Z,2026-06-08T16:41:15.000Z,2026-06-08T16:41:15.355Z,local_bridge,Illustrator 28.5,Operation Suite 3.1,windows,SYNTHETIC,false,normal
exec_syn_000125,acct_demo_03,ws_production_a,dev_win_03,actor_demo_04,sepmaker-pro,1.6.0,Apply,failure,HOST_UNAVAILABLE,14127,2026-06-08T15:51:45.873Z,2026-06-08T15:52:00.000Z,2026-06-08T15:52:00.651Z,local_bridge,Illustrator 28.5,Operation Suite 3.1,windows,SYNTHETIC,false,normal
exec_syn_000126,acct_demo_03,ws_production_a,dev_win_03,actor_demo_04,clean-vector-pro,3.6.0,CLEAN ART,success,,6749,2026-06-08T12:20:08.251Z,2026-06-08T12:20:15.000Z,2026-06-08T12:20:15.704Z,local_bridge,Illustrator 28.5,Operation Suite 3.1,windows,SYNTHETIC,false,normal
exec_syn_000127,acct_demo_03,ws_production_a,dev_win_03,actor_demo_04,clean-vector-pro,3.6.0,CLEAN ART,success,,5254,2026-06-08T09:40:24.746Z,2026-06-08T09:40:30.000Z,2026-06-08T09:40:31.231Z,local_bridge,Illustrator 28.5,Operation Suite 3.1,windows,SYNTHETIC,false,normal
exec_syn_000128,acct_demo_03,ws_production_a,dev_win_03,actor_demo_04,clean-vector-pro,3.6.0,CLEAN ART,success,,4202,2026-06-08T15:36:38.798Z,2026-06-08T15:36:43.000Z,2026-06-08T15:36:43.707Z,local_bridge,Illustrator 28.5,Operation Suite 3.1,windows,SYNTHETIC,false,normal
exec_syn_000129,acct_demo_02,ws_finishing_a,dev_mac_01,actor_demo_03,sepmaker-pro,1.6.0,Apply,success,,7853,2026-06-09T17:37:58.147Z,2026-06-09T17:38:06.000Z,2026-06-09T17:38:07.330Z,local_bridge,Illustrator 29.0,Operation Suite 3.1,macos,SYNTHETIC,false,normal
exec_syn_000130,acct_demo_03,ws_production_a,dev_win_03,actor_demo_04,sepmaker-pro,1.6.0,Apply,success,,14405,2026-06-09T14:59:48.595Z,2026-06-09T15:00:03.000Z,2026-06-09T15:00:04.467Z,local_bridge,Illustrator 28.5,Operation Suite 3.1,windows,SYNTHETIC,false,normal
exec_syn_000131,acct_demo_02,ws_finishing_a,dev_mac_01,actor_demo_03,sepmaker-pro,1.6.0,Apply,success,,11054,2026-06-09T13:37:35.946Z,2026-06-09T13:37:47.000Z,2026-06-09T13:37:47.255Z,local_bridge,Illustrator 29.0,Operation Suite 3.1,macos,SYNTHETIC,false,normal
exec_syn_000132,acct_demo_01,ws_prepress_b,dev_win_02,actor_demo_02,clean-vector-pro,3.6.0,CLEAN ART,success,,3903,2026-06-09T10:34:20.097Z,2026-06-09T10:34:24.000Z,2026-06-09T10:34:24.631Z,local_bridge,Illustrator 28.5,Operation Suite 3.1,windows,SYNTHETIC,false,normal
exec_syn_000133,acct_demo_01,ws_prepress_b,dev_win_02,actor_demo_02,clean-vector-pro,3.6.0,CLEAN ART,success,,3040,2026-06-09T17:36:35.960Z,2026-06-09T17:36:39.000Z,2026-06-09T17:36:39.417Z,local_bridge,Illustrator 28.5,Operation Suite 3.1,windows,SYNTHETIC,false,normal
exec_syn_000134,acct_demo_03,ws_production_a,dev_win_03,actor_demo_04,sepmaker-pro,1.6.0,Apply,success,,14754,2026-06-09T15:50:13.246Z,2026-06-09T15:50:28.000Z,2026-06-09T15:50:29.131Z,local_bridge,Illustrator 28.5,Operation Suite 3.1,windows,SYNTHETIC,false,normal
exec_syn_000135,acct_demo_03,ws_production_a,dev_win_03,actor_demo_04,sepmaker-pro,1.6.0,Apply,success,,11369,2026-06-09T15:14:35.631Z,2026-06-09T15:14:47.000Z,2026-06-09T15:14:47.321Z,local_bridge,Illustrator 28.5,Operation Suite 3.1,windows,SYNTHETIC,false,normal
exec_syn_000136,acct_demo_01,ws_prepress_b,dev_win_02,actor_demo_02,clean-vector-pro,3.6.0,CLEAN ART,failure,DOCUMENT_UNAVAILABLE,6224,2026-06-09T09:28:00.776Z,2026-06-09T09:28:07.000Z,2026-06-09T09:28:07.769Z,local_bridge,Illustrator 28.5,Operation Suite 3.1,windows,SYNTHETIC,false,normal
exec_syn_000137,acct_demo_02,ws_finishing_a,dev_mac_01,actor_demo_03,sepmaker-pro,1.6.0,Apply,success,,9122,2026-06-09T09:18:13.878Z,2026-06-09T09:18:23.000Z,2026-06-09T09:18:24.304Z,local_bridge,Illustrator 29.0,Operation Suite 3.1,macos,SYNTHETIC,false,normal
exec_syn_000138,acct_demo_01,ws_prepress_a,dev_win_01,actor_demo_01,clean-vector-pro,3.6.0,CLEAN ART,success,,3978,2026-06-09T13:14:16.022Z,2026-06-09T13:14:20.000Z,2026-06-09T13:14:21.408Z,local_bridge,Illustrator 28.5,Operation Suite 3.1,windows,SYNTHETIC,false,normal
exec_syn_000139,acct_demo_01,ws_prepress_b,dev_win_02,actor_demo_02,clean-vector-pro,3.6.0,CLEAN ART,success,,5919,2026-06-09T16:10:14.081Z,2026-06-09T16:10:20.000Z,2026-06-09T16:10:20.731Z,local_bridge,Illustrator 28.5,Operation Suite 3.1,windows,SYNTHETIC,false,normal
exec_syn_000140,acct_demo_02,ws_finishing_a,dev_mac_01,actor_demo_03,clean-vector-pro,3.6.0,CLEAN ART,success,,3992,2026-06-09T17:56:36.008Z,2026-06-09T17:56:40.000Z,2026-06-09T17:56:40.561Z,local_bridge,Illustrator 29.0,Operation Suite 3.1,macos,SYNTHETIC,false,normal
exec_syn_000141,acct_demo_01,ws_prepress_b,dev_win_02,actor_demo_02,sepmaker-pro,1.6.0,Apply,failure,PROCESSING_FAILED,13218,2026-06-09T08:12:17.782Z,2026-06-09T08:12:31.000Z,2026-06-09T08:12:31.521Z,local_bridge,Illustrator 28.5,Operation Suite 3.1,windows,SYNTHETIC,false,normal
exec_syn_000142,acct_demo_03,ws_production_a,dev_win_03,actor_demo_04,sepmaker-pro,1.6.0,Apply,success,,12673,2026-06-09T17:24:16.327Z,2026-06-09T17:24:29.000Z,2026-06-09T17:24:30.346Z,local_bridge,Illustrator 28.5,Operation Suite 3.1,windows,SYNTHETIC,false,normal
exec_syn_000143,acct_demo_02,ws_finishing_a,dev_mac_01,actor_demo_03,clean-vector-pro,3.6.0,CLEAN ART,success,,4005,2026-06-09T15:43:51.995Z,2026-06-09T15:43:56.000Z,2026-06-09T15:43:56.854Z,local_bridge,Illustrator 29.0,Operation Suite 3.1,macos,SYNTHETIC,false,normal
exec_syn_000144,acct_demo_03,ws_production_a,dev_win_03,actor_demo_04,sepmaker-pro,1.6.0,Apply,success,,17438,2026-06-09T15:33:05.562Z,2026-06-09T15:33:23.000Z,2026-06-09T15:33:23.397Z,local_bridge,Illustrator 28.5,Operation Suite 3.1,windows,SYNTHETIC,false,normal
exec_syn_000145,acct_demo_01,ws_prepress_a,dev_win_01,actor_demo_01,sepmaker-pro,1.6.0,Apply,failure,VALIDATION_FAILED,13463,2026-06-10T16:10:14.537Z,2026-06-10T16:10:28.000Z,2026-06-10T16:10:29.035Z,local_bridge,Illustrator 28.5,Operation Suite 3.1,windows,SYNTHETIC,false,normal
exec_syn_000146,acct_demo_01,ws_prepress_a,dev_win_01,actor_demo_01,sepmaker-pro,1.6.0,Apply,failure,HOST_UNAVAILABLE,28876,2026-06-10T17:54:45.124Z,2026-06-10T17:55:14.000Z,2026-06-10T17:55:14.538Z,local_bridge,Illustrator 28.5,Operation Suite 3.1,windows,SYNTHETIC,true,duration_spike
exec_syn_000147,acct_demo_02,ws_finishing_a,dev_mac_01,actor_demo_03,sepmaker-pro,1.6.0,Apply,success,,13136,2026-06-10T14:07:30.864Z,2026-06-10T14:07:44.000Z,2026-06-10T14:07:44.417Z,local_bridge,Illustrator 29.0,Operation Suite 3.1,macos,SYNTHETIC,false,normal
exec_syn_000148,acct_demo_01,ws_prepress_b,dev_win_02,actor_demo_02,sepmaker-pro,1.6.0,Apply,success,,11417,2026-06-10T17:52:25.583Z,2026-06-10T17:52:37.000Z,2026-06-10T17:52:38.204Z,local_bridge,Illustrator 28.5,Operation Suite 3.1,windows,SYNTHETIC,false,normal
exec_syn_000149,acct_demo_02,ws_finishing_a,dev_mac_01,actor_demo_03,sepmaker-pro,1.6.0,Apply,success,,10881,2026-06-10T12:51:05.119Z,2026-06-10T12:51:16.000Z,2026-06-10T12:51:16.754Z,local_bridge,Illustrator 29.0,Operation Suite 3.1,macos,SYNTHETIC,false,normal
exec_syn_000150,acct_demo_01,ws_prepress_a,dev_win_01,actor_demo_01,sepmaker-pro,1.6.0,Apply,success,,9414,2026-06-10T14:35:42.586Z,2026-06-10T14:35:52.000Z,2026-06-10T14:35:52.615Z,local_bridge,Illustrator 28.5,Operation Suite 3.1,windows,SYNTHETIC,false,normal
exec_syn_000151,acct_demo_02,ws_finishing_a,dev_mac_01,actor_demo_03,sepmaker-pro,1.6.0,Apply,success,,11713,2026-06-10T11:37:57.287Z,2026-06-10T11:38:09.000Z,2026-06-10T11:38:10.107Z,local_bridge,Illustrator 29.0,Operation Suite 3.1,macos,SYNTHETIC,false,normal
exec_syn_000152,acct_demo_01,ws_prepress_a,dev_win_01,actor_demo_01,clean-vector-pro,3.6.0,CLEAN ART,success,,3995,2026-06-10T15:30:54.005Z,2026-06-10T15:30:58.000Z,2026-06-10T15:30:58.387Z,local_bridge,Illustrator 28.5,Operation Suite 3.1,windows,SYNTHETIC,false,normal
exec_syn_000153,acct_demo_01,ws_prepress_b,dev_win_02,actor_demo_02,sepmaker-pro,1.6.0,Apply,failure,PROCESSING_FAILED,11764,2026-06-10T16:03:21.236Z,2026-06-10T16:03:33.000Z,2026-06-10T16:03:33.822Z,local_bridge,Illustrator 28.5,Operation Suite 3.1,windows,SYNTHETIC,false,normal
exec_syn_000154,acct_demo_01,ws_prepress_b,dev_win_02,actor_demo_02,sepmaker-pro,1.6.0,Apply,success,,13617,2026-06-10T09:59:04.383Z,2026-06-10T09:59:18.000Z,2026-06-10T09:59:18.616Z,local_bridge,Illustrator 28.5,Operation Suite 3.1,windows,SYNTHETIC,false,normal
exec_syn_000155,acct_demo_01,ws_prepress_a,dev_win_01,actor_demo_01,sepmaker-pro,1.6.0,Apply,failure,PROCESSING_FAILED,14012,2026-06-10T16:46:52.988Z,2026-06-10T16:47:07.000Z,2026-06-10T16:47:07.446Z,local_bridge,Illustrator 28.5,Operation Suite 3.1,windows,SYNTHETIC,false,normal
exec_syn_000156,acct_demo_02,ws_finishing_a,dev_mac_01,actor_demo_03,sepmaker-pro,1.6.0,Apply,success,,16736,2026-06-10T12:25:14.264Z,2026-06-10T12:25:31.000Z,2026-06-10T12:25:32.486Z,local_bridge,Illustrator 29.0,Operation Suite 3.1,macos,SYNTHETIC,false,normal
exec_syn_000157,acct_demo_01,ws_prepress_b,dev_win_02,actor_demo_02,sepmaker-pro,1.6.0,Apply,failure,PROCESSING_FAILED,8222,2026-06-10T15:54:26.778Z,2026-06-10T15:54:35.000Z,2026-06-10T15:54:36.131Z,local_bridge,Illustrator 28.5,Operation Suite 3.1,windows,SYNTHETIC,false,normal
exec_syn_000158,acct_demo_01,ws_prepress_a,dev_win_01,actor_demo_01,sepmaker-pro,1.6.0,Apply,success,,13841,2026-06-10T09:48:34.159Z,2026-06-10T09:48:48.000Z,2026-06-10T09:48:49.236Z,local_bridge,Illustrator 28.5,Operation Suite 3.1,windows,SYNTHETIC,false,normal
exec_syn_000159,acct_demo_02,ws_finishing_a,dev_mac_01,actor_demo_03,sepmaker-pro,1.6.0,Apply,success,,13038,2026-06-10T12:01:34.962Z,2026-06-10T12:01:48.000Z,2026-06-10T12:01:49.478Z,local_bridge,Illustrator 29.0,Operation Suite 3.1,macos,SYNTHETIC,false,normal
exec_syn_000160,acct_demo_01,ws_prepress_a,dev_win_01,actor_demo_01,sepmaker-pro,1.6.0,Apply,success,,10456,2026-06-10T14:09:32.544Z,2026-06-10T14:09:43.000Z,2026-06-10T14:09:43.291Z,local_bridge,Illustrator 28.5,Operation Suite 3.1,windows,SYNTHETIC,false,normal
exec_syn_000161,acct_demo_03,ws_production_a,dev_win_03,actor_demo_04,clean-vector-pro,3.6.0,CLEAN ART,success,,5693,2026-06-11T17:32:23.307Z,2026-06-11T17:32:29.000Z,2026-06-11T17:32:30.015Z,local_bridge,Illustrator 28.5,Operation Suite 3.1,windows,SYNTHETIC,false,normal
exec_syn_000162,acct_demo_01,ws_prepress_a,dev_win_01,actor_demo_01,clean-vector-pro,3.6.0,CLEAN ART,success,,5749,2026-06-11T13:42:35.251Z,2026-06-11T13:42:41.000Z,2026-06-11T13:42:42.457Z,local_bridge,Illustrator 28.5,Operation Suite 3.1,windows,SYNTHETIC,false,normal
exec_syn_000163,acct_demo_03,ws_production_a,dev_win_03,actor_demo_04,clean-vector-pro,3.6.0,CLEAN ART,success,,4468,2026-06-11T11:40:26.532Z,2026-06-11T11:40:31.000Z,2026-06-11T11:40:32.013Z,local_bridge,Illustrator 28.5,Operation Suite 3.1,windows,SYNTHETIC,false,normal
exec_syn_000164,acct_demo_01,ws_prepress_a,dev_win_01,actor_demo_01,sepmaker-pro,1.6.0,Apply,success,,8024,2026-06-11T10:23:43.976Z,2026-06-11T10:23:52.000Z,2026-06-11T10:23:52.697Z,local_bridge,Illustrator 28.5,Operation Suite 3.1,windows,SYNTHETIC,false,normal
exec_syn_000165,acct_demo_01,ws_prepress_b,dev_win_02,actor_demo_02,clean-vector-pro,3.6.0,CLEAN ART,success,,3605,2026-06-11T11:33:53.395Z,2026-06-11T11:33:57.000Z,2026-06-11T11:33:57.322Z,local_bridge,Illustrator 28.5,Operation Suite 3.1,windows,SYNTHETIC,false,normal
exec_syn_000166,acct_demo_01,ws_prepress_a,dev_win_01,actor_demo_01,sepmaker-pro,1.6.0,Apply,success,,10302,2026-06-11T15:16:36.698Z,2026-06-11T15:16:47.000Z,2026-06-11T15:16:47.508Z,local_bridge,Illustrator 28.5,Operation Suite 3.1,windows,SYNTHETIC,false,normal
exec_syn_000167,acct_demo_01,ws_prepress_a,dev_win_01,actor_demo_01,sepmaker-pro,1.6.0,Apply,success,,11453,2026-06-11T12:57:23.547Z,2026-06-11T12:57:35.000Z,2026-06-11T12:57:35.661Z,local_bridge,Illustrator 28.5,Operation Suite 3.1,windows,SYNTHETIC,false,normal
exec_syn_000168,acct_demo_03,ws_production_a,dev_win_03,actor_demo_04,sepmaker-pro,1.6.0,Apply,failure,PROCESSING_FAILED,16900,2026-06-11T12:36:45.100Z,2026-06-11T12:37:02.000Z,2026-06-11T12:37:02.651Z,local_bridge,Illustrator 28.5,Operation Suite 3.1,windows,SYNTHETIC,false,normal
exec_syn_000169,acct_demo_02,ws_finishing_a,dev_mac_01,actor_demo_03,sepmaker-pro,1.6.0,Apply,success,,6125,2026-06-11T13:38:27.875Z,2026-06-11T13:38:34.000Z,2026-06-11T13:38:35.205Z,local_bridge,Illustrator 29.0,Operation Suite 3.1,macos,SYNTHETIC,false,normal
exec_syn_000170,acct_demo_01,ws_prepress_a,dev_win_01,actor_demo_01,clean-vector-pro,3.6.0,CLEAN ART,success,,5357,2026-06-11T10:01:00.643Z,2026-06-11T10:01:06.000Z,2026-06-11T10:01:06.855Z,local_bridge,Illustrator 28.5,Operation Suite 3.1,windows,SYNTHETIC,false,normal
exec_syn_000171,acct_demo_02,ws_finishing_a,dev_mac_01,actor_demo_03,sepmaker-pro,1.6.0,Apply,success,,12822,2026-06-11T17:15:53.178Z,2026-06-11T17:16:06.000Z,2026-06-11T17:16:07.004Z,local_bridge,Illustrator 29.0,Operation Suite 3.1,macos,SYNTHETIC,false,normal
exec_syn_000172,acct_demo_02,ws_finishing_a,dev_mac_01,actor_demo_03,clean-vector-pro,3.6.0,CLEAN ART,success,,4358,2026-06-11T12:59:17.642Z,2026-06-11T12:59:22.000Z,2026-06-11T12:59:22.467Z,local_bridge,Illustrator 29.0,Operation Suite 3.1,macos,SYNTHETIC,false,normal
exec_syn_000173,acct_demo_02,ws_finishing_a,dev_mac_01,actor_demo_03,clean-vector-pro,3.6.0,CLEAN ART,success,,4371,2026-06-11T08:49:10.629Z,2026-06-11T08:49:15.000Z,2026-06-11T08:49:15.729Z,local_bridge,Illustrator 29.0,Operation Suite 3.1,macos,SYNTHETIC,false,normal
exec_syn_000174,acct_demo_02,ws_finishing_a,dev_mac_01,actor_demo_03,sepmaker-pro,1.6.0,Apply,success,,10947,2026-06-11T08:40:11.053Z,2026-06-11T08:40:22.000Z,2026-06-11T08:40:23.339Z,local_bridge,Illustrator 29.0,Operation Suite 3.1,macos,SYNTHETIC,false,normal
exec_syn_000175,acct_demo_01,ws_prepress_a,dev_win_01,actor_demo_01,sepmaker-pro,1.6.0,Apply,success,,11404,2026-06-11T08:36:12.596Z,2026-06-11T08:36:24.000Z,2026-06-11T08:36:25.386Z,local_bridge,Illustrator 28.5,Operation Suite 3.1,windows,SYNTHETIC,false,normal
exec_syn_000176,acct_demo_03,ws_production_a,dev_win_03,actor_demo_04,sepmaker-pro,1.6.0,Apply,success,,12183,2026-06-11T13:02:26.817Z,2026-06-11T13:02:39.000Z,2026-06-11T13:02:39.318Z,local_bridge,Illustrator 28.5,Operation Suite 3.1,windows,SYNTHETIC,false,normal
exec_syn_000177,acct_demo_03,ws_production_a,dev_win_03,actor_demo_04,sepmaker-pro,1.6.0,Apply,success,,13003,2026-06-12T17:48:27.997Z,2026-06-12T17:48:41.000Z,2026-06-12T17:48:41.268Z,local_bridge,Illustrator 28.5,Operation Suite 3.1,windows,SYNTHETIC,false,normal
exec_syn_000178,acct_demo_02,ws_finishing_a,dev_mac_01,actor_demo_03,sepmaker-pro,1.6.0,Apply,success,,8440,2026-06-12T11:31:54.560Z,2026-06-12T11:32:03.000Z,2026-06-12T11:32:04.127Z,local_bridge,Illustrator 29.0,Operation Suite 3.1,macos,SYNTHETIC,false,normal
exec_syn_000179,acct_demo_01,ws_prepress_a,dev_win_01,actor_demo_01,clean-vector-pro,3.6.0,CLEAN ART,success,,5312,2026-06-12T12:26:43.688Z,2026-06-12T12:26:49.000Z,2026-06-12T12:26:50.105Z,local_bridge,Illustrator 28.5,Operation Suite 3.1,windows,SYNTHETIC,false,normal
exec_syn_000180,acct_demo_02,ws_finishing_a,dev_mac_01,actor_demo_03,sepmaker-pro,1.6.0,Apply,success,,14437,2026-06-12T12:41:32.563Z,2026-06-12T12:41:47.000Z,2026-06-12T12:41:47.542Z,local_bridge,Illustrator 29.0,Operation Suite 3.1,macos,SYNTHETIC,false,normal
exec_syn_000181,acct_demo_03,ws_production_a,dev_win_03,actor_demo_04,clean-vector-pro,3.6.0,CLEAN ART,success,,5779,2026-06-12T16:59:28.221Z,2026-06-12T16:59:34.000Z,2026-06-12T16:59:34.490Z,local_bridge,Illustrator 28.5,Operation Suite 3.1,windows,SYNTHETIC,false,normal
exec_syn_000182,acct_demo_02,ws_finishing_a,dev_mac_01,actor_demo_03,sepmaker-pro,1.6.0,Apply,success,,12503,2026-06-12T14:52:43.497Z,2026-06-12T14:52:56.000Z,2026-06-12T14:52:56.547Z,local_bridge,Illustrator 29.0,Operation Suite 3.1,macos,SYNTHETIC,false,normal
exec_syn_000183,acct_demo_01,ws_prepress_a,dev_win_01,actor_demo_01,sepmaker-pro,1.6.0,Apply,success,,10765,2026-06-12T14:55:09.235Z,2026-06-12T14:55:20.000Z,2026-06-12T14:55:20.946Z,local_bridge,Illustrator 28.5,Operation Suite 3.1,windows,SYNTHETIC,false,normal
exec_syn_000184,acct_demo_02,ws_finishing_a,dev_mac_01,actor_demo_03,sepmaker-pro,1.6.0,Apply,success,,12163,2026-06-12T10:54:03.837Z,2026-06-12T10:54:16.000Z,2026-06-12T10:54:17.478Z,local_bridge,Illustrator 29.0,Operation Suite 3.1,macos,SYNTHETIC,false,normal
exec_syn_000185,acct_demo_02,ws_finishing_a,dev_mac_01,actor_demo_03,clean-vector-pro,3.6.0,CLEAN ART,success,,3403,2026-06-12T12:04:17.597Z,2026-06-12T12:04:21.000Z,2026-06-12T12:04:21.891Z,local_bridge,Illustrator 29.0,Operation Suite 3.1,macos,SYNTHETIC,false,normal
exec_syn_000186,acct_demo_02,ws_finishing_a,dev_mac_01,actor_demo_03,clean-vector-pro,3.6.0,CLEAN ART,success,,3321,2026-06-12T12:19:23.679Z,2026-06-12T12:19:27.000Z,2026-06-12T12:19:27.709Z,local_bridge,Illustrator 29.0,Operation Suite 3.1,macos,SYNTHETIC,false,normal
exec_syn_000187,acct_demo_01,ws_prepress_b,dev_win_02,actor_demo_02,sepmaker-pro,1.6.0,Apply,success,,37042,2026-06-12T13:54:06.958Z,2026-06-12T13:54:44.000Z,2026-06-12T13:54:44.493Z,local_bridge,Illustrator 28.5,Operation Suite 3.1,windows,SYNTHETIC,true,duration_spike
exec_syn_000188,acct_demo_01,ws_prepress_a,dev_win_01,actor_demo_01,sepmaker-pro,1.6.0,Apply,success,,12861,2026-06-12T11:13:50.139Z,2026-06-12T11:14:03.000Z,2026-06-12T11:14:03.689Z,local_bridge,Illustrator 28.5,Operation Suite 3.1,windows,SYNTHETIC,false,normal
exec_syn_000189,acct_demo_03,ws_production_a,dev_win_03,actor_demo_04,sepmaker-pro,1.6.0,Apply,success,,14517,2026-06-12T16:26:49.483Z,2026-06-12T16:27:04.000Z,2026-06-12T16:27:05.206Z,local_bridge,Illustrator 28.5,Operation Suite 3.1,windows,SYNTHETIC,false,normal
exec_syn_000190,acct_demo_02,ws_finishing_a,dev_mac_01,actor_demo_03,sepmaker-pro,1.6.0,Apply,success,,12752,2026-06-12T08:46:56.248Z,2026-06-12T08:47:09.000Z,2026-06-12T08:47:09.293Z,local_bridge,Illustrator 29.0,Operation Suite 3.1,macos,SYNTHETIC,false,normal
exec_syn_000191,acct_demo_02,ws_finishing_a,dev_mac_01,actor_demo_03,clean-vector-pro,3.6.0,CLEAN ART,success,,4240,2026-06-12T14:24:10.760Z,2026-06-12T14:24:15.000Z,2026-06-12T14:24:16.360Z,local_bridge,Illustrator 29.0,Operation Suite 3.1,macos,SYNTHETIC,false,normal
exec_syn_000192,acct_demo_02,ws_finishing_a,dev_mac_01,actor_demo_03,clean-vector-pro,3.6.0,CLEAN ART,success,,3458,2026-06-12T10:30:00.542Z,2026-06-12T10:30:04.000Z,2026-06-12T10:30:05.486Z,local_bridge,Illustrator 29.0,Operation Suite 3.1,macos,SYNTHETIC,false,normal
exec_syn_000193,acct_demo_02,ws_finishing_a,dev_mac_01,actor_demo_03,clean-vector-pro,3.6.0,CLEAN ART,success,,4012,2026-06-13T11:41:08.988Z,2026-06-13T11:41:13.000Z,2026-06-13T11:41:14.003Z,local_bridge,Illustrator 29.0,Operation Suite 3.1,macos,SYNTHETIC,false,normal
exec_syn_000194,acct_demo_03,ws_production_a,dev_win_03,actor_demo_04,clean-vector-pro,3.6.0,CLEAN ART,failure,VALIDATION_FAILED,4789,2026-06-13T12:24:27.211Z,2026-06-13T12:24:32.000Z,2026-06-13T12:24:32.337Z,local_bridge,Illustrator 28.5,Operation Suite 3.1,windows,SYNTHETIC,false,normal
exec_syn_000195,acct_demo_02,ws_finishing_a,dev_mac_01,actor_demo_03,clean-vector-pro,3.6.0,CLEAN ART,success,,3420,2026-06-13T15:47:59.580Z,2026-06-13T15:48:03.000Z,2026-06-13T15:48:03.846Z,local_bridge,Illustrator 29.0,Operation Suite 3.1,macos,SYNTHETIC,false,normal
exec_syn_000196,acct_demo_01,ws_prepress_b,dev_win_02,actor_demo_02,clean-vector-pro,3.6.0,CLEAN ART,success,,5586,2026-06-13T10:13:33.414Z,2026-06-13T10:13:39.000Z,2026-06-13T10:13:40.080Z,local_bridge,Illustrator 28.5,Operation Suite 3.1,windows,SYNTHETIC,false,normal
exec_syn_000197,acct_demo_02,ws_finishing_a,dev_mac_01,actor_demo_03,sepmaker-pro,1.6.0,Apply,success,,12283,2026-06-13T10:33:18.717Z,2026-06-13T10:33:31.000Z,2026-06-13T10:33:32.358Z,local_bridge,Illustrator 29.0,Operation Suite 3.1,macos,SYNTHETIC,false,normal
exec_syn_000198,acct_demo_01,ws_prepress_b,dev_win_02,actor_demo_02,sepmaker-pro,1.6.0,Apply,success,,8239,2026-06-13T15:02:29.761Z,2026-06-13T15:02:38.000Z,2026-06-13T15:02:38.791Z,local_bridge,Illustrator 28.5,Operation Suite 3.1,windows,SYNTHETIC,false,normal
exec_syn_000199,acct_demo_03,ws_production_a,dev_win_03,actor_demo_04,clean-vector-pro,3.6.0,CLEAN ART,cancelled,ACTION_CANCELLED,4351,2026-06-13T12:46:00.649Z,2026-06-13T12:46:05.000Z,2026-06-13T12:46:06.287Z,local_bridge,Illustrator 28.5,Operation Suite 3.1,windows,SYNTHETIC,false,normal
exec_syn_000200,acct_demo_03,ws_production_a,dev_win_03,actor_demo_04,sepmaker-pro,1.6.0,Apply,success,,14463,2026-06-13T10:45:34.537Z,2026-06-13T10:45:49.000Z,2026-06-13T10:45:49.711Z,local_bridge,Illustrator 28.5,Operation Suite 3.1,windows,SYNTHETIC,false,normal
exec_syn_000201,acct_demo_01,ws_prepress_a,dev_win_01,actor_demo_01,sepmaker-pro,1.6.0,Apply,success,,8620,2026-06-13T12:53:26.380Z,2026-06-13T12:53:35.000Z,2026-06-13T12:53:35.649Z,local_bridge,Illustrator 28.5,Operation Suite 3.1,windows,SYNTHETIC,false,normal
exec_syn_000202,acct_demo_03,ws_production_a,dev_win_03,actor_demo_04,sepmaker-pro,1.6.0,Apply,success,,15323,2026-06-13T10:32:23.677Z,2026-06-13T10:32:39.000Z,2026-06-13T10:32:39.658Z,local_bridge,Illustrator 28.5,Operation Suite 3.1,windows,SYNTHETIC,false,normal
exec_syn_000203,acct_demo_01,ws_prepress_b,dev_win_02,actor_demo_02,clean-vector-pro,3.6.0,CLEAN ART,success,,20868,2026-06-13T13:23:55.132Z,2026-06-13T13:24:16.000Z,2026-06-13T13:24:17.366Z,local_bridge,Illustrator 28.5,Operation Suite 3.1,windows,SYNTHETIC,true,duration_spike
exec_syn_000204,acct_demo_01,ws_prepress_a,dev_win_01,actor_demo_01,clean-vector-pro,3.6.0,CLEAN ART,success,,5636,2026-06-13T13:39:59.364Z,2026-06-13T13:40:05.000Z,2026-06-13T13:40:05.942Z,local_bridge,Illustrator 28.5,Operation Suite 3.1,windows,SYNTHETIC,false,normal
exec_syn_000205,acct_demo_01,ws_prepress_a,dev_win_01,actor_demo_01,clean-vector-pro,3.6.0,CLEAN ART,success,,5892,2026-06-13T10:40:24.108Z,2026-06-13T10:40:30.000Z,2026-06-13T10:40:31.148Z,local_bridge,Illustrator 28.5,Operation Suite 3.1,windows,SYNTHETIC,false,normal
exec_syn_000206,acct_demo_03,ws_production_a,dev_win_03,actor_demo_04,clean-vector-pro,3.6.0,CLEAN ART,success,,4138,2026-06-13T10:02:38.862Z,2026-06-13T10:02:43.000Z,2026-06-13T10:02:43.770Z,local_bridge,Illustrator 28.5,Operation Suite 3.1,windows,SYNTHETIC,false,normal
exec_syn_000207,acct_demo_02,ws_finishing_a,dev_mac_01,actor_demo_03,clean-vector-pro,3.6.0,CLEAN ART,success,,4252,2026-06-13T13:47:15.748Z,2026-06-13T13:47:20.000Z,2026-06-13T13:47:20.796Z,local_bridge,Illustrator 29.0,Operation Suite 3.1,macos,SYNTHETIC,false,normal
exec_syn_000208,acct_demo_01,ws_prepress_b,dev_win_02,actor_demo_02,sepmaker-pro,1.6.0,Apply,success,,9980,2026-06-13T12:18:34.020Z,2026-06-13T12:18:44.000Z,2026-06-13T12:18:45.221Z,local_bridge,Illustrator 28.5,Operation Suite 3.1,windows,SYNTHETIC,false,normal
exec_syn_000209,acct_demo_01,ws_prepress_a,dev_win_01,actor_demo_01,sepmaker-pro,1.6.0,Apply,success,,9078,2026-06-14T15:05:34.922Z,2026-06-14T15:05:44.000Z,2026-06-14T15:05:45.050Z,local_bridge,Illustrator 28.5,Operation Suite 3.1,windows,SYNTHETIC,false,normal
exec_syn_000210,acct_demo_01,ws_prepress_a,dev_win_01,actor_demo_01,sepmaker-pro,1.6.0,Apply,success,,11608,2026-06-14T15:48:49.392Z,2026-06-14T15:49:01.000Z,2026-06-14T15:49:01.942Z,local_bridge,Illustrator 28.5,Operation Suite 3.1,windows,SYNTHETIC,false,normal
exec_syn_000211,acct_demo_01,ws_prepress_b,dev_win_02,actor_demo_02,sepmaker-pro,1.6.0,Apply,success,,9441,2026-06-14T14:55:27.559Z,2026-06-14T14:55:37.000Z,2026-06-14T14:55:38.105Z,local_bridge,Illustrator 28.5,Operation Suite 3.1,windows,SYNTHETIC,false,normal
exec_syn_000212,acct_demo_01,ws_prepress_a,dev_win_01,actor_demo_01,sepmaker-pro,1.6.0,Apply,success,,9577,2026-06-14T11:43:38.423Z,2026-06-14T11:43:48.000Z,2026-06-14T11:43:48.622Z,local_bridge,Illustrator 28.5,Operation Suite 3.1,windows,SYNTHETIC,false,normal
exec_syn_000213,acct_demo_01,ws_prepress_b,dev_win_02,actor_demo_02,sepmaker-pro,1.6.0,Apply,success,,12569,2026-06-14T14:39:27.431Z,2026-06-14T14:39:40.000Z,2026-06-14T14:39:41.011Z,local_bridge,Illustrator 28.5,Operation Suite 3.1,windows,SYNTHETIC,false,normal
exec_syn_000214,acct_demo_03,ws_production_a,dev_win_03,actor_demo_04,clean-vector-pro,3.6.0,CLEAN ART,success,,3988,2026-06-14T12:28:08.012Z,2026-06-14T12:28:12.000Z,2026-06-14T12:28:13.376Z,local_bridge,Illustrator 28.5,Operation Suite 3.1,windows,SYNTHETIC,false,normal
exec_syn_000215,acct_demo_01,ws_prepress_b,dev_win_02,actor_demo_02,clean-vector-pro,3.6.0,CLEAN ART,success,,14504,2026-06-14T11:58:15.496Z,2026-06-14T11:58:30.000Z,2026-06-14T11:58:30.427Z,local_bridge,Illustrator 28.5,Operation Suite 3.1,windows,SYNTHETIC,true,duration_spike
exec_syn_000216,acct_demo_02,ws_finishing_a,dev_mac_01,actor_demo_03,sepmaker-pro,1.6.0,Apply,success,,16951,2026-06-14T14:11:35.049Z,2026-06-14T14:11:52.000Z,2026-06-14T14:11:52.838Z,local_bridge,Illustrator 29.0,Operation Suite 3.1,macos,SYNTHETIC,false,normal
exec_syn_000217,acct_demo_02,ws_finishing_a,dev_mac_01,actor_demo_03,clean-vector-pro,3.6.0,CLEAN ART,success,,3874,2026-06-14T11:41:16.126Z,2026-06-14T11:41:20.000Z,2026-06-14T11:41:20.555Z,local_bridge,Illustrator 29.0,Operation Suite 3.1,macos,SYNTHETIC,false,normal
exec_syn_000218,acct_demo_01,ws_prepress_b,dev_win_02,actor_demo_02,sepmaker-pro,1.6.0,Apply,success,,10075,2026-06-14T15:44:05.925Z,2026-06-14T15:44:16.000Z,2026-06-14T15:44:16.969Z,local_bridge,Illustrator 28.5,Operation Suite 3.1,windows,SYNTHETIC,false,normal
exec_syn_000219,acct_demo_01,ws_prepress_a,dev_win_01,actor_demo_01,clean-vector-pro,3.6.0,CLEAN ART,success,,4177,2026-06-14T10:25:18.823Z,2026-06-14T10:25:23.000Z,2026-06-14T10:25:23.300Z,local_bridge,Illustrator 28.5,Operation Suite 3.1,windows,SYNTHETIC,false,normal
exec_syn_000220,acct_demo_01,ws_prepress_b,dev_win_02,actor_demo_02,sepmaker-pro,1.6.0,Apply,success,,10916,2026-06-14T13:53:56.084Z,2026-06-14T13:54:07.000Z,2026-06-14T13:54:08.421Z,local_bridge,Illustrator 28.5,Operation Suite 3.1,windows,SYNTHETIC,false,normal
exec_syn_000221,acct_demo_02,ws_finishing_a,dev_mac_01,actor_demo_03,sepmaker-pro,1.6.0,Apply,success,,8095,2026-06-14T13:36:53.905Z,2026-06-14T13:37:02.000Z,2026-06-14T13:37:03.339Z,local_bridge,Illustrator 29.0,Operation Suite 3.1,macos,SYNTHETIC,false,normal
exec_syn_000222,acct_demo_02,ws_finishing_a,dev_mac_01,actor_demo_03,clean-vector-pro,3.6.0,CLEAN ART,success,,5456,2026-06-14T13:01:21.544Z,2026-06-14T13:01:27.000Z,2026-06-14T13:01:27.868Z,local_bridge,Illustrator 29.0,Operation Suite 3.1,macos,SYNTHETIC,false,normal
exec_syn_000223,acct_demo_01,ws_prepress_b,dev_win_02,actor_demo_02,clean-vector-pro,3.6.0,CLEAN ART,success,,4660,2026-06-14T11:40:11.340Z,2026-06-14T11:40:16.000Z,2026-06-14T11:40:16.337Z,local_bridge,Illustrator 28.5,Operation Suite 3.1,windows,SYNTHETIC,false,normal
exec_syn_000224,acct_demo_03,ws_production_a,dev_win_03,actor_demo_04,sepmaker-pro,1.6.0,Apply,cancelled,ACTION_CANCELLED,15920,2026-06-14T14:18:03.080Z,2026-06-14T14:18:19.000Z,2026-06-14T14:18:19.265Z,local_bridge,Illustrator 28.5,Operation Suite 3.1,windows,SYNTHETIC,false,normal
exec_syn_000225,acct_demo_02,ws_finishing_a,dev_mac_01,actor_demo_03,sepmaker-pro,1.6.0,Apply,success,,11129,2026-06-15T17:04:58.871Z,2026-06-15T17:05:10.000Z,2026-06-15T17:05:11.008Z,local_bridge,Illustrator 29.0,Operation Suite 3.1,macos,SYNTHETIC,false,normal
exec_syn_000226,acct_demo_01,ws_prepress_a,dev_win_01,actor_demo_01,sepmaker-pro,1.6.0,Apply,success,,44095,2026-06-15T16:28:27.905Z,2026-06-15T16:29:12.000Z,2026-06-15T16:29:13.016Z,local_bridge,Illustrator 28.5,Operation Suite 3.1,windows,SYNTHETIC,true,duration_spike
exec_syn_000227,acct_demo_01,ws_prepress_a,dev_win_01,actor_demo_01,clean-vector-pro,3.6.0,CLEAN ART,success,,20213,2026-06-15T15:59:49.787Z,2026-06-15T16:00:10.000Z,2026-06-15T16:00:10.567Z,local_bridge,Illustrator 28.5,Operation Suite 3.1,windows,SYNTHETIC,true,duration_spike
exec_syn_000228,acct_demo_02,ws_finishing_a,dev_mac_01,actor_demo_03,sepmaker-pro,1.6.0,Apply,success,,9952,2026-06-15T12:43:55.048Z,2026-06-15T12:44:05.000Z,2026-06-15T12:44:06.232Z,local_bridge,Illustrator 29.0,Operation Suite 3.1,macos,SYNTHETIC,false,normal
exec_syn_000229,acct_demo_03,ws_production_a,dev_win_03,actor_demo_04,clean-vector-pro,3.6.0,CLEAN ART,success,,4755,2026-06-15T13:21:13.245Z,2026-06-15T13:21:18.000Z,2026-06-15T13:21:18.887Z,local_bridge,Illustrator 28.5,Operation Suite 3.1,windows,SYNTHETIC,false,normal
exec_syn_000230,acct_demo_03,ws_production_a,dev_win_03,actor_demo_04,clean-vector-pro,3.6.0,CLEAN ART,success,,8391,2026-06-15T16:47:44.609Z,2026-06-15T16:47:53.000Z,2026-06-15T16:47:53.402Z,local_bridge,Illustrator 28.5,Operation Suite 3.1,windows,SYNTHETIC,false,normal
exec_syn_000231,acct_demo_01,ws_prepress_a,dev_win_01,actor_demo_01,clean-vector-pro,3.6.0,CLEAN ART,success,,4881,2026-06-15T11:26:20.119Z,2026-06-15T11:26:25.000Z,2026-06-15T11:26:25.435Z,local_bridge,Illustrator 28.5,Operation Suite 3.1,windows,SYNTHETIC,false,normal
exec_syn_000232,acct_demo_01,ws_prepress_a,dev_win_01,actor_demo_01,clean-vector-pro,3.6.0,CLEAN ART,success,,5031,2026-06-15T12:15:21.969Z,2026-06-15T12:15:27.000Z,2026-06-15T12:15:27.694Z,local_bridge,Illustrator 28.5,Operation Suite 3.1,windows,SYNTHETIC,false,normal
exec_syn_000233,acct_demo_01,ws_prepress_a,dev_win_01,actor_demo_01,clean-vector-pro,3.6.0,CLEAN ART,success,,5090,2026-06-15T09:20:37.910Z,2026-06-15T09:20:43.000Z,2026-06-15T09:20:43.355Z,local_bridge,Illustrator 28.5,Operation Suite 3.1,windows,SYNTHETIC,false,normal
exec_syn_000234,acct_demo_01,ws_prepress_b,dev_win_02,actor_demo_02,sepmaker-pro,1.6.0,Apply,success,,13017,2026-06-15T15:47:48.983Z,2026-06-15T15:48:02.000Z,2026-06-15T15:48:03.420Z,local_bridge,Illustrator 28.5,Operation Suite 3.1,windows,SYNTHETIC,false,normal
exec_syn_000235,acct_demo_01,ws_prepress_a,dev_win_01,actor_demo_01,sepmaker-pro,1.6.0,Apply,success,,44432,2026-06-15T17:21:56.568Z,2026-06-15T17:22:41.000Z,2026-06-15T17:22:42.444Z,local_bridge,Illustrator 28.5,Operation Suite 3.1,windows,SYNTHETIC,true,duration_spike
exec_syn_000236,acct_demo_01,ws_prepress_a,dev_win_01,actor_demo_01,clean-vector-pro,3.6.0,CLEAN ART,success,,2942,2026-06-15T14:34:44.058Z,2026-06-15T14:34:47.000Z,2026-06-15T14:34:47.453Z,local_bridge,Illustrator 28.5,Operation Suite 3.1,windows,SYNTHETIC,false,normal
exec_syn_000237,acct_demo_01,ws_prepress_a,dev_win_01,actor_demo_01,clean-vector-pro,3.6.0,CLEAN ART,success,,3229,2026-06-15T14:56:14.771Z,2026-06-15T14:56:18.000Z,2026-06-15T14:56:19.212Z,local_bridge,Illustrator 28.5,Operation Suite 3.1,windows,SYNTHETIC,false,normal
exec_syn_000238,acct_demo_02,ws_finishing_a,dev_mac_01,actor_demo_03,sepmaker-pro,1.6.0,Apply,success,,11644,2026-06-15T14:19:01.356Z,2026-06-15T14:19:13.000Z,2026-06-15T14:19:13.713Z,local_bridge,Illustrator 29.0,Operation Suite 3.1,macos,SYNTHETIC,false,normal
exec_syn_000239,acct_demo_03,ws_production_a,dev_win_03,actor_demo_04,clean-vector-pro,3.6.0,CLEAN ART,success,,3572,2026-06-15T17:39:53.428Z,2026-06-15T17:39:57.000Z,2026-06-15T17:39:57.640Z,local_bridge,Illustrator 28.5,Operation Suite 3.1,windows,SYNTHETIC,false,normal
exec_syn_000240,acct_demo_03,ws_production_a,dev_win_03,actor_demo_04,sepmaker-pro,1.6.0,Apply,success,,15325,2026-06-15T16:02:50.675Z,2026-06-15T16:03:06.000Z,2026-06-15T16:03:06.556Z,local_bridge,Illustrator 28.5,Operation Suite 3.1,windows,SYNTHETIC,false,normal
exec_syn_000241,acct_demo_03,ws_production_a,dev_win_03,actor_demo_04,sepmaker-pro,1.6.0,Apply,success,,11051,2026-06-16T11:47:04.949Z,2026-06-16T11:47:16.000Z,2026-06-16T11:47:16.418Z,local_bridge,Illustrator 28.5,Operation Suite 3.1,windows,SYNTHETIC,false,normal
exec_syn_000242,acct_demo_01,ws_prepress_a,dev_win_01,actor_demo_01,clean-vector-pro,3.6.0,CLEAN ART,success,,3333,2026-06-16T12:59:24.667Z,2026-06-16T12:59:28.000Z,2026-06-16T12:59:29.267Z,local_bridge,Illustrator 28.5,Operation Suite 3.1,windows,SYNTHETIC,false,normal
exec_syn_000243,acct_demo_01,ws_prepress_b,dev_win_02,actor_demo_02,sepmaker-pro,1.6.0,Apply,success,,49061,2026-06-16T13:38:31.939Z,2026-06-16T13:39:21.000Z,2026-06-16T13:39:21.441Z,local_bridge,Illustrator 28.5,Operation Suite 3.1,windows,SYNTHETIC,true,duration_spike
exec_syn_000244,acct_demo_01,ws_prepress_b,dev_win_02,actor_demo_02,clean-vector-pro,3.6.0,CLEAN ART,success,,3254,2026-06-16T16:13:43.746Z,2026-06-16T16:13:47.000Z,2026-06-16T16:13:47.404Z,local_bridge,Illustrator 28.5,Operation Suite 3.1,windows,SYNTHETIC,false,normal
exec_syn_000245,acct_demo_02,ws_finishing_a,dev_mac_01,actor_demo_03,sepmaker-pro,1.6.0,Apply,success,,12555,2026-06-16T14:34:21.445Z,2026-06-16T14:34:34.000Z,2026-06-16T14:34:35.364Z,local_bridge,Illustrator 29.0,Operation Suite 3.1,macos,SYNTHETIC,false,normal
exec_syn_000246,acct_demo_02,ws_finishing_a,dev_mac_01,actor_demo_03,sepmaker-pro,1.6.0,Apply,failure,PROCESSING_FAILED,6020,2026-06-16T09:22:40.980Z,2026-06-16T09:22:47.000Z,2026-06-16T09:22:48.145Z,local_bridge,Illustrator 29.0,Operation Suite 3.1,macos,SYNTHETIC,false,normal
exec_syn_000247,acct_demo_01,ws_prepress_b,dev_win_02,actor_demo_02,sepmaker-pro,1.6.0,Apply,failure,VALIDATION_FAILED,13896,2026-06-16T13:24:46.104Z,2026-06-16T13:25:00.000Z,2026-06-16T13:25:00.672Z,local_bridge,Illustrator 28.5,Operation Suite 3.1,windows,SYNTHETIC,false,normal
exec_syn_000248,acct_demo_01,ws_prepress_a,dev_win_01,actor_demo_01,clean-vector-pro,3.6.0,CLEAN ART,success,,4042,2026-06-16T12:05:19.958Z,2026-06-16T12:05:24.000Z,2026-06-16T12:05:25.025Z,local_bridge,Illustrator 28.5,Operation Suite 3.1,windows,SYNTHETIC,false,normal
exec_syn_000249,acct_demo_01,ws_prepress_a,dev_win_01,actor_demo_01,clean-vector-pro,3.6.0,CLEAN ART,success,,4025,2026-06-16T17:02:25.975Z,2026-06-16T17:02:30.000Z,2026-06-16T17:02:31.148Z,local_bridge,Illustrator 28.5,Operation Suite 3.1,windows,SYNTHETIC,false,normal
exec_syn_000250,acct_demo_02,ws_finishing_a,dev_mac_01,actor_demo_03,clean-vector-pro,3.6.0,CLEAN ART,success,,5070,2026-06-16T14:29:03.930Z,2026-06-16T14:29:09.000Z,2026-06-16T14:29:09.921Z,local_bridge,Illustrator 29.0,Operation Suite 3.1,macos,SYNTHETIC,false,normal
exec_syn_000251,acct_demo_01,ws_prepress_b,dev_win_02,actor_demo_02,clean-vector-pro,3.6.0,CLEAN ART,success,,4020,2026-06-16T08:44:17.980Z,2026-06-16T08:44:22.000Z,2026-06-16T08:44:23.266Z,local_bridge,Illustrator 28.5,Operation Suite 3.1,windows,SYNTHETIC,false,normal
exec_syn_000252,acct_demo_01,ws_prepress_a,dev_win_01,actor_demo_01,clean-vector-pro,3.6.0,CLEAN ART,success,,4047,2026-06-16T17:47:54.953Z,2026-06-16T17:47:59.000Z,2026-06-16T17:48:00.013Z,local_bridge,Illustrator 28.5,Operation Suite 3.1,windows,SYNTHETIC,false,normal
exec_syn_000253,acct_demo_02,ws_finishing_a,dev_mac_01,actor_demo_03,clean-vector-pro,3.6.0,CLEAN ART,success,,4025,2026-06-16T13:46:38.975Z,2026-06-16T13:46:43.000Z,2026-06-16T13:46:43.401Z,local_bridge,Illustrator 29.0,Operation Suite 3.1,macos,SYNTHETIC,false,normal
exec_syn_000254,acct_demo_03,ws_production_a,dev_win_03,actor_demo_04,sepmaker-pro,1.6.0,Apply,success,,15281,2026-06-16T11:20:47.719Z,2026-06-16T11:21:03.000Z,2026-06-16T11:21:04.272Z,local_bridge,Illustrator 28.5,Operation Suite 3.1,windows,SYNTHETIC,false,normal
exec_syn_000255,acct_demo_02,ws_finishing_a,dev_mac_01,actor_demo_03,sepmaker-pro,1.6.0,Apply,failure,HOST_UNAVAILABLE,11850,2026-06-16T12:43:26.150Z,2026-06-16T12:43:38.000Z,2026-06-16T12:43:39.027Z,local_bridge,Illustrator 29.0,Operation Suite 3.1,macos,SYNTHETIC,false,normal
exec_syn_000256,acct_demo_02,ws_finishing_a,dev_mac_01,actor_demo_03,clean-vector-pro,3.6.0,CLEAN ART,success,,3689,2026-06-16T09:37:16.311Z,2026-06-16T09:37:20.000Z,2026-06-16T09:37:20.465Z,local_bridge,Illustrator 29.0,Operation Suite 3.1,macos,SYNTHETIC,false,normal
exec_syn_000257,acct_demo_01,ws_prepress_a,dev_win_01,actor_demo_01,sepmaker-pro,1.6.0,Apply,success,,12957,2026-06-17T16:14:54.043Z,2026-06-17T16:15:07.000Z,2026-06-17T16:15:08.266Z,local_bridge,Illustrator 28.5,Operation Suite 3.1,windows,SYNTHETIC,false,normal
exec_syn_000258,acct_demo_01,ws_prepress_a,dev_win_01,actor_demo_01,clean-vector-pro,3.6.0,CLEAN ART,success,,4754,2026-06-17T11:50:35.246Z,2026-06-17T11:50:40.000Z,2026-06-17T11:50:40.669Z,local_bridge,Illustrator 28.5,Operation Suite 3.1,windows,SYNTHETIC,false,normal
exec_syn_000259,acct_demo_01,ws_prepress_b,dev_win_02,actor_demo_02,clean-vector-pro,3.6.0,CLEAN ART,success,,4280,2026-06-17T17:46:31.720Z,2026-06-17T17:46:36.000Z,2026-06-17T17:46:36.960Z,local_bridge,Illustrator 28.5,Operation Suite 3.1,windows,SYNTHETIC,false,normal
exec_syn_000260,acct_demo_03,ws_production_a,dev_win_03,actor_demo_04,clean-vector-pro,3.6.0,CLEAN ART,success,,6569,2026-06-17T08:07:02.431Z,2026-06-17T08:07:09.000Z,2026-06-17T08:07:09.781Z,local_bridge,Illustrator 28.5,Operation Suite 3.1,windows,SYNTHETIC,false,normal
exec_syn_000261,acct_demo_01,ws_prepress_b,dev_win_02,actor_demo_02,clean-vector-pro,3.6.0,CLEAN ART,success,,3920,2026-06-17T16:27:18.080Z,2026-06-17T16:27:22.000Z,2026-06-17T16:27:22.619Z,local_bridge,Illustrator 28.5,Operation Suite 3.1,windows,SYNTHETIC,false,normal
exec_syn_000262,acct_demo_03,ws_production_a,dev_win_03,actor_demo_04,sepmaker-pro,1.6.0,Apply,success,,10653,2026-06-17T16:39:41.347Z,2026-06-17T16:39:52.000Z,2026-06-17T16:39:53.018Z,local_bridge,Illustrator 28.5,Operation Suite 3.1,windows,SYNTHETIC,false,normal
exec_syn_000263,acct_demo_02,ws_finishing_a,dev_mac_01,actor_demo_03,clean-vector-pro,3.6.0,CLEAN ART,success,,3753,2026-06-17T16:15:06.247Z,2026-06-17T16:15:10.000Z,2026-06-17T16:15:11.350Z,local_bridge,Illustrator 29.0,Operation Suite 3.1,macos,SYNTHETIC,false,normal
exec_syn_000264,acct_demo_01,ws_prepress_a,dev_win_01,actor_demo_01,sepmaker-pro,1.6.0,Apply,success,,10946,2026-06-17T12:54:11.054Z,2026-06-17T12:54:22.000Z,2026-06-17T12:54:22.325Z,local_bridge,Illustrator 28.5,Operation Suite 3.1,windows,SYNTHETIC,false,normal
exec_syn_000265,acct_demo_01,ws_prepress_a,dev_win_01,actor_demo_01,clean-vector-pro,3.6.0,CLEAN ART,success,,3180,2026-06-17T11:34:02.820Z,2026-06-17T11:34:06.000Z,2026-06-17T11:34:07.206Z,local_bridge,Illustrator 28.5,Operation Suite 3.1,windows,SYNTHETIC,false,normal
exec_syn_000266,acct_demo_01,ws_prepress_a,dev_win_01,actor_demo_01,clean-vector-pro,3.6.0,CLEAN ART,success,,6335,2026-06-17T13:10:29.665Z,2026-06-17T13:10:36.000Z,2026-06-17T13:10:36.775Z,local_bridge,Illustrator 28.5,Operation Suite 3.1,windows,SYNTHETIC,false,normal
exec_syn_000267,acct_demo_02,ws_finishing_a,dev_mac_01,actor_demo_03,sepmaker-pro,1.6.0,Apply,success,,11949,2026-06-17T09:57:37.051Z,2026-06-17T09:57:49.000Z,2026-06-17T09:57:49.564Z,local_bridge,Illustrator 29.0,Operation Suite 3.1,macos,SYNTHETIC,false,normal
exec_syn_000268,acct_demo_01,ws_prepress_b,dev_win_02,actor_demo_02,clean-vector-pro,3.6.0,CLEAN ART,success,,4115,2026-06-17T14:11:47.885Z,2026-06-17T14:11:52.000Z,2026-06-17T14:11:52.282Z,local_bridge,Illustrator 28.5,Operation Suite 3.1,windows,SYNTHETIC,false,normal
exec_syn_000269,acct_demo_01,ws_prepress_b,dev_win_02,actor_demo_02,clean-vector-pro,3.6.0,CLEAN ART,success,,4588,2026-06-17T16:21:56.412Z,2026-06-17T16:22:01.000Z,2026-06-17T16:22:01.706Z,local_bridge,Illustrator 28.5,Operation Suite 3.1,windows,SYNTHETIC,false,normal
exec_syn_000270,acct_demo_03,ws_production_a,dev_win_03,actor_demo_04,sepmaker-pro,1.6.0,Apply,success,,15776,2026-06-17T10:11:17.224Z,2026-06-17T10:11:33.000Z,2026-06-17T10:11:34.041Z,local_bridge,Illustrator 28.5,Operation Suite 3.1,windows,SYNTHETIC,false,normal
exec_syn_000271,acct_demo_02,ws_finishing_a,dev_mac_01,actor_demo_03,sepmaker-pro,1.6.0,Apply,success,,16646,2026-06-17T10:36:40.354Z,2026-06-17T10:36:57.000Z,2026-06-17T10:36:57.678Z,local_bridge,Illustrator 29.0,Operation Suite 3.1,macos,SYNTHETIC,false,normal
exec_syn_000272,acct_demo_01,ws_prepress_b,dev_win_02,actor_demo_02,sepmaker-pro,1.6.0,Apply,success,,18985,2026-06-17T14:30:18.015Z,2026-06-17T14:30:37.000Z,2026-06-17T14:30:38.215Z,local_bridge,Illustrator 28.5,Operation Suite 3.1,windows,SYNTHETIC,false,normal
exec_syn_000273,acct_demo_01,ws_prepress_b,dev_win_02,actor_demo_02,clean-vector-pro,3.6.0,CLEAN ART,success,,3549,2026-06-18T08:51:05.451Z,2026-06-18T08:51:09.000Z,2026-06-18T08:51:10.311Z,local_bridge,Illustrator 28.5,Operation Suite 3.1,windows,SYNTHETIC,false,normal
exec_syn_000274,acct_demo_01,ws_prepress_b,dev_win_02,actor_demo_02,clean-vector-pro,3.6.0,CLEAN ART,success,,3607,2026-06-18T17:56:22.393Z,2026-06-18T17:56:26.000Z,2026-06-18T17:56:26.857Z,local_bridge,Illustrator 28.5,Operation Suite 3.1,windows,SYNTHETIC,false,normal
exec_syn_000275,acct_demo_03,ws_production_a,dev_win_03,actor_demo_04,clean-vector-pro,3.6.0,CLEAN ART,failure,VALIDATION_FAILED,4122,2026-06-18T08:03:29.878Z,2026-06-18T08:03:34.000Z,2026-06-18T08:03:35.271Z,local_bridge,Illustrator 28.5,Operation Suite 3.1,windows,SYNTHETIC,false,normal
exec_syn_000276,acct_demo_01,ws_prepress_b,dev_win_02,actor_demo_02,clean-vector-pro,3.6.0,CLEAN ART,success,,4530,2026-06-18T16:47:44.470Z,2026-06-18T16:47:49.000Z,2026-06-18T16:47:49.919Z,local_bridge,Illustrator 28.5,Operation Suite 3.1,windows,SYNTHETIC,false,normal
exec_syn_000277,acct_demo_01,ws_prepress_b,dev_win_02,actor_demo_02,sepmaker-pro,1.6.0,Apply,success,,13317,2026-06-18T12:36:09.683Z,2026-06-18T12:36:23.000Z,2026-06-18T12:36:23.408Z,local_bridge,Illustrator 28.5,Operation Suite 3.1,windows,SYNTHETIC,false,normal
exec_syn_000278,acct_demo_01,ws_prepress_a,dev_win_01,actor_demo_01,clean-vector-pro,3.6.0,CLEAN ART,failure,PROCESSING_FAILED,4713,2026-06-18T16:54:40.287Z,2026-06-18T16:54:45.000Z,2026-06-18T16:54:46.394Z,local_bridge,Illustrator 28.5,Operation Suite 3.1,windows,SYNTHETIC,false,normal
exec_syn_000279,acct_demo_01,ws_prepress_b,dev_win_02,actor_demo_02,sepmaker-pro,1.6.0,Apply,success,,10973,2026-06-18T08:09:55.027Z,2026-06-18T08:10:06.000Z,2026-06-18T08:10:06.654Z,local_bridge,Illustrator 28.5,Operation Suite 3.1,windows,SYNTHETIC,false,normal
exec_syn_000280,acct_demo_01,ws_prepress_b,dev_win_02,actor_demo_02,clean-vector-pro,3.6.0,CLEAN ART,success,,5097,2026-06-18T10:59:02.903Z,2026-06-18T10:59:08.000Z,2026-06-18T10:59:08.609Z,local_bridge,Illustrator 28.5,Operation Suite 3.1,windows,SYNTHETIC,false,normal
exec_syn_000281,acct_demo_01,ws_prepress_a,dev_win_01,actor_demo_01,sepmaker-pro,1.6.0,Apply,success,,8576,2026-06-18T15:00:54.424Z,2026-06-18T15:01:03.000Z,2026-06-18T15:01:03.985Z,local_bridge,Illustrator 28.5,Operation Suite 3.1,windows,SYNTHETIC,false,normal
exec_syn_000282,acct_demo_01,ws_prepress_b,dev_win_02,actor_demo_02,clean-vector-pro,3.6.0,CLEAN ART,failure,VALIDATION_FAILED,6446,2026-06-18T17:41:41.554Z,2026-06-18T17:41:48.000Z,2026-06-18T17:41:49.141Z,local_bridge,Illustrator 28.5,Operation Suite 3.1,windows,SYNTHETIC,false,normal
exec_syn_000283,acct_demo_03,ws_production_a,dev_win_03,actor_demo_04,sepmaker-pro,1.6.0,Apply,cancelled,ACTION_CANCELLED,41077,2026-06-18T15:37:56.923Z,2026-06-18T15:38:38.000Z,2026-06-18T15:38:38.638Z,local_bridge,Illustrator 28.5,Operation Suite 3.1,windows,SYNTHETIC,true,duration_spike
exec_syn_000284,acct_demo_01,ws_prepress_a,dev_win_01,actor_demo_01,clean-vector-pro,3.6.0,CLEAN ART,success,,4046,2026-06-18T12:26:36.954Z,2026-06-18T12:26:41.000Z,2026-06-18T12:26:42.226Z,local_bridge,Illustrator 28.5,Operation Suite 3.1,windows,SYNTHETIC,false,normal
exec_syn_000285,acct_demo_01,ws_prepress_b,dev_win_02,actor_demo_02,clean-vector-pro,3.6.0,CLEAN ART,success,,4200,2026-06-18T08:44:17.800Z,2026-06-18T08:44:22.000Z,2026-06-18T08:44:23.153Z,local_bridge,Illustrator 28.5,Operation Suite 3.1,windows,SYNTHETIC,false,normal
exec_syn_000286,acct_demo_02,ws_finishing_a,dev_mac_01,actor_demo_03,clean-vector-pro,3.6.0,CLEAN ART,success,,2287,2026-06-18T16:09:05.713Z,2026-06-18T16:09:08.000Z,2026-06-18T16:09:08.950Z,local_bridge,Illustrator 29.0,Operation Suite 3.1,macos,SYNTHETIC,false,normal
exec_syn_000287,acct_demo_02,ws_finishing_a,dev_mac_01,actor_demo_03,sepmaker-pro,1.6.0,Apply,success,,10887,2026-06-18T15:20:53.113Z,2026-06-18T15:21:04.000Z,2026-06-18T15:21:05.439Z,local_bridge,Illustrator 29.0,Operation Suite 3.1,macos,SYNTHETIC,false,normal
exec_syn_000288,acct_demo_01,ws_prepress_b,dev_win_02,actor_demo_02,sepmaker-pro,1.6.0,Apply,success,,9174,2026-06-18T11:45:06.826Z,2026-06-18T11:45:16.000Z,2026-06-18T11:45:17.325Z,local_bridge,Illustrator 28.5,Operation Suite 3.1,windows,SYNTHETIC,false,normal
exec_syn_000289,acct_demo_03,ws_production_a,dev_win_03,actor_demo_04,clean-vector-pro,3.6.0,CLEAN ART,success,,4253,2026-06-19T12:08:42.747Z,2026-06-19T12:08:47.000Z,2026-06-19T12:08:48.241Z,local_bridge,Illustrator 28.5,Operation Suite 3.1,windows,SYNTHETIC,false,normal
exec_syn_000290,acct_demo_01,ws_prepress_a,dev_win_01,actor_demo_01,clean-vector-pro,3.6.0,CLEAN ART,success,,16071,2026-06-19T11:35:20.929Z,2026-06-19T11:35:37.000Z,2026-06-19T11:35:37.481Z,local_bridge,Illustrator 28.5,Operation Suite 3.1,windows,SYNTHETIC,true,duration_spike
exec_syn_000291,acct_demo_03,ws_production_a,dev_win_03,actor_demo_04,sepmaker-pro,1.6.0,Apply,success,,12654,2026-06-19T11:00:16.346Z,2026-06-19T11:00:29.000Z,2026-06-19T11:00:30.051Z,local_bridge,Illustrator 28.5,Operation Suite 3.1,windows,SYNTHETIC,false,normal
exec_syn_000292,acct_demo_01,ws_prepress_a,dev_win_01,actor_demo_01,clean-vector-pro,3.6.0,CLEAN ART,success,,5203,2026-06-19T09:07:27.797Z,2026-06-19T09:07:33.000Z,2026-06-19T09:07:33.547Z,local_bridge,Illustrator 28.5,Operation Suite 3.1,windows,SYNTHETIC,false,normal
exec_syn_000293,acct_demo_02,ws_finishing_a,dev_mac_01,actor_demo_03,sepmaker-pro,1.6.0,Apply,success,,8769,2026-06-19T12:56:45.231Z,2026-06-19T12:56:54.000Z,2026-06-19T12:56:55.190Z,local_bridge,Illustrator 29.0,Operation Suite 3.1,macos,SYNTHETIC,false,normal
exec_syn_000294,acct_demo_02,ws_finishing_a,dev_mac_01,actor_demo_03,sepmaker-pro,1.6.0,Apply,success,,11230,2026-06-19T17:43:32.770Z,2026-06-19T17:43:44.000Z,2026-06-19T17:43:45.046Z,local_bridge,Illustrator 29.0,Operation Suite 3.1,macos,SYNTHETIC,false,normal
exec_syn_000295,acct_demo_01,ws_prepress_b,dev_win_02,actor_demo_02,clean-vector-pro,3.6.0,CLEAN ART,success,,3722,2026-06-19T08:20:54.278Z,2026-06-19T08:20:58.000Z,2026-06-19T08:20:58.943Z,local_bridge,Illustrator 28.5,Operation Suite 3.1,windows,SYNTHETIC,false,normal
exec_syn_000296,acct_demo_03,ws_production_a,dev_win_03,actor_demo_04,sepmaker-pro,1.6.0,Apply,success,,10646,2026-06-19T11:42:33.354Z,2026-06-19T11:42:44.000Z,2026-06-19T11:42:45.240Z,local_bridge,Illustrator 28.5,Operation Suite 3.1,windows,SYNTHETIC,false,normal
exec_syn_000297,acct_demo_01,ws_prepress_b,dev_win_02,actor_demo_02,clean-vector-pro,3.6.0,CLEAN ART,success,,4732,2026-06-19T17:11:09.268Z,2026-06-19T17:11:14.000Z,2026-06-19T17:11:15.230Z,local_bridge,Illustrator 28.5,Operation Suite 3.1,windows,SYNTHETIC,false,normal
exec_syn_000298,acct_demo_03,ws_production_a,dev_win_03,actor_demo_04,sepmaker-pro,1.6.0,Apply,success,,14538,2026-06-19T11:06:30.462Z,2026-06-19T11:06:45.000Z,2026-06-19T11:06:45.573Z,local_bridge,Illustrator 28.5,Operation Suite 3.1,windows,SYNTHETIC,false,normal
exec_syn_000299,acct_demo_02,ws_finishing_a,dev_mac_01,actor_demo_03,sepmaker-pro,1.6.0,Apply,success,,9793,2026-06-19T11:25:02.207Z,2026-06-19T11:25:12.000Z,2026-06-19T11:25:12.609Z,local_bridge,Illustrator 29.0,Operation Suite 3.1,macos,SYNTHETIC,false,normal
exec_syn_000300,acct_demo_01,ws_prepress_a,dev_win_01,actor_demo_01,clean-vector-pro,3.6.0,CLEAN ART,cancelled,ACTION_CANCELLED,3663,2026-06-19T09:34:33.337Z,2026-06-19T09:34:37.000Z,2026-06-19T09:34:38.083Z,local_bridge,Illustrator 28.5,Operation Suite 3.1,windows,SYNTHETIC,false,normal
exec_syn_000301,acct_demo_02,ws_finishing_a,dev_mac_01,actor_demo_03,sepmaker-pro,1.6.0,Apply,success,,8371,2026-06-19T12:51:32.629Z,2026-06-19T12:51:41.000Z,2026-06-19T12:51:42.347Z,local_bridge,Illustrator 29.0,Operation Suite 3.1,macos,SYNTHETIC,false,normal
exec_syn_000302,acct_demo_01,ws_prepress_b,dev_win_02,actor_demo_02,sepmaker-pro,1.6.0,Apply,success,,9350,2026-06-19T13:55:51.650Z,2026-06-19T13:56:01.000Z,2026-06-19T13:56:01.270Z,local_bridge,Illustrator 28.5,Operation Suite 3.1,windows,SYNTHETIC,false,normal
exec_syn_000303,acct_demo_03,ws_production_a,dev_win_03,actor_demo_04,clean-vector-pro,3.6.0,CLEAN ART,success,,3450,2026-06-19T10:02:58.550Z,2026-06-19T10:03:02.000Z,2026-06-19T10:03:03.217Z,local_bridge,Illustrator 28.5,Operation Suite 3.1,windows,SYNTHETIC,false,normal
exec_syn_000304,acct_demo_01,ws_prepress_b,dev_win_02,actor_demo_02,sepmaker-pro,1.6.0,Apply,success,,8586,2026-06-19T11:22:16.414Z,2026-06-19T11:22:25.000Z,2026-06-19T11:22:26.473Z,local_bridge,Illustrator 28.5,Operation Suite 3.1,windows,SYNTHETIC,false,normal
exec_syn_000305,acct_demo_02,ws_finishing_a,dev_mac_01,actor_demo_03,sepmaker-pro,1.6.0,Apply,cancelled,ACTION_CANCELLED,12462,2026-06-20T14:53:57.538Z,2026-06-20T14:54:10.000Z,2026-06-20T14:54:11.147Z,local_bridge,Illustrator 29.0,Operation Suite 3.1,macos,SYNTHETIC,false,normal
exec_syn_000306,acct_demo_03,ws_production_a,dev_win_03,actor_demo_04,clean-vector-pro,3.6.0,CLEAN ART,success,,16341,2026-06-20T10:33:22.659Z,2026-06-20T10:33:39.000Z,2026-06-20T10:33:40.079Z,local_bridge,Illustrator 28.5,Operation Suite 3.1,windows,SYNTHETIC,true,duration_spike
exec_syn_000307,acct_demo_01,ws_prepress_b,dev_win_02,actor_demo_02,sepmaker-pro,1.6.0,Apply,success,,13608,2026-06-20T14:18:48.392Z,2026-06-20T14:19:02.000Z,2026-06-20T14:19:03.399Z,local_bridge,Illustrator 28.5,Operation Suite 3.1,windows,SYNTHETIC,false,normal
exec_syn_000308,acct_demo_01,ws_prepress_b,dev_win_02,actor_demo_02,sepmaker-pro,1.6.0,Apply,success,,11406,2026-06-20T15:53:01.594Z,2026-06-20T15:53:13.000Z,2026-06-20T15:53:13.689Z,local_bridge,Illustrator 28.5,Operation Suite 3.1,windows,SYNTHETIC,false,normal
exec_syn_000309,acct_demo_01,ws_prepress_b,dev_win_02,actor_demo_02,clean-vector-pro,3.6.0,CLEAN ART,failure,PROCESSING_FAILED,18153,2026-06-20T14:41:36.847Z,2026-06-20T14:41:55.000Z,2026-06-20T14:41:55.809Z,local_bridge,Illustrator 28.5,Operation Suite 3.1,windows,SYNTHETIC,true,duration_spike
exec_syn_000310,acct_demo_01,ws_prepress_b,dev_win_02,actor_demo_02,clean-vector-pro,3.6.0,CLEAN ART,success,,3528,2026-06-20T12:47:36.472Z,2026-06-20T12:47:40.000Z,2026-06-20T12:47:40.730Z,local_bridge,Illustrator 28.5,Operation Suite 3.1,windows,SYNTHETIC,false,normal
exec_syn_000311,acct_demo_01,ws_prepress_b,dev_win_02,actor_demo_02,sepmaker-pro,1.6.0,Apply,failure,HOST_UNAVAILABLE,12802,2026-06-20T13:26:06.198Z,2026-06-20T13:26:19.000Z,2026-06-20T13:26:19.562Z,local_bridge,Illustrator 28.5,Operation Suite 3.1,windows,SYNTHETIC,false,normal
exec_syn_000312,acct_demo_03,ws_production_a,dev_win_03,actor_demo_04,clean-vector-pro,3.6.0,CLEAN ART,failure,PROCESSING_FAILED,17487,2026-06-20T11:20:13.513Z,2026-06-20T11:20:31.000Z,2026-06-20T11:20:32.255Z,local_bridge,Illustrator 28.5,Operation Suite 3.1,windows,SYNTHETIC,true,duration_spike
exec_syn_000313,acct_demo_01,ws_prepress_a,dev_win_01,actor_demo_01,sepmaker-pro,1.6.0,Apply,success,,10836,2026-06-20T14:03:22.164Z,2026-06-20T14:03:33.000Z,2026-06-20T14:03:34.277Z,local_bridge,Illustrator 28.5,Operation Suite 3.1,windows,SYNTHETIC,false,normal
exec_syn_000314,acct_demo_01,ws_prepress_b,dev_win_02,actor_demo_02,clean-vector-pro,3.6.0,CLEAN ART,success,,3658,2026-06-20T11:13:24.342Z,2026-06-20T11:13:28.000Z,2026-06-20T11:13:28.798Z,local_bridge,Illustrator 28.5,Operation Suite 3.1,windows,SYNTHETIC,false,normal
exec_syn_000315,acct_demo_03,ws_production_a,dev_win_03,actor_demo_04,sepmaker-pro,1.6.0,Apply,success,,12092,2026-06-20T13:22:47.908Z,2026-06-20T13:23:00.000Z,2026-06-20T13:23:00.549Z,local_bridge,Illustrator 28.5,Operation Suite 3.1,windows,SYNTHETIC,false,normal
exec_syn_000316,acct_demo_03,ws_production_a,dev_win_03,actor_demo_04,sepmaker-pro,1.6.0,Apply,success,,12505,2026-06-20T13:26:15.495Z,2026-06-20T13:26:28.000Z,2026-06-20T13:26:29.180Z,local_bridge,Illustrator 28.5,Operation Suite 3.1,windows,SYNTHETIC,false,normal
exec_syn_000317,acct_demo_03,ws_production_a,dev_win_03,actor_demo_04,clean-vector-pro,3.6.0,CLEAN ART,success,,4604,2026-06-20T15:43:57.396Z,2026-06-20T15:44:02.000Z,2026-06-20T15:44:02.719Z,local_bridge,Illustrator 28.5,Operation Suite 3.1,windows,SYNTHETIC,false,normal
exec_syn_000318,acct_demo_01,ws_prepress_b,dev_win_02,actor_demo_02,sepmaker-pro,1.6.0,Apply,success,,10325,2026-06-20T10:31:49.675Z,2026-06-20T10:32:00.000Z,2026-06-20T10:32:00.936Z,local_bridge,Illustrator 28.5,Operation Suite 3.1,windows,SYNTHETIC,false,normal
exec_syn_000319,acct_demo_02,ws_finishing_a,dev_mac_01,actor_demo_03,sepmaker-pro,1.6.0,Apply,success,,50610,2026-06-20T14:19:15.390Z,2026-06-20T14:20:06.000Z,2026-06-20T14:20:06.538Z,local_bridge,Illustrator 29.0,Operation Suite 3.1,macos,SYNTHETIC,true,duration_spike
exec_syn_000320,acct_demo_01,ws_prepress_a,dev_win_01,actor_demo_01,clean-vector-pro,3.6.0,CLEAN ART,success,,6064,2026-06-20T12:44:40.936Z,2026-06-20T12:44:47.000Z,2026-06-20T12:44:47.726Z,local_bridge,Illustrator 28.5,Operation Suite 3.1,windows,SYNTHETIC,false,normal
exec_syn_000321,acct_demo_03,ws_production_a,dev_win_03,actor_demo_04,clean-vector-pro,3.6.0,CLEAN ART,success,,5539,2026-06-21T12:35:23.461Z,2026-06-21T12:35:29.000Z,2026-06-21T12:35:29.268Z,local_bridge,Illustrator 28.5,Operation Suite 3.1,windows,SYNTHETIC,false,normal
exec_syn_000322,acct_demo_02,ws_finishing_a,dev_mac_01,actor_demo_03,clean-vector-pro,3.6.0,CLEAN ART,cancelled,ACTION_CANCELLED,4427,2026-06-21T12:20:45.573Z,2026-06-21T12:20:50.000Z,2026-06-21T12:20:50.955Z,local_bridge,Illustrator 29.0,Operation Suite 3.1,macos,SYNTHETIC,false,normal
exec_syn_000323,acct_demo_01,ws_prepress_a,dev_win_01,actor_demo_01,sepmaker-pro,1.6.0,Apply,success,,13438,2026-06-21T14:11:36.562Z,2026-06-21T14:11:50.000Z,2026-06-21T14:11:50.622Z,local_bridge,Illustrator 28.5,Operation Suite 3.1,windows,SYNTHETIC,false,normal
exec_syn_000324,acct_demo_01,ws_prepress_b,dev_win_02,actor_demo_02,clean-vector-pro,3.6.0,CLEAN ART,success,,4103,2026-06-21T12:10:03.897Z,2026-06-21T12:10:08.000Z,2026-06-21T12:10:09.198Z,local_bridge,Illustrator 28.5,Operation Suite 3.1,windows,SYNTHETIC,false,normal
exec_syn_000325,acct_demo_01,ws_prepress_a,dev_win_01,actor_demo_01,sepmaker-pro,1.6.0,Apply,success,,13432,2026-06-21T13:45:34.568Z,2026-06-21T13:45:48.000Z,2026-06-21T13:45:48.682Z,local_bridge,Illustrator 28.5,Operation Suite 3.1,windows,SYNTHETIC,false,normal
exec_syn_000326,acct_demo_01,ws_prepress_b,dev_win_02,actor_demo_02,sepmaker-pro,1.6.0,Apply,success,,10278,2026-06-21T10:39:00.722Z,2026-06-21T10:39:11.000Z,2026-06-21T10:39:11.790Z,local_bridge,Illustrator 28.5,Operation Suite 3.1,windows,SYNTHETIC,false,normal
exec_syn_000327,acct_demo_01,ws_prepress_b,dev_win_02,actor_demo_02,sepmaker-pro,1.6.0,Apply,success,,42581,2026-06-21T13:35:23.419Z,2026-06-21T13:36:06.000Z,2026-06-21T13:36:06.944Z,local_bridge,Illustrator 28.5,Operation Suite 3.1,windows,SYNTHETIC,true,duration_spike
exec_syn_000328,acct_demo_02,ws_finishing_a,dev_mac_01,actor_demo_03,sepmaker-pro,1.6.0,Apply,success,,10376,2026-06-21T15:40:12.624Z,2026-06-21T15:40:23.000Z,2026-06-21T15:40:23.941Z,local_bridge,Illustrator 29.0,Operation Suite 3.1,macos,SYNTHETIC,false,normal
exec_syn_000329,acct_demo_03,ws_production_a,dev_win_03,actor_demo_04,clean-vector-pro,3.6.0,CLEAN ART,success,,5536,2026-06-21T15:57:27.464Z,2026-06-21T15:57:33.000Z,2026-06-21T15:57:33.509Z,local_bridge,Illustrator 28.5,Operation Suite 3.1,windows,SYNTHETIC,false,normal
exec_syn_000330,acct_demo_01,ws_prepress_b,dev_win_02,actor_demo_02,sepmaker-pro,1.6.0,Apply,success,,15282,2026-06-21T12:51:24.718Z,2026-06-21T12:51:40.000Z,2026-06-21T12:51:41.063Z,local_bridge,Illustrator 28.5,Operation Suite 3.1,windows,SYNTHETIC,false,normal
exec_syn_000331,acct_demo_03,ws_production_a,dev_win_03,actor_demo_04,sepmaker-pro,1.6.0,Apply,success,,13002,2026-06-21T11:13:22.998Z,2026-06-21T11:13:36.000Z,2026-06-21T11:13:37.417Z,local_bridge,Illustrator 28.5,Operation Suite 3.1,windows,SYNTHETIC,false,normal
exec_syn_000332,acct_demo_02,ws_finishing_a,dev_mac_01,actor_demo_03,clean-vector-pro,3.6.0,CLEAN ART,success,,4908,2026-06-21T12:30:52.092Z,2026-06-21T12:30:57.000Z,2026-06-21T12:30:57.797Z,local_bridge,Illustrator 29.0,Operation Suite 3.1,macos,SYNTHETIC,false,normal
exec_syn_000333,acct_demo_01,ws_prepress_a,dev_win_01,actor_demo_01,sepmaker-pro,1.6.0,Apply,success,,7576,2026-06-21T14:16:42.424Z,2026-06-21T14:16:50.000Z,2026-06-21T14:16:51.224Z,local_bridge,Illustrator 28.5,Operation Suite 3.1,windows,SYNTHETIC,false,normal
exec_syn_000334,acct_demo_01,ws_prepress_b,dev_win_02,actor_demo_02,clean-vector-pro,3.6.0,CLEAN ART,success,,3813,2026-06-21T13:25:28.187Z,2026-06-21T13:25:32.000Z,2026-06-21T13:25:32.426Z,local_bridge,Illustrator 28.5,Operation Suite 3.1,windows,SYNTHETIC,false,normal
exec_syn_000335,acct_demo_03,ws_production_a,dev_win_03,actor_demo_04,sepmaker-pro,1.6.0,Apply,success,,12748,2026-06-21T15:10:43.252Z,2026-06-21T15:10:56.000Z,2026-06-21T15:10:57.053Z,local_bridge,Illustrator 28.5,Operation Suite 3.1,windows,SYNTHETIC,false,normal
exec_syn_000336,acct_demo_03,ws_production_a,dev_win_03,actor_demo_04,sepmaker-pro,1.6.0,Apply,success,,14779,2026-06-21T11:31:03.221Z,2026-06-21T11:31:18.000Z,2026-06-21T11:31:18.551Z,local_bridge,Illustrator 28.5,Operation Suite 3.1,windows,SYNTHETIC,false,normal
exec_syn_000337,acct_demo_01,ws_prepress_b,dev_win_02,actor_demo_02,sepmaker-pro,1.6.0,Apply,success,,51369,2026-06-22T17:27:29.631Z,2026-06-22T17:28:21.000Z,2026-06-22T17:28:21.349Z,local_bridge,Illustrator 28.5,Operation Suite 3.1,windows,SYNTHETIC,true,duration_spike
exec_syn_000338,acct_demo_03,ws_production_a,dev_win_03,actor_demo_04,clean-vector-pro,3.6.0,CLEAN ART,failure,DOCUMENT_UNAVAILABLE,6259,2026-06-22T16:27:48.741Z,2026-06-22T16:27:55.000Z,2026-06-22T16:27:55.715Z,local_bridge,Illustrator 28.5,Operation Suite 3.1,windows,SYNTHETIC,false,normal
exec_syn_000339,acct_demo_01,ws_prepress_b,dev_win_02,actor_demo_02,clean-vector-pro,3.6.0,CLEAN ART,success,,5105,2026-06-22T10:33:02.895Z,2026-06-22T10:33:08.000Z,2026-06-22T10:33:08.995Z,local_bridge,Illustrator 28.5,Operation Suite 3.1,windows,SYNTHETIC,false,normal
exec_syn_000340,acct_demo_02,ws_finishing_a,dev_mac_01,actor_demo_03,clean-vector-pro,3.6.0,CLEAN ART,success,,2017,2026-06-22T10:21:11.983Z,2026-06-22T10:21:14.000Z,2026-06-22T10:21:15.032Z,local_bridge,Illustrator 29.0,Operation Suite 3.1,macos,SYNTHETIC,true,duration_drop
exec_syn_000341,acct_demo_02,ws_finishing_a,dev_mac_01,actor_demo_03,sepmaker-pro,1.6.0,Apply,success,,17581,2026-06-22T11:04:55.419Z,2026-06-22T11:05:13.000Z,2026-06-22T11:05:14.362Z,local_bridge,Illustrator 29.0,Operation Suite 3.1,macos,SYNTHETIC,false,normal
exec_syn_000342,acct_demo_01,ws_prepress_b,dev_win_02,actor_demo_02,clean-vector-pro,3.6.0,CLEAN ART,success,,5574,2026-06-22T09:45:52.426Z,2026-06-22T09:45:58.000Z,2026-06-22T09:45:59.327Z,local_bridge,Illustrator 28.5,Operation Suite 3.1,windows,SYNTHETIC,false,normal
exec_syn_000343,acct_demo_01,ws_prepress_b,dev_win_02,actor_demo_02,clean-vector-pro,3.6.0,CLEAN ART,success,,3899,2026-06-22T10:01:20.101Z,2026-06-22T10:01:24.000Z,2026-06-22T10:01:25.290Z,local_bridge,Illustrator 28.5,Operation Suite 3.1,windows,SYNTHETIC,false,normal
exec_syn_000344,acct_demo_03,ws_production_a,dev_win_03,actor_demo_04,sepmaker-pro,1.6.0,Apply,success,,8356,2026-06-22T17:22:43.644Z,2026-06-22T17:22:52.000Z,2026-06-22T17:22:53.487Z,local_bridge,Illustrator 28.5,Operation Suite 3.1,windows,SYNTHETIC,false,normal
exec_syn_000345,acct_demo_03,ws_production_a,dev_win_03,actor_demo_04,sepmaker-pro,1.6.0,Apply,success,,14237,2026-06-22T17:52:24.763Z,2026-06-22T17:52:39.000Z,2026-06-22T17:52:39.799Z,local_bridge,Illustrator 28.5,Operation Suite 3.1,windows,SYNTHETIC,false,normal
exec_syn_000346,acct_demo_03,ws_production_a,dev_win_03,actor_demo_04,clean-vector-pro,3.6.0,CLEAN ART,success,,5696,2026-06-22T15:16:17.304Z,2026-06-22T15:16:23.000Z,2026-06-22T15:16:23.879Z,local_bridge,Illustrator 28.5,Operation Suite 3.1,windows,SYNTHETIC,false,normal
exec_syn_000347,acct_demo_01,ws_prepress_b,dev_win_02,actor_demo_02,clean-vector-pro,3.6.0,CLEAN ART,success,,3217,2026-06-22T10:07:39.783Z,2026-06-22T10:07:43.000Z,2026-06-22T10:07:44.485Z,local_bridge,Illustrator 28.5,Operation Suite 3.1,windows,SYNTHETIC,false,normal
exec_syn_000348,acct_demo_01,ws_prepress_a,dev_win_01,actor_demo_01,sepmaker-pro,1.6.0,Apply,success,,9697,2026-06-22T11:40:25.303Z,2026-06-22T11:40:35.000Z,2026-06-22T11:40:35.705Z,local_bridge,Illustrator 28.5,Operation Suite 3.1,windows,SYNTHETIC,false,normal
exec_syn_000349,acct_demo_01,ws_prepress_a,dev_win_01,actor_demo_01,sepmaker-pro,1.6.0,Apply,success,,8653,2026-06-22T11:14:06.347Z,2026-06-22T11:14:15.000Z,2026-06-22T11:14:15.807Z,local_bridge,Illustrator 28.5,Operation Suite 3.1,windows,SYNTHETIC,false,normal
exec_syn_000350,acct_demo_02,ws_finishing_a,dev_mac_01,actor_demo_03,sepmaker-pro,1.6.0,Apply,success,,12367,2026-06-22T15:20:15.633Z,2026-06-22T15:20:28.000Z,2026-06-22T15:20:28.487Z,local_bridge,Illustrator 29.0,Operation Suite 3.1,macos,SYNTHETIC,false,normal
exec_syn_000351,acct_demo_01,ws_prepress_b,dev_win_02,actor_demo_02,sepmaker-pro,1.6.0,Apply,success,,12319,2026-06-22T14:24:40.681Z,2026-06-22T14:24:53.000Z,2026-06-22T14:24:53.384Z,local_bridge,Illustrator 28.5,Operation Suite 3.1,windows,SYNTHETIC,false,normal
exec_syn_000352,acct_demo_03,ws_production_a,dev_win_03,actor_demo_04,sepmaker-pro,1.6.0,Apply,success,,14291,2026-06-22T13:00:23.709Z,2026-06-22T13:00:38.000Z,2026-06-22T13:00:39.250Z,local_bridge,Illustrator 28.5,Operation Suite 3.1,windows,SYNTHETIC,false,normal
exec_syn_000353,acct_demo_03,ws_production_a,dev_win_03,actor_demo_04,clean-vector-pro,3.6.0,CLEAN ART,success,,5421,2026-06-23T09:47:29.579Z,2026-06-23T09:47:35.000Z,2026-06-23T09:47:36.301Z,local_bridge,Illustrator 28.5,Operation Suite 3.1,windows,SYNTHETIC,false,normal
exec_syn_000354,acct_demo_02,ws_finishing_a,dev_mac_01,actor_demo_03,sepmaker-pro,1.6.0,Apply,success,,11887,2026-06-23T08:04:36.113Z,2026-06-23T08:04:48.000Z,2026-06-23T08:04:49.113Z,local_bridge,Illustrator 29.0,Operation Suite 3.1,macos,SYNTHETIC,false,normal
exec_syn_000355,acct_demo_02,ws_finishing_a,dev_mac_01,actor_demo_03,sepmaker-pro,1.6.0,Apply,success,,11925,2026-06-23T16:36:11.075Z,2026-06-23T16:36:23.000Z,2026-06-23T16:36:24.050Z,local_bridge,Illustrator 29.0,Operation Suite 3.1,macos,SYNTHETIC,false,normal
exec_syn_000356,acct_demo_02,ws_finishing_a,dev_mac_01,actor_demo_03,sepmaker-pro,1.6.0,Apply,success,,11872,2026-06-23T12:11:50.128Z,2026-06-23T12:12:02.000Z,2026-06-23T12:12:02.465Z,local_bridge,Illustrator 29.0,Operation Suite 3.1,macos,SYNTHETIC,false,normal
exec_syn_000357,acct_demo_02,ws_finishing_a,dev_mac_01,actor_demo_03,sepmaker-pro,1.6.0,Apply,success,,10447,2026-06-23T17:32:00.553Z,2026-06-23T17:32:11.000Z,2026-06-23T17:32:12.427Z,local_bridge,Illustrator 29.0,Operation Suite 3.1,macos,SYNTHETIC,false,normal
exec_syn_000358,acct_demo_03,ws_production_a,dev_win_03,actor_demo_04,sepmaker-pro,1.6.0,Apply,success,,15513,2026-06-23T17:54:57.487Z,2026-06-23T17:55:13.000Z,2026-06-23T17:55:13.941Z,local_bridge,Illustrator 28.5,Operation Suite 3.1,windows,SYNTHETIC,false,normal
exec_syn_000359,acct_demo_01,ws_prepress_a,dev_win_01,actor_demo_01,clean-vector-pro,3.6.0,CLEAN ART,failure,PROCESSING_FAILED,4066,2026-06-23T13:15:32.934Z,2026-06-23T13:15:37.000Z,2026-06-23T13:15:37.704Z,local_bridge,Illustrator 28.5,Operation Suite 3.1,windows,SYNTHETIC,false,normal
exec_syn_000360,acct_demo_01,ws_prepress_b,dev_win_02,actor_demo_02,clean-vector-pro,3.6.0,CLEAN ART,failure,HOST_UNAVAILABLE,7245,2026-06-23T09:37:39.755Z,2026-06-23T09:37:47.000Z,2026-06-23T09:37:48.293Z,local_bridge,Illustrator 28.5,Operation Suite 3.1,windows,SYNTHETIC,false,normal
exec_syn_000361,acct_demo_01,ws_prepress_b,dev_win_02,actor_demo_02,sepmaker-pro,1.6.0,Apply,success,,11432,2026-06-23T15:28:52.568Z,2026-06-23T15:29:04.000Z,2026-06-23T15:29:04.869Z,local_bridge,Illustrator 28.5,Operation Suite 3.1,windows,SYNTHETIC,false,normal
exec_syn_000362,acct_demo_01,ws_prepress_a,dev_win_01,actor_demo_01,sepmaker-pro,1.6.0,Apply,cancelled,ACTION_CANCELLED,8413,2026-06-23T13:14:22.587Z,2026-06-23T13:14:31.000Z,2026-06-23T13:14:31.509Z,local_bridge,Illustrator 28.5,Operation Suite 3.1,windows,SYNTHETIC,false,normal
exec_syn_000363,acct_demo_03,ws_production_a,dev_win_03,actor_demo_04,sepmaker-pro,1.6.0,Apply,success,,15757,2026-06-23T09:25:10.243Z,2026-06-23T09:25:26.000Z,2026-06-23T09:25:27.104Z,local_bridge,Illustrator 28.5,Operation Suite 3.1,windows,SYNTHETIC,false,normal
exec_syn_000364,acct_demo_01,ws_prepress_a,dev_win_01,actor_demo_01,clean-vector-pro,3.6.0,CLEAN ART,success,,5033,2026-06-23T11:01:38.967Z,2026-06-23T11:01:44.000Z,2026-06-23T11:01:44.354Z,local_bridge,Illustrator 28.5,Operation Suite 3.1,windows,SYNTHETIC,false,normal
exec_syn_000365,acct_demo_02,ws_finishing_a,dev_mac_01,actor_demo_03,clean-vector-pro,3.6.0,CLEAN ART,success,,4022,2026-06-23T12:15:04.978Z,2026-06-23T12:15:09.000Z,2026-06-23T12:15:09.619Z,local_bridge,Illustrator 29.0,Operation Suite 3.1,macos,SYNTHETIC,false,normal
exec_syn_000366,acct_demo_01,ws_prepress_b,dev_win_02,actor_demo_02,clean-vector-pro,3.6.0,CLEAN ART,success,,6261,2026-06-23T17:33:06.739Z,2026-06-23T17:33:13.000Z,2026-06-23T17:33:13.695Z,local_bridge,Illustrator 28.5,Operation Suite 3.1,windows,SYNTHETIC,false,normal
exec_syn_000367,acct_demo_03,ws_production_a,dev_win_03,actor_demo_04,sepmaker-pro,1.6.0,Apply,success,,11294,2026-06-23T15:25:39.706Z,2026-06-23T15:25:51.000Z,2026-06-23T15:25:51.443Z,local_bridge,Illustrator 28.5,Operation Suite 3.1,windows,SYNTHETIC,false,normal
exec_syn_000368,acct_demo_03,ws_production_a,dev_win_03,actor_demo_04,sepmaker-pro,1.6.0,Apply,success,,9425,2026-06-23T10:35:14.575Z,2026-06-23T10:35:24.000Z,2026-06-23T10:35:25.335Z,local_bridge,Illustrator 28.5,Operation Suite 3.1,windows,SYNTHETIC,false,normal
exec_syn_000369,acct_demo_03,ws_production_a,dev_win_03,actor_demo_04,sepmaker-pro,1.6.0,Apply,success,,12833,2026-06-24T11:29:01.167Z,2026-06-24T11:29:14.000Z,2026-06-24T11:29:15.224Z,local_bridge,Illustrator 28.5,Operation Suite 3.1,windows,SYNTHETIC,false,normal
exec_syn_000370,acct_demo_02,ws_finishing_a,dev_mac_01,actor_demo_03,sepmaker-pro,1.6.0,Apply,success,,9649,2026-06-24T16:25:16.351Z,2026-06-24T16:25:26.000Z,2026-06-24T16:25:27.496Z,local_bridge,Illustrator 29.0,Operation Suite 3.1,macos,SYNTHETIC,false,normal
exec_syn_000371,acct_demo_02,ws_finishing_a,dev_mac_01,actor_demo_03,sepmaker-pro,1.6.0,Apply,success,,12475,2026-06-24T09:34:36.525Z,2026-06-24T09:34:49.000Z,2026-06-24T09:34:50.457Z,local_bridge,Illustrator 29.0,Operation Suite 3.1,macos,SYNTHETIC,false,normal
exec_syn_000372,acct_demo_01,ws_prepress_a,dev_win_01,actor_demo_01,sepmaker-pro,1.6.0,Apply,success,,10075,2026-06-24T15:47:32.925Z,2026-06-24T15:47:43.000Z,2026-06-24T15:47:44.088Z,local_bridge,Illustrator 28.5,Operation Suite 3.1,windows,SYNTHETIC,false,normal
exec_syn_000373,acct_demo_03,ws_production_a,dev_win_03,actor_demo_04,sepmaker-pro,1.6.0,Apply,success,,11983,2026-06-24T08:07:46.017Z,2026-06-24T08:07:58.000Z,2026-06-24T08:07:59.207Z,local_bridge,Illustrator 28.5,Operation Suite 3.1,windows,SYNTHETIC,false,normal
exec_syn_000374,acct_demo_02,ws_finishing_a,dev_mac_01,actor_demo_03,sepmaker-pro,1.6.0,Apply,success,,12114,2026-06-24T11:11:03.886Z,2026-06-24T11:11:16.000Z,2026-06-24T11:11:16.968Z,local_bridge,Illustrator 29.0,Operation Suite 3.1,macos,SYNTHETIC,false,normal
exec_syn_000375,acct_demo_03,ws_production_a,dev_win_03,actor_demo_04,clean-vector-pro,3.6.0,CLEAN ART,success,,4519,2026-06-24T13:26:23.481Z,2026-06-24T13:26:28.000Z,2026-06-24T13:26:29.486Z,local_bridge,Illustrator 28.5,Operation Suite 3.1,windows,SYNTHETIC,false,normal
exec_syn_000376,acct_demo_01,ws_prepress_a,dev_win_01,actor_demo_01,sepmaker-pro,1.6.0,Apply,success,,11274,2026-06-24T14:42:14.726Z,2026-06-24T14:42:26.000Z,2026-06-24T14:42:27.078Z,local_bridge,Illustrator 28.5,Operation Suite 3.1,windows,SYNTHETIC,false,normal
exec_syn_000377,acct_demo_03,ws_production_a,dev_win_03,actor_demo_04,clean-vector-pro,3.6.0,CLEAN ART,cancelled,ACTION_CANCELLED,4780,2026-06-24T11:11:30.220Z,2026-06-24T11:11:35.000Z,2026-06-24T11:11:36.437Z,local_bridge,Illustrator 28.5,Operation Suite 3.1,windows,SYNTHETIC,false,normal
exec_syn_000378,acct_demo_01,ws_prepress_b,dev_win_02,actor_demo_02,sepmaker-pro,1.6.0,Apply,success,,14331,2026-06-24T15:53:35.669Z,2026-06-24T15:53:50.000Z,2026-06-24T15:53:51.021Z,local_bridge,Illustrator 28.5,Operation Suite 3.1,windows,SYNTHETIC,false,normal
exec_syn_000379,acct_demo_03,ws_production_a,dev_win_03,actor_demo_04,sepmaker-pro,1.6.0,Apply,success,,68376,2026-06-24T11:59:12.624Z,2026-06-24T12:00:21.000Z,2026-06-24T12:00:21.961Z,local_bridge,Illustrator 28.5,Operation Suite 3.1,windows,SYNTHETIC,true,duration_spike
exec_syn_000380,acct_demo_02,ws_finishing_a,dev_mac_01,actor_demo_03,clean-vector-pro,3.6.0,CLEAN ART,success,,4659,2026-06-24T10:21:59.341Z,2026-06-24T10:22:04.000Z,2026-06-24T10:22:04.732Z,local_bridge,Illustrator 29.0,Operation Suite 3.1,macos,SYNTHETIC,false,normal
exec_syn_000381,acct_demo_01,ws_prepress_b,dev_win_02,actor_demo_02,clean-vector-pro,3.6.0,CLEAN ART,success,,4184,2026-06-24T10:57:16.816Z,2026-06-24T10:57:21.000Z,2026-06-24T10:57:21.787Z,local_bridge,Illustrator 28.5,Operation Suite 3.1,windows,SYNTHETIC,false,normal
exec_syn_000382,acct_demo_01,ws_prepress_b,dev_win_02,actor_demo_02,clean-vector-pro,3.6.0,CLEAN ART,success,,5704,2026-06-24T11:36:20.296Z,2026-06-24T11:36:26.000Z,2026-06-24T11:36:26.810Z,local_bridge,Illustrator 28.5,Operation Suite 3.1,windows,SYNTHETIC,false,normal
exec_syn_000383,acct_demo_02,ws_finishing_a,dev_mac_01,actor_demo_03,clean-vector-pro,3.6.0,CLEAN ART,success,,2526,2026-06-24T13:38:35.474Z,2026-06-24T13:38:38.000Z,2026-06-24T13:38:39.311Z,local_bridge,Illustrator 29.0,Operation Suite 3.1,macos,SYNTHETIC,false,normal
exec_syn_000384,acct_demo_01,ws_prepress_a,dev_win_01,actor_demo_01,sepmaker-pro,1.6.0,Apply,success,,62452,2026-06-24T15:03:13.548Z,2026-06-24T15:04:16.000Z,2026-06-24T15:04:17.232Z,local_bridge,Illustrator 28.5,Operation Suite 3.1,windows,SYNTHETIC,true,duration_spike
exec_syn_000385,acct_demo_01,ws_prepress_b,dev_win_02,actor_demo_02,sepmaker-pro,1.6.0,Apply,success,,14123,2026-06-25T16:49:40.877Z,2026-06-25T16:49:55.000Z,2026-06-25T16:49:55.362Z,local_bridge,Illustrator 28.5,Operation Suite 3.1,windows,SYNTHETIC,false,normal
exec_syn_000386,acct_demo_03,ws_production_a,dev_win_03,actor_demo_04,sepmaker-pro,1.6.0,Apply,success,,13625,2026-06-25T14:35:45.375Z,2026-06-25T14:35:59.000Z,2026-06-25T14:36:00.382Z,local_bridge,Illustrator 28.5,Operation Suite 3.1,windows,SYNTHETIC,false,normal
exec_syn_000387,acct_demo_03,ws_production_a,dev_win_03,actor_demo_04,clean-vector-pro,3.6.0,CLEAN ART,success,,4284,2026-06-25T15:37:30.716Z,2026-06-25T15:37:35.000Z,2026-06-25T15:37:35.574Z,local_bridge,Illustrator 28.5,Operation Suite 3.1,windows,SYNTHETIC,false,normal
exec_syn_000388,acct_demo_01,ws_prepress_a,dev_win_01,actor_demo_01,sepmaker-pro,1.6.0,Apply,success,,12494,2026-06-25T09:01:08.506Z,2026-06-25T09:01:21.000Z,2026-06-25T09:01:21.441Z,local_bridge,Illustrator 28.5,Operation Suite 3.1,windows,SYNTHETIC,false,normal
exec_syn_000389,acct_demo_01,ws_prepress_b,dev_win_02,actor_demo_02,sepmaker-pro,1.6.0,Apply,success,,9929,2026-06-25T16:29:00.071Z,2026-06-25T16:29:10.000Z,2026-06-25T16:29:10.781Z,local_bridge,Illustrator 28.5,Operation Suite 3.1,windows,SYNTHETIC,false,normal
exec_syn_000390,acct_demo_03,ws_production_a,dev_win_03,actor_demo_04,sepmaker-pro,1.6.0,Apply,success,,9794,2026-06-25T17:24:26.206Z,2026-06-25T17:24:36.000Z,2026-06-25T17:24:36.432Z,local_bridge,Illustrator 28.5,Operation Suite 3.1,windows,SYNTHETIC,false,normal
exec_syn_000391,acct_demo_03,ws_production_a,dev_win_03,actor_demo_04,sepmaker-pro,1.6.0,Apply,cancelled,ACTION_CANCELLED,13383,2026-06-25T17:13:19.617Z,2026-06-25T17:13:33.000Z,2026-06-25T17:13:33.925Z,local_bridge,Illustrator 28.5,Operation Suite 3.1,windows,SYNTHETIC,false,normal
exec_syn_000392,acct_demo_02,ws_finishing_a,dev_mac_01,actor_demo_03,sepmaker-pro,1.6.0,Apply,success,,11940,2026-06-25T17:50:34.060Z,2026-06-25T17:50:46.000Z,2026-06-25T17:50:47.145Z,local_bridge,Illustrator 29.0,Operation Suite 3.1,macos,SYNTHETIC,false,normal
exec_syn_000393,acct_demo_01,ws_prepress_b,dev_win_02,actor_demo_02,sepmaker-pro,1.6.0,Apply,success,,13673,2026-06-25T10:30:46.327Z,2026-06-25T10:31:00.000Z,2026-06-25T10:31:00.800Z,local_bridge,Illustrator 28.5,Operation Suite 3.1,windows,SYNTHETIC,false,normal
exec_syn_000394,acct_demo_01,ws_prepress_b,dev_win_02,actor_demo_02,clean-vector-pro,3.6.0,CLEAN ART,success,,6291,2026-06-25T12:56:45.709Z,2026-06-25T12:56:52.000Z,2026-06-25T12:56:53.029Z,local_bridge,Illustrator 28.5,Operation Suite 3.1,windows,SYNTHETIC,false,normal
exec_syn_000395,acct_demo_02,ws_finishing_a,dev_mac_01,actor_demo_03,clean-vector-pro,3.6.0,CLEAN ART,success,,4282,2026-06-25T14:40:49.718Z,2026-06-25T14:40:54.000Z,2026-06-25T14:40:54.300Z,local_bridge,Illustrator 29.0,Operation Suite 3.1,macos,SYNTHETIC,false,normal
exec_syn_000396,acct_demo_02,ws_finishing_a,dev_mac_01,actor_demo_03,clean-vector-pro,3.6.0,CLEAN ART,success,,3031,2026-06-25T10:22:49.969Z,2026-06-25T10:22:53.000Z,2026-06-25T10:22:53.642Z,local_bridge,Illustrator 29.0,Operation Suite 3.1,macos,SYNTHETIC,false,normal
exec_syn_000397,acct_demo_01,ws_prepress_a,dev_win_01,actor_demo_01,sepmaker-pro,1.6.0,Apply,cancelled,ACTION_CANCELLED,11094,2026-06-25T16:34:49.906Z,2026-06-25T16:35:01.000Z,2026-06-25T16:35:01.824Z,local_bridge,Illustrator 28.5,Operation Suite 3.1,windows,SYNTHETIC,false,normal
exec_syn_000398,acct_demo_02,ws_finishing_a,dev_mac_01,actor_demo_03,sepmaker-pro,1.6.0,Apply,success,,8392,2026-06-25T08:08:46.608Z,2026-06-25T08:08:55.000Z,2026-06-25T08:08:55.736Z,local_bridge,Illustrator 29.0,Operation Suite 3.1,macos,SYNTHETIC,false,normal
exec_syn_000399,acct_demo_01,ws_prepress_a,dev_win_01,actor_demo_01,sepmaker-pro,1.6.0,Apply,success,,11219,2026-06-25T09:41:38.781Z,2026-06-25T09:41:50.000Z,2026-06-25T09:41:51.393Z,local_bridge,Illustrator 28.5,Operation Suite 3.1,windows,SYNTHETIC,false,normal
exec_syn_000400,acct_demo_03,ws_production_a,dev_win_03,actor_demo_04,sepmaker-pro,1.6.0,Apply,success,,11140,2026-06-25T17:35:57.860Z,2026-06-25T17:36:09.000Z,2026-06-25T17:36:09.854Z,local_bridge,Illustrator 28.5,Operation Suite 3.1,windows,SYNTHETIC,false,normal
exec_syn_000401,acct_demo_01,ws_prepress_b,dev_win_02,actor_demo_02,sepmaker-pro,1.6.0,Apply,success,,36719,2026-06-26T12:06:08.281Z,2026-06-26T12:06:45.000Z,2026-06-26T12:06:46.233Z,local_bridge,Illustrator 28.5,Operation Suite 3.1,windows,SYNTHETIC,true,duration_spike
exec_syn_000402,acct_demo_01,ws_prepress_b,dev_win_02,actor_demo_02,sepmaker-pro,1.6.0,Apply,success,,10472,2026-06-26T09:08:54.528Z,2026-06-26T09:09:05.000Z,2026-06-26T09:09:06.419Z,local_bridge,Illustrator 28.5,Operation Suite 3.1,windows,SYNTHETIC,false,normal
exec_syn_000403,acct_demo_02,ws_finishing_a,dev_mac_01,actor_demo_03,sepmaker-pro,1.6.0,Apply,success,,9085,2026-06-26T13:20:19.915Z,2026-06-26T13:20:29.000Z,2026-06-26T13:20:30.390Z,local_bridge,Illustrator 29.0,Operation Suite 3.1,macos,SYNTHETIC,false,normal
exec_syn_000404,acct_demo_02,ws_finishing_a,dev_mac_01,actor_demo_03,sepmaker-pro,1.6.0,Apply,failure,PROCESSING_FAILED,11749,2026-06-26T11:43:33.251Z,2026-06-26T11:43:45.000Z,2026-06-26T11:43:45.626Z,local_bridge,Illustrator 29.0,Operation Suite 3.1,macos,SYNTHETIC,false,normal
exec_syn_000405,acct_demo_03,ws_production_a,dev_win_03,actor_demo_04,sepmaker-pro,1.6.0,Apply,success,,28533,2026-06-26T12:18:06.467Z,2026-06-26T12:18:35.000Z,2026-06-26T12:18:35.996Z,local_bridge,Illustrator 28.5,Operation Suite 3.1,windows,SYNTHETIC,true,duration_spike
exec_syn_000406,acct_demo_01,ws_prepress_a,dev_win_01,actor_demo_01,clean-vector-pro,3.6.0,CLEAN ART,success,,4351,2026-06-26T12:20:18.649Z,2026-06-26T12:20:23.000Z,2026-06-26T12:20:23.813Z,local_bridge,Illustrator 28.5,Operation Suite 3.1,windows,SYNTHETIC,false,normal
exec_syn_000407,acct_demo_01,ws_prepress_b,dev_win_02,actor_demo_02,clean-vector-pro,3.6.0,CLEAN ART,success,,3809,2026-06-26T11:24:00.191Z,2026-06-26T11:24:04.000Z,2026-06-26T11:24:04.276Z,local_bridge,Illustrator 28.5,Operation Suite 3.1,windows,SYNTHETIC,false,normal
exec_syn_000408,acct_demo_01,ws_prepress_b,dev_win_02,actor_demo_02,sepmaker-pro,1.6.0,Apply,success,,13620,2026-06-26T15:55:12.380Z,2026-06-26T15:55:26.000Z,2026-06-26T15:55:27.156Z,local_bridge,Illustrator 28.5,Operation Suite 3.1,windows,SYNTHETIC,false,normal
exec_syn_000409,acct_demo_01,ws_prepress_a,dev_win_01,actor_demo_01,sepmaker-pro,1.6.0,Apply,success,,2188,2026-06-26T12:40:20.812Z,2026-06-26T12:40:23.000Z,2026-06-26T12:40:24.112Z,local_bridge,Illustrator 28.5,Operation Suite 3.1,windows,SYNTHETIC,true,duration_drop
exec_syn_000410,acct_demo_02,ws_finishing_a,dev_mac_01,actor_demo_03,clean-vector-pro,3.6.0,CLEAN ART,success,,3155,2026-06-26T17:04:28.845Z,2026-06-26T17:04:32.000Z,2026-06-26T17:04:32.404Z,local_bridge,Illustrator 29.0,Operation Suite 3.1,macos,SYNTHETIC,false,normal
exec_syn_000411,acct_demo_02,ws_finishing_a,dev_mac_01,actor_demo_03,clean-vector-pro,3.6.0,CLEAN ART,success,,5928,2026-06-26T09:26:41.072Z,2026-06-26T09:26:47.000Z,2026-06-26T09:26:47.995Z,local_bridge,Illustrator 29.0,Operation Suite 3.1,macos,SYNTHETIC,false,normal
exec_syn_000412,acct_demo_02,ws_finishing_a,dev_mac_01,actor_demo_03,clean-vector-pro,3.6.0,CLEAN ART,success,,4870,2026-06-26T14:55:00.130Z,2026-06-26T14:55:05.000Z,2026-06-26T14:55:05.318Z,local_bridge,Illustrator 29.0,Operation Suite 3.1,macos,SYNTHETIC,false,normal
exec_syn_000413,acct_demo_01,ws_prepress_a,dev_win_01,actor_demo_01,clean-vector-pro,3.6.0,CLEAN ART,success,,7420,2026-06-26T16:10:22.580Z,2026-06-26T16:10:30.000Z,2026-06-26T16:10:30.983Z,local_bridge,Illustrator 28.5,Operation Suite 3.1,windows,SYNTHETIC,false,normal
exec_syn_000414,acct_demo_02,ws_finishing_a,dev_mac_01,actor_demo_03,clean-vector-pro,3.6.0,CLEAN ART,success,,4004,2026-06-26T09:14:59.996Z,2026-06-26T09:15:04.000Z,2026-06-26T09:15:04.546Z,local_bridge,Illustrator 29.0,Operation Suite 3.1,macos,SYNTHETIC,false,normal
exec_syn_000415,acct_demo_02,ws_finishing_a,dev_mac_01,actor_demo_03,clean-vector-pro,3.6.0,CLEAN ART,success,,16288,2026-06-26T11:54:53.712Z,2026-06-26T11:55:10.000Z,2026-06-26T11:55:11.294Z,local_bridge,Illustrator 29.0,Operation Suite 3.1,macos,SYNTHETIC,true,duration_spike
exec_syn_000416,acct_demo_03,ws_production_a,dev_win_03,actor_demo_04,sepmaker-pro,1.6.0,Apply,success,,14040,2026-06-26T11:07:54.960Z,2026-06-26T11:08:09.000Z,2026-06-26T11:08:09.695Z,local_bridge,Illustrator 28.5,Operation Suite 3.1,windows,SYNTHETIC,false,normal
exec_syn_000417,acct_demo_01,ws_prepress_a,dev_win_01,actor_demo_01,sepmaker-pro,1.6.0,Apply,success,,9922,2026-06-27T13:31:07.078Z,2026-06-27T13:31:17.000Z,2026-06-27T13:31:18.291Z,local_bridge,Illustrator 28.5,Operation Suite 3.1,windows,SYNTHETIC,false,normal
exec_syn_000418,acct_demo_01,ws_prepress_a,dev_win_01,actor_demo_01,sepmaker-pro,1.6.0,Apply,success,,11534,2026-06-27T13:44:18.466Z,2026-06-27T13:44:30.000Z,2026-06-27T13:44:31.265Z,local_bridge,Illustrator 28.5,Operation Suite 3.1,windows,SYNTHETIC,false,normal
exec_syn_000419,acct_demo_02,ws_finishing_a,dev_mac_01,actor_demo_03,sepmaker-pro,1.6.0,Apply,success,,14151,2026-06-27T15:51:07.849Z,2026-06-27T15:51:22.000Z,2026-06-27T15:51:22.364Z,local_bridge,Illustrator 29.0,Operation Suite 3.1,macos,SYNTHETIC,false,normal
exec_syn_000420,acct_demo_03,ws_production_a,dev_win_03,actor_demo_04,sepmaker-pro,1.6.0,Apply,success,,15738,2026-06-27T12:05:44.262Z,2026-06-27T12:06:00.000Z,2026-06-27T12:06:01.389Z,local_bridge,Illustrator 28.5,Operation Suite 3.1,windows,SYNTHETIC,false,normal
exec_syn_000421,acct_demo_01,ws_prepress_b,dev_win_02,actor_demo_02,clean-vector-pro,3.6.0,CLEAN ART,success,,23615,2026-06-27T12:42:31.385Z,2026-06-27T12:42:55.000Z,2026-06-27T12:42:55.937Z,local_bridge,Illustrator 28.5,Operation Suite 3.1,windows,SYNTHETIC,true,duration_spike
exec_syn_000422,acct_demo_02,ws_finishing_a,dev_mac_01,actor_demo_03,sepmaker-pro,1.6.0,Apply,success,,13459,2026-06-27T14:07:45.541Z,2026-06-27T14:07:59.000Z,2026-06-27T14:08:00.086Z,local_bridge,Illustrator 29.0,Operation Suite 3.1,macos,SYNTHETIC,false,normal
exec_syn_000423,acct_demo_03,ws_production_a,dev_win_03,actor_demo_04,sepmaker-pro,1.6.0,Apply,success,,10165,2026-06-27T14:15:38.835Z,2026-06-27T14:15:49.000Z,2026-06-27T14:15:49.516Z,local_bridge,Illustrator 28.5,Operation Suite 3.1,windows,SYNTHETIC,false,normal
exec_syn_000424,acct_demo_03,ws_production_a,dev_win_03,actor_demo_04,sepmaker-pro,1.6.0,Apply,success,,11481,2026-06-27T13:48:50.519Z,2026-06-27T13:49:02.000Z,2026-06-27T13:49:03.429Z,local_bridge,Illustrator 28.5,Operation Suite 3.1,windows,SYNTHETIC,false,normal
exec_syn_000425,acct_demo_02,ws_finishing_a,dev_mac_01,actor_demo_03,clean-vector-pro,3.6.0,CLEAN ART,success,,13789,2026-06-27T14:50:48.211Z,2026-06-27T14:51:02.000Z,2026-06-27T14:51:02.468Z,local_bridge,Illustrator 29.0,Operation Suite 3.1,macos,SYNTHETIC,true,duration_spike
exec_syn_000426,acct_demo_01,ws_prepress_b,dev_win_02,actor_demo_02,clean-vector-pro,3.6.0,CLEAN ART,success,,4655,2026-06-27T13:28:22.345Z,2026-06-27T13:28:27.000Z,2026-06-27T13:28:28.353Z,local_bridge,Illustrator 28.5,Operation Suite 3.1,windows,SYNTHETIC,false,normal
exec_syn_000427,acct_demo_01,ws_prepress_a,dev_win_01,actor_demo_01,clean-vector-pro,3.6.0,CLEAN ART,success,,3858,2026-06-27T11:36:43.142Z,2026-06-27T11:36:47.000Z,2026-06-27T11:36:47.840Z,local_bridge,Illustrator 28.5,Operation Suite 3.1,windows,SYNTHETIC,false,normal
exec_syn_000428,acct_demo_01,ws_prepress_b,dev_win_02,actor_demo_02,clean-vector-pro,3.6.0,CLEAN ART,success,,4366,2026-06-27T12:52:30.634Z,2026-06-27T12:52:35.000Z,2026-06-27T12:52:35.256Z,local_bridge,Illustrator 28.5,Operation Suite 3.1,windows,SYNTHETIC,false,normal
exec_syn_000429,acct_demo_03,ws_production_a,dev_win_03,actor_demo_04,sepmaker-pro,1.6.0,Apply,success,,10542,2026-06-27T14:56:56.458Z,2026-06-27T14:57:07.000Z,2026-06-27T14:57:08.077Z,local_bridge,Illustrator 28.5,Operation Suite 3.1,windows,SYNTHETIC,false,normal
exec_syn_000430,acct_demo_01,ws_prepress_a,dev_win_01,actor_demo_01,sepmaker-pro,1.6.0,Apply,success,,16604,2026-06-27T15:21:22.396Z,2026-06-27T15:21:39.000Z,2026-06-27T15:21:39.331Z,local_bridge,Illustrator 28.5,Operation Suite 3.1,windows,SYNTHETIC,false,normal
exec_syn_000431,acct_demo_03,ws_production_a,dev_win_03,actor_demo_04,clean-vector-pro,3.6.0,CLEAN ART,success,,3405,2026-06-27T10:58:06.595Z,2026-06-27T10:58:10.000Z,2026-06-27T10:58:10.449Z,local_bridge,Illustrator 28.5,Operation Suite 3.1,windows,SYNTHETIC,false,normal
exec_syn_000432,acct_demo_01,ws_prepress_b,dev_win_02,actor_demo_02,clean-vector-pro,3.6.0,CLEAN ART,success,,17912,2026-06-27T14:13:39.088Z,2026-06-27T14:13:57.000Z,2026-06-27T14:13:57.532Z,local_bridge,Illustrator 28.5,Operation Suite 3.1,windows,SYNTHETIC,true,duration_spike
exec_syn_000433,acct_demo_01,ws_prepress_a,dev_win_01,actor_demo_01,sepmaker-pro,1.6.0,Apply,success,,12532,2026-06-28T14:27:07.468Z,2026-06-28T14:27:20.000Z,2026-06-28T14:27:20.299Z,local_bridge,Illustrator 28.5,Operation Suite 3.1,windows,SYNTHETIC,false,normal
exec_syn_000434,acct_demo_01,ws_prepress_a,dev_win_01,actor_demo_01,sepmaker-pro,1.6.0,Apply,success,,14340,2026-06-28T12:04:05.660Z,2026-06-28T12:04:20.000Z,2026-06-28T12:04:21.089Z,local_bridge,Illustrator 28.5,Operation Suite 3.1,windows,SYNTHETIC,false,normal
exec_syn_000435,acct_demo_01,ws_prepress_a,dev_win_01,actor_demo_01,sepmaker-pro,1.6.0,Apply,success,,10841,2026-06-28T11:55:28.159Z,2026-06-28T11:55:39.000Z,2026-06-28T11:55:39.417Z,local_bridge,Illustrator 28.5,Operation Suite 3.1,windows,SYNTHETIC,false,normal
exec_syn_000436,acct_demo_02,ws_finishing_a,dev_mac_01,actor_demo_03,sepmaker-pro,1.6.0,Apply,success,,10314,2026-06-28T11:52:30.686Z,2026-06-28T11:52:41.000Z,2026-06-28T11:52:42.274Z,local_bridge,Illustrator 29.0,Operation Suite 3.1,macos,SYNTHETIC,false,normal
exec_syn_000437,acct_demo_02,ws_finishing_a,dev_mac_01,actor_demo_03,clean-vector-pro,3.6.0,CLEAN ART,success,,2781,2026-06-28T14:03:58.219Z,2026-06-28T14:04:01.000Z,2026-06-28T14:04:02.316Z,local_bridge,Illustrator 29.0,Operation Suite 3.1,macos,SYNTHETIC,false,normal
exec_syn_000438,acct_demo_01,ws_prepress_b,dev_win_02,actor_demo_02,clean-vector-pro,3.6.0,CLEAN ART,success,,3808,2026-06-28T10:08:49.192Z,2026-06-28T10:08:53.000Z,2026-06-28T10:08:54.204Z,local_bridge,Illustrator 28.5,Operation Suite 3.1,windows,SYNTHETIC,false,normal
exec_syn_000439,acct_demo_01,ws_prepress_a,dev_win_01,actor_demo_01,sepmaker-pro,1.6.0,Apply,cancelled,ACTION_CANCELLED,9563,2026-06-28T10:48:15.437Z,2026-06-28T10:48:25.000Z,2026-06-28T10:48:25.276Z,local_bridge,Illustrator 28.5,Operation Suite 3.1,windows,SYNTHETIC,false,normal
exec_syn_000440,acct_demo_01,ws_prepress_b,dev_win_02,actor_demo_02,sepmaker-pro,1.6.0,Apply,success,,9119,2026-06-28T11:05:04.881Z,2026-06-28T11:05:14.000Z,2026-06-28T11:05:15.189Z,local_bridge,Illustrator 28.5,Operation Suite 3.1,windows,SYNTHETIC,false,normal
exec_syn_000441,acct_demo_02,ws_finishing_a,dev_mac_01,actor_demo_03,clean-vector-pro,3.6.0,CLEAN ART,success,,2943,2026-06-28T13:33:42.057Z,2026-06-28T13:33:45.000Z,2026-06-28T13:33:45.467Z,local_bridge,Illustrator 29.0,Operation Suite 3.1,macos,SYNTHETIC,false,normal
exec_syn_000442,acct_demo_03,ws_production_a,dev_win_03,actor_demo_04,sepmaker-pro,1.6.0,Apply,success,,31683,2026-06-28T12:57:21.317Z,2026-06-28T12:57:53.000Z,2026-06-28T12:57:54.326Z,local_bridge,Illustrator 28.5,Operation Suite 3.1,windows,SYNTHETIC,true,duration_spike
exec_syn_000443,acct_demo_01,ws_prepress_b,dev_win_02,actor_demo_02,sepmaker-pro,1.6.0,Apply,success,,11785,2026-06-28T10:30:31.215Z,2026-06-28T10:30:43.000Z,2026-06-28T10:30:44.053Z,local_bridge,Illustrator 28.5,Operation Suite 3.1,windows,SYNTHETIC,false,normal
exec_syn_000444,acct_demo_03,ws_production_a,dev_win_03,actor_demo_04,sepmaker-pro,1.6.0,Apply,success,,15390,2026-06-28T10:03:20.610Z,2026-06-28T10:03:36.000Z,2026-06-28T10:03:37.335Z,local_bridge,Illustrator 28.5,Operation Suite 3.1,windows,SYNTHETIC,false,normal
exec_syn_000445,acct_demo_02,ws_finishing_a,dev_mac_01,actor_demo_03,sepmaker-pro,1.6.0,Apply,success,,9822,2026-06-28T13:29:37.178Z,2026-06-28T13:29:47.000Z,2026-06-28T13:29:48.095Z,local_bridge,Illustrator 29.0,Operation Suite 3.1,macos,SYNTHETIC,false,normal
exec_syn_000446,acct_demo_01,ws_prepress_b,dev_win_02,actor_demo_02,sepmaker-pro,1.6.0,Apply,success,,13606,2026-06-28T11:13:26.394Z,2026-06-28T11:13:40.000Z,2026-06-28T11:13:40.493Z,local_bridge,Illustrator 28.5,Operation Suite 3.1,windows,SYNTHETIC,false,normal
exec_syn_000447,acct_demo_01,ws_prepress_a,dev_win_01,actor_demo_01,clean-vector-pro,3.6.0,CLEAN ART,success,,3900,2026-06-28T11:24:53.100Z,2026-06-28T11:24:57.000Z,2026-06-28T11:24:57.452Z,local_bridge,Illustrator 28.5,Operation Suite 3.1,windows,SYNTHETIC,false,normal
exec_syn_000448,acct_demo_02,ws_finishing_a,dev_mac_01,actor_demo_03,sepmaker-pro,1.6.0,Apply,success,,9481,2026-06-28T14:25:04.519Z,2026-06-28T14:25:14.000Z,2026-06-28T14:25:15.412Z,local_bridge,Illustrator 29.0,Operation Suite 3.1,macos,SYNTHETIC,false,normal
exec_syn_000449,acct_demo_01,ws_prepress_b,dev_win_02,actor_demo_02,clean-vector-pro,3.6.0,CLEAN ART,success,,4436,2026-06-29T14:10:37.564Z,2026-06-29T14:10:42.000Z,2026-06-29T14:10:43.422Z,local_bridge,Illustrator 28.5,Operation Suite 3.1,windows,SYNTHETIC,false,normal
exec_syn_000450,acct_demo_02,ws_finishing_a,dev_mac_01,actor_demo_03,sepmaker-pro,1.6.0,Apply,success,,9559,2026-06-29T17:52:28.441Z,2026-06-29T17:52:38.000Z,2026-06-29T17:52:38.675Z,local_bridge,Illustrator 29.0,Operation Suite 3.1,macos,SYNTHETIC,false,normal
exec_syn_000451,acct_demo_03,ws_production_a,dev_win_03,actor_demo_04,sepmaker-pro,1.6.0,Apply,success,,13580,2026-06-29T14:16:07.420Z,2026-06-29T14:16:21.000Z,2026-06-29T14:16:21.425Z,local_bridge,Illustrator 28.5,Operation Suite 3.1,windows,SYNTHETIC,false,normal
exec_syn_000452,acct_demo_01,ws_prepress_b,dev_win_02,actor_demo_02,clean-vector-pro,3.6.0,CLEAN ART,success,,5274,2026-06-29T17:20:41.726Z,2026-06-29T17:20:47.000Z,2026-06-29T17:20:48.340Z,local_bridge,Illustrator 28.5,Operation Suite 3.1,windows,SYNTHETIC,false,normal
exec_syn_000453,acct_demo_01,ws_prepress_b,dev_win_02,actor_demo_02,sepmaker-pro,1.6.0,Apply,success,,17291,2026-06-29T09:44:58.709Z,2026-06-29T09:45:16.000Z,2026-06-29T09:45:16.934Z,local_bridge,Illustrator 28.5,Operation Suite 3.1,windows,SYNTHETIC,false,normal
exec_syn_000454,acct_demo_01,ws_prepress_b,dev_win_02,actor_demo_02,sepmaker-pro,1.6.0,Apply,success,,14383,2026-06-29T09:43:45.617Z,2026-06-29T09:44:00.000Z,2026-06-29T09:44:01.012Z,local_bridge,Illustrator 28.5,Operation Suite 3.1,windows,SYNTHETIC,false,normal
exec_syn_000455,acct_demo_03,ws_production_a,dev_win_03,actor_demo_04,sepmaker-pro,1.6.0,Apply,success,,13166,2026-06-29T08:55:37.834Z,2026-06-29T08:55:51.000Z,2026-06-29T08:55:51.355Z,local_bridge,Illustrator 28.5,Operation Suite 3.1,windows,SYNTHETIC,false,normal
exec_syn_000456,acct_demo_01,ws_prepress_b,dev_win_02,actor_demo_02,clean-vector-pro,3.6.0,CLEAN ART,failure,VALIDATION_FAILED,4206,2026-06-29T09:05:03.794Z,2026-06-29T09:05:08.000Z,2026-06-29T09:05:08.826Z,local_bridge,Illustrator 28.5,Operation Suite 3.1,windows,SYNTHETIC,false,normal
exec_syn_000457,acct_demo_01,ws_prepress_b,dev_win_02,actor_demo_02,sepmaker-pro,1.6.0,Apply,success,,11880,2026-06-29T14:33:41.120Z,2026-06-29T14:33:53.000Z,2026-06-29T14:33:53.765Z,local_bridge,Illustrator 28.5,Operation Suite 3.1,windows,SYNTHETIC,false,normal
exec_syn_000458,acct_demo_03,ws_production_a,dev_win_03,actor_demo_04,sepmaker-pro,1.6.0,Apply,cancelled,ACTION_CANCELLED,8120,2026-06-29T10:23:40.880Z,2026-06-29T10:23:49.000Z,2026-06-29T10:23:49.662Z,local_bridge,Illustrator 28.5,Operation Suite 3.1,windows,SYNTHETIC,false,normal
exec_syn_000459,acct_demo_01,ws_prepress_b,dev_win_02,actor_demo_02,sepmaker-pro,1.6.0,Apply,success,,9162,2026-06-29T12:24:34.838Z,2026-06-29T12:24:44.000Z,2026-06-29T12:24:45.197Z,local_bridge,Illustrator 28.5,Operation Suite 3.1,windows,SYNTHETIC,false,normal
exec_syn_000460,acct_demo_03,ws_production_a,dev_win_03,actor_demo_04,sepmaker-pro,1.6.0,Apply,success,,14432,2026-06-29T07:59:53.568Z,2026-06-29T08:00:08.000Z,2026-06-29T08:00:09.228Z,local_bridge,Illustrator 28.5,Operation Suite 3.1,windows,SYNTHETIC,false,normal
exec_syn_000461,acct_demo_03,ws_production_a,dev_win_03,actor_demo_04,clean-vector-pro,3.6.0,CLEAN ART,success,,6739,2026-06-29T08:16:08.261Z,2026-06-29T08:16:15.000Z,2026-06-29T08:16:16.094Z,local_bridge,Illustrator 28.5,Operation Suite 3.1,windows,SYNTHETIC,false,normal
exec_syn_000462,acct_demo_01,ws_prepress_b,dev_win_02,actor_demo_02,sepmaker-pro,1.6.0,Apply,success,,14927,2026-06-29T09:34:13.073Z,2026-06-29T09:34:28.000Z,2026-06-29T09:34:29.440Z,local_bridge,Illustrator 28.5,Operation Suite 3.1,windows,SYNTHETIC,false,normal
exec_syn_000463,acct_demo_03,ws_production_a,dev_win_03,actor_demo_04,sepmaker-pro,1.6.0,Apply,success,,33379,2026-06-29T12:54:23.621Z,2026-06-29T12:54:57.000Z,2026-06-29T12:54:57.323Z,local_bridge,Illustrator 28.5,Operation Suite 3.1,windows,SYNTHETIC,true,duration_spike
exec_syn_000464,acct_demo_02,ws_finishing_a,dev_mac_01,actor_demo_03,clean-vector-pro,3.6.0,CLEAN ART,success,,3933,2026-06-29T10:37:17.067Z,2026-06-29T10:37:21.000Z,2026-06-29T10:37:21.715Z,local_bridge,Illustrator 29.0,Operation Suite 3.1,macos,SYNTHETIC,false,normal
exec_syn_000465,acct_demo_03,ws_production_a,dev_win_03,actor_demo_04,clean-vector-pro,3.6.0,CLEAN ART,success,,4008,2026-06-30T13:18:58.992Z,2026-06-30T13:19:03.000Z,2026-06-30T13:19:04.141Z,local_bridge,Illustrator 28.5,Operation Suite 3.1,windows,SYNTHETIC,false,normal
exec_syn_000466,acct_demo_03,ws_production_a,dev_win_03,actor_demo_04,sepmaker-pro,1.6.0,Apply,success,,10922,2026-06-30T12:09:50.078Z,2026-06-30T12:10:01.000Z,2026-06-30T12:10:01.321Z,local_bridge,Illustrator 28.5,Operation Suite 3.1,windows,SYNTHETIC,false,normal
exec_syn_000467,acct_demo_01,ws_prepress_b,dev_win_02,actor_demo_02,clean-vector-pro,3.6.0,CLEAN ART,success,,4276,2026-06-30T15:38:35.724Z,2026-06-30T15:38:40.000Z,2026-06-30T15:38:40.468Z,local_bridge,Illustrator 28.5,Operation Suite 3.1,windows,SYNTHETIC,false,normal
exec_syn_000468,acct_demo_01,ws_prepress_b,dev_win_02,actor_demo_02,sepmaker-pro,1.6.0,Apply,failure,DOCUMENT_UNAVAILABLE,11897,2026-06-30T12:50:18.103Z,2026-06-30T12:50:30.000Z,2026-06-30T12:50:30.821Z,local_bridge,Illustrator 28.5,Operation Suite 3.1,windows,SYNTHETIC,false,normal
exec_syn_000469,acct_demo_01,ws_prepress_b,dev_win_02,actor_demo_02,clean-vector-pro,3.6.0,CLEAN ART,success,,3363,2026-06-30T13:53:21.637Z,2026-06-30T13:53:25.000Z,2026-06-30T13:53:25.911Z,local_bridge,Illustrator 28.5,Operation Suite 3.1,windows,SYNTHETIC,false,normal
exec_syn_000470,acct_demo_01,ws_prepress_b,dev_win_02,actor_demo_02,clean-vector-pro,3.6.0,CLEAN ART,success,,5502,2026-06-30T14:38:10.498Z,2026-06-30T14:38:16.000Z,2026-06-30T14:38:16.945Z,local_bridge,Illustrator 28.5,Operation Suite 3.1,windows,SYNTHETIC,false,normal
exec_syn_000471,acct_demo_03,ws_production_a,dev_win_03,actor_demo_04,clean-vector-pro,3.6.0,CLEAN ART,success,,4075,2026-06-30T10:41:29.925Z,2026-06-30T10:41:34.000Z,2026-06-30T10:41:34.571Z,local_bridge,Illustrator 28.5,Operation Suite 3.1,windows,SYNTHETIC,false,normal
exec_syn_000472,acct_demo_01,ws_prepress_b,dev_win_02,actor_demo_02,clean-vector-pro,3.6.0,CLEAN ART,success,,4530,2026-06-30T17:57:00.470Z,2026-06-30T17:57:05.000Z,2026-06-30T17:57:05.512Z,local_bridge,Illustrator 28.5,Operation Suite 3.1,windows,SYNTHETIC,false,normal
exec_syn_000473,acct_demo_03,ws_production_a,dev_win_03,actor_demo_04,clean-vector-pro,3.6.0,CLEAN ART,success,,5532,2026-06-30T16:09:46.468Z,2026-06-30T16:09:52.000Z,2026-06-30T16:09:53.335Z,local_bridge,Illustrator 28.5,Operation Suite 3.1,windows,SYNTHETIC,false,normal
exec_syn_000474,acct_demo_01,ws_prepress_a,dev_win_01,actor_demo_01,sepmaker-pro,1.6.0,Apply,success,,19550,2026-06-30T09:19:24.450Z,2026-06-30T09:19:44.000Z,2026-06-30T09:19:45.248Z,local_bridge,Illustrator 28.5,Operation Suite 3.1,windows,SYNTHETIC,false,normal
exec_syn_000475,acct_demo_03,ws_production_a,dev_win_03,actor_demo_04,sepmaker-pro,1.6.0,Apply,success,,13925,2026-06-30T14:43:43.075Z,2026-06-30T14:43:57.000Z,2026-06-30T14:43:58.396Z,local_bridge,Illustrator 28.5,Operation Suite 3.1,windows,SYNTHETIC,false,normal
exec_syn_000476,acct_demo_01,ws_prepress_a,dev_win_01,actor_demo_01,clean-vector-pro,3.6.0,CLEAN ART,cancelled,ACTION_CANCELLED,4387,2026-06-30T11:17:05.613Z,2026-06-30T11:17:10.000Z,2026-06-30T11:17:11.155Z,local_bridge,Illustrator 28.5,Operation Suite 3.1,windows,SYNTHETIC,false,normal
exec_syn_000477,acct_demo_01,ws_prepress_a,dev_win_01,actor_demo_01,clean-vector-pro,3.6.0,CLEAN ART,success,,3882,2026-06-30T12:22:11.118Z,2026-06-30T12:22:15.000Z,2026-06-30T12:22:15.500Z,local_bridge,Illustrator 28.5,Operation Suite 3.1,windows,SYNTHETIC,false,normal
exec_syn_000478,acct_demo_02,ws_finishing_a,dev_mac_01,actor_demo_03,clean-vector-pro,3.6.0,CLEAN ART,success,,4748,2026-06-30T17:42:44.252Z,2026-06-30T17:42:49.000Z,2026-06-30T17:42:49.665Z,local_bridge,Illustrator 29.0,Operation Suite 3.1,macos,SYNTHETIC,false,normal
exec_syn_000479,acct_demo_03,ws_production_a,dev_win_03,actor_demo_04,sepmaker-pro,1.6.0,Apply,success,,16765,2026-06-30T10:14:14.235Z,2026-06-30T10:14:31.000Z,2026-06-30T10:14:32.463Z,local_bridge,Illustrator 28.5,Operation Suite 3.1,windows,SYNTHETIC,false,normal
exec_syn_000480,acct_demo_01,ws_prepress_a,dev_win_01,actor_demo_01,clean-vector-pro,3.6.0,CLEAN ART,failure,DOCUMENT_UNAVAILABLE,3940,2026-06-30T16:52:02.060Z,2026-06-30T16:52:06.000Z,2026-06-30T16:52:07.471Z,local_bridge,Illustrator 28.5,Operation Suite 3.1,windows,SYNTHETIC,false,normal
exec_syn_000481,acct_demo_03,ws_production_a,dev_win_03,actor_demo_04,clean-vector-pro,3.6.0,CLEAN ART,success,,4412,2026-07-01T16:54:20.588Z,2026-07-01T16:54:25.000Z,2026-07-01T16:54:26.052Z,local_bridge,Illustrator 28.5,Operation Suite 3.1,windows,SYNTHETIC,false,normal
exec_syn_000482,acct_demo_03,ws_production_a,dev_win_03,actor_demo_04,sepmaker-pro,1.6.0,Apply,success,,10529,2026-07-01T12:38:32.471Z,2026-07-01T12:38:43.000Z,2026-07-01T12:38:43.272Z,local_bridge,Illustrator 28.5,Operation Suite 3.1,windows,SYNTHETIC,false,normal
exec_syn_000483,acct_demo_01,ws_prepress_a,dev_win_01,actor_demo_01,clean-vector-pro,3.6.0,CLEAN ART,success,,5193,2026-07-01T12:30:53.807Z,2026-07-01T12:30:59.000Z,2026-07-01T12:30:59.379Z,local_bridge,Illustrator 28.5,Operation Suite 3.1,windows,SYNTHETIC,false,normal
exec_syn_000484,acct_demo_01,ws_prepress_b,dev_win_02,actor_demo_02,sepmaker-pro,1.6.0,Apply,success,,43525,2026-07-01T16:41:17.475Z,2026-07-01T16:42:01.000Z,2026-07-01T16:42:01.731Z,local_bridge,Illustrator 28.5,Operation Suite 3.1,windows,SYNTHETIC,true,duration_spike
exec_syn_000485,acct_demo_01,ws_prepress_a,dev_win_01,actor_demo_01,sepmaker-pro,1.6.0,Apply,success,,10463,2026-07-01T13:07:13.537Z,2026-07-01T13:07:24.000Z,2026-07-01T13:07:24.371Z,local_bridge,Illustrator 28.5,Operation Suite 3.1,windows,SYNTHETIC,false,normal
exec_syn_000486,acct_demo_01,ws_prepress_a,dev_win_01,actor_demo_01,sepmaker-pro,1.6.0,Apply,success,,10821,2026-07-01T09:25:26.179Z,2026-07-01T09:25:37.000Z,2026-07-01T09:25:38.164Z,local_bridge,Illustrator 28.5,Operation Suite 3.1,windows,SYNTHETIC,false,normal
exec_syn_000487,acct_demo_02,ws_finishing_a,dev_mac_01,actor_demo_03,clean-vector-pro,3.6.0,CLEAN ART,success,,4708,2026-07-01T11:33:43.292Z,2026-07-01T11:33:48.000Z,2026-07-01T11:33:48.829Z,local_bridge,Illustrator 29.0,Operation Suite 3.1,macos,SYNTHETIC,false,normal
exec_syn_000488,acct_demo_01,ws_prepress_a,dev_win_01,actor_demo_01,clean-vector-pro,3.6.0,CLEAN ART,success,,4080,2026-07-01T17:10:14.920Z,2026-07-01T17:10:19.000Z,2026-07-01T17:10:20.190Z,local_bridge,Illustrator 28.5,Operation Suite 3.1,windows,SYNTHETIC,false,normal
exec_syn_000489,acct_demo_03,ws_production_a,dev_win_03,actor_demo_04,sepmaker-pro,1.6.0,Apply,success,,15966,2026-07-01T10:32:41.034Z,2026-07-01T10:32:57.000Z,2026-07-01T10:32:57.729Z,local_bridge,Illustrator 28.5,Operation Suite 3.1,windows,SYNTHETIC,false,normal
exec_syn_000490,acct_demo_01,ws_prepress_a,dev_win_01,actor_demo_01,clean-vector-pro,3.6.0,CLEAN ART,success,,3015,2026-07-01T08:11:14.985Z,2026-07-01T08:11:18.000Z,2026-07-01T08:11:18.757Z,local_bridge,Illustrator 28.5,Operation Suite 3.1,windows,SYNTHETIC,false,normal
exec_syn_000491,acct_demo_02,ws_finishing_a,dev_mac_01,actor_demo_03,clean-vector-pro,3.6.0,CLEAN ART,success,,4305,2026-07-01T08:48:40.695Z,2026-07-01T08:48:45.000Z,2026-07-01T08:48:46.269Z,local_bridge,Illustrator 29.0,Operation Suite 3.1,macos,SYNTHETIC,false,normal
exec_syn_000492,acct_demo_01,ws_prepress_a,dev_win_01,actor_demo_01,sepmaker-pro,1.6.0,Apply,success,,10690,2026-07-01T11:01:54.310Z,2026-07-01T11:02:05.000Z,2026-07-01T11:02:05.353Z,local_bridge,Illustrator 28.5,Operation Suite 3.1,windows,SYNTHETIC,false,normal
exec_syn_000493,acct_demo_01,ws_prepress_b,dev_win_02,actor_demo_02,sepmaker-pro,1.6.0,Apply,success,,14487,2026-07-01T14:32:44.513Z,2026-07-01T14:32:59.000Z,2026-07-01T14:33:00.107Z,local_bridge,Illustrator 28.5,Operation Suite 3.1,windows,SYNTHETIC,false,normal
exec_syn_000494,acct_demo_02,ws_finishing_a,dev_mac_01,actor_demo_03,clean-vector-pro,3.6.0,CLEAN ART,success,,3160,2026-07-01T13:55:56.840Z,2026-07-01T13:56:00.000Z,2026-07-01T13:56:01.040Z,local_bridge,Illustrator 29.0,Operation Suite 3.1,macos,SYNTHETIC,false,normal
exec_syn_000495,acct_demo_02,ws_finishing_a,dev_mac_01,actor_demo_03,clean-vector-pro,3.6.0,CLEAN ART,success,,4531,2026-07-01T13:24:34.469Z,2026-07-01T13:24:39.000Z,2026-07-01T13:24:39.553Z,local_bridge,Illustrator 29.0,Operation Suite 3.1,macos,SYNTHETIC,false,normal
exec_syn_000496,acct_demo_01,ws_prepress_b,dev_win_02,actor_demo_02,clean-vector-pro,3.6.0,CLEAN ART,success,,4913,2026-07-01T11:08:34.087Z,2026-07-01T11:08:39.000Z,2026-07-01T11:08:40.474Z,local_bridge,Illustrator 28.5,Operation Suite 3.1,windows,SYNTHETIC,false,normal
exec_syn_000497,acct_demo_03,ws_production_a,dev_win_03,actor_demo_04,clean-vector-pro,3.6.0,CLEAN ART,success,,4075,2026-07-02T17:03:21.925Z,2026-07-02T17:03:26.000Z,2026-07-02T17:03:27.411Z,local_bridge,Illustrator 28.5,Operation Suite 3.1,windows,SYNTHETIC,false,normal
exec_syn_000498,acct_demo_01,ws_prepress_b,dev_win_02,actor_demo_02,clean-vector-pro,3.6.0,CLEAN ART,success,,6157,2026-07-02T11:48:57.843Z,2026-07-02T11:49:04.000Z,2026-07-02T11:49:05.010Z,local_bridge,Illustrator 28.5,Operation Suite 3.1,windows,SYNTHETIC,false,normal
exec_syn_000499,acct_demo_02,ws_finishing_a,dev_mac_01,actor_demo_03,sepmaker-pro,1.6.0,Apply,success,,8119,2026-07-02T12:26:52.881Z,2026-07-02T12:27:01.000Z,2026-07-02T12:27:01.523Z,local_bridge,Illustrator 29.0,Operation Suite 3.1,macos,SYNTHETIC,false,normal
exec_syn_000500,acct_demo_01,ws_prepress_a,dev_win_01,actor_demo_01,clean-vector-pro,3.6.0,CLEAN ART,success,,17651,2026-07-02T16:10:30.349Z,2026-07-02T16:10:48.000Z,2026-07-02T16:10:48.930Z,local_bridge,Illustrator 28.5,Operation Suite 3.1,windows,SYNTHETIC,true,duration_spike
exec_syn_000501,acct_demo_01,ws_prepress_a,dev_win_01,actor_demo_01,sepmaker-pro,1.6.0,Apply,success,,11397,2026-07-02T09:48:22.603Z,2026-07-02T09:48:34.000Z,2026-07-02T09:48:35.378Z,local_bridge,Illustrator 28.5,Operation Suite 3.1,windows,SYNTHETIC,false,normal
exec_syn_000502,acct_demo_03,ws_production_a,dev_win_03,actor_demo_04,clean-vector-pro,3.6.0,CLEAN ART,success,,5856,2026-07-02T17:37:32.144Z,2026-07-02T17:37:38.000Z,2026-07-02T17:37:39.201Z,local_bridge,Illustrator 28.5,Operation Suite 3.1,windows,SYNTHETIC,false,normal
exec_syn_000503,acct_demo_02,ws_finishing_a,dev_mac_01,actor_demo_03,sepmaker-pro,1.6.0,Apply,success,,8541,2026-07-02T17:25:06.459Z,2026-07-02T17:25:15.000Z,2026-07-02T17:25:15.371Z,local_bridge,Illustrator 29.0,Operation Suite 3.1,macos,SYNTHETIC,false,normal
exec_syn_000504,acct_demo_01,ws_prepress_a,dev_win_01,actor_demo_01,clean-vector-pro,3.6.0,CLEAN ART,success,,5020,2026-07-02T15:39:13.980Z,2026-07-02T15:39:19.000Z,2026-07-02T15:39:19.648Z,local_bridge,Illustrator 28.5,Operation Suite 3.1,windows,SYNTHETIC,false,normal
exec_syn_000505,acct_demo_01,ws_prepress_a,dev_win_01,actor_demo_01,clean-vector-pro,3.6.0,CLEAN ART,failure,HOST_UNAVAILABLE,20546,2026-07-02T09:06:25.454Z,2026-07-02T09:06:46.000Z,2026-07-02T09:06:46.267Z,local_bridge,Illustrator 28.5,Operation Suite 3.1,windows,SYNTHETIC,true,duration_spike
exec_syn_000506,acct_demo_01,ws_prepress_b,dev_win_02,actor_demo_02,clean-vector-pro,3.6.0,CLEAN ART,cancelled,ACTION_CANCELLED,3119,2026-07-02T16:49:34.881Z,2026-07-02T16:49:38.000Z,2026-07-02T16:49:39.437Z,local_bridge,Illustrator 28.5,Operation Suite 3.1,windows,SYNTHETIC,false,normal
exec_syn_000507,acct_demo_01,ws_prepress_b,dev_win_02,actor_demo_02,sepmaker-pro,1.6.0,Apply,success,,10402,2026-07-02T08:32:41.598Z,2026-07-02T08:32:52.000Z,2026-07-02T08:32:52.633Z,local_bridge,Illustrator 28.5,Operation Suite 3.1,windows,SYNTHETIC,false,normal
exec_syn_000508,acct_demo_01,ws_prepress_a,dev_win_01,actor_demo_01,clean-vector-pro,3.6.0,CLEAN ART,success,,4732,2026-07-02T15:01:31.268Z,2026-07-02T15:01:36.000Z,2026-07-02T15:01:36.636Z,local_bridge,Illustrator 28.5,Operation Suite 3.1,windows,SYNTHETIC,false,normal
exec_syn_000509,acct_demo_01,ws_prepress_b,dev_win_02,actor_demo_02,sepmaker-pro,1.6.0,Apply,success,,16099,2026-07-02T17:28:35.901Z,2026-07-02T17:28:52.000Z,2026-07-02T17:28:53.096Z,local_bridge,Illustrator 28.5,Operation Suite 3.1,windows,SYNTHETIC,false,normal
exec_syn_000510,acct_demo_03,ws_production_a,dev_win_03,actor_demo_04,sepmaker-pro,1.6.0,Apply,success,,16984,2026-07-02T12:34:05.016Z,2026-07-02T12:34:22.000Z,2026-07-02T12:34:23.454Z,local_bridge,Illustrator 28.5,Operation Suite 3.1,windows,SYNTHETIC,false,normal
exec_syn_000511,acct_demo_03,ws_production_a,dev_win_03,actor_demo_04,clean-vector-pro,3.6.0,CLEAN ART,success,,27322,2026-07-02T14:36:07.678Z,2026-07-02T14:36:35.000Z,2026-07-02T14:36:35.891Z,local_bridge,Illustrator 28.5,Operation Suite 3.1,windows,SYNTHETIC,true,duration_spike
exec_syn_000512,acct_demo_01,ws_prepress_a,dev_win_01,actor_demo_01,sepmaker-pro,1.6.0,Apply,success,,10184,2026-07-02T09:18:30.816Z,2026-07-02T09:18:41.000Z,2026-07-02T09:18:42.024Z,local_bridge,Illustrator 28.5,Operation Suite 3.1,windows,SYNTHETIC,false,normal
exec_syn_000513,acct_demo_03,ws_production_a,dev_win_03,actor_demo_04,sepmaker-pro,1.6.0,Apply,failure,HOST_UNAVAILABLE,18961,2026-07-03T10:10:22.039Z,2026-07-03T10:10:41.000Z,2026-07-03T10:10:42.159Z,local_bridge,Illustrator 28.5,Operation Suite 3.1,windows,SYNTHETIC,false,normal
exec_syn_000514,acct_demo_01,ws_prepress_a,dev_win_01,actor_demo_01,clean-vector-pro,3.6.0,CLEAN ART,success,,3683,2026-07-03T14:20:24.317Z,2026-07-03T14:20:28.000Z,2026-07-03T14:20:29.493Z,local_bridge,Illustrator 28.5,Operation Suite 3.1,windows,SYNTHETIC,false,normal
exec_syn_000515,acct_demo_01,ws_prepress_a,dev_win_01,actor_demo_01,clean-vector-pro,3.6.0,CLEAN ART,success,,3336,2026-07-03T11:47:51.664Z,2026-07-03T11:47:55.000Z,2026-07-03T11:47:55.807Z,local_bridge,Illustrator 28.5,Operation Suite 3.1,windows,SYNTHETIC,false,normal
exec_syn_000516,acct_demo_02,ws_finishing_a,dev_mac_01,actor_demo_03,sepmaker-pro,1.6.0,Apply,success,,8389,2026-07-03T14:38:22.611Z,2026-07-03T14:38:31.000Z,2026-07-03T14:38:31.974Z,local_bridge,Illustrator 29.0,Operation Suite 3.1,macos,SYNTHETIC,false,normal
exec_syn_000517,acct_demo_01,ws_prepress_b,dev_win_02,actor_demo_02,clean-vector-pro,3.6.0,CLEAN ART,success,,7023,2026-07-03T13:21:02.977Z,2026-07-03T13:21:10.000Z,2026-07-03T13:21:10.760Z,local_bridge,Illustrator 28.5,Operation Suite 3.1,windows,SYNTHETIC,false,normal
exec_syn_000518,acct_demo_03,ws_production_a,dev_win_03,actor_demo_04,clean-vector-pro,3.6.0,CLEAN ART,success,,4721,2026-07-03T14:24:34.279Z,2026-07-03T14:24:39.000Z,2026-07-03T14:24:39.637Z,local_bridge,Illustrator 28.5,Operation Suite 3.1,windows,SYNTHETIC,false,normal
exec_syn_000519,acct_demo_03,ws_production_a,dev_win_03,actor_demo_04,sepmaker-pro,1.6.0,Apply,success,,13419,2026-07-03T17:48:48.581Z,2026-07-03T17:49:02.000Z,2026-07-03T17:49:03.313Z,local_bridge,Illustrator 28.5,Operation Suite 3.1,windows,SYNTHETIC,false,normal
exec_syn_000520,acct_demo_01,ws_prepress_a,dev_win_01,actor_demo_01,sepmaker-pro,1.6.0,Apply,success,,10638,2026-07-03T16:15:06.362Z,2026-07-03T16:15:17.000Z,2026-07-03T16:15:18.042Z,local_bridge,Illustrator 28.5,Operation Suite 3.1,windows,SYNTHETIC,false,normal
exec_syn_000521,acct_demo_03,ws_production_a,dev_win_03,actor_demo_04,sepmaker-pro,1.6.0,Apply,success,,10033,2026-07-03T13:27:45.967Z,2026-07-03T13:27:56.000Z,2026-07-03T13:27:57.367Z,local_bridge,Illustrator 28.5,Operation Suite 3.1,windows,SYNTHETIC,false,normal
exec_syn_000522,acct_demo_01,ws_prepress_a,dev_win_01,actor_demo_01,sepmaker-pro,1.6.0,Apply,success,,11951,2026-07-03T13:51:58.049Z,2026-07-03T13:52:10.000Z,2026-07-03T13:52:10.546Z,local_bridge,Illustrator 28.5,Operation Suite 3.1,windows,SYNTHETIC,false,normal
exec_syn_000523,acct_demo_01,ws_prepress_a,dev_win_01,actor_demo_01,sepmaker-pro,1.6.0,Apply,success,,11129,2026-07-03T15:16:48.871Z,2026-07-03T15:17:00.000Z,2026-07-03T15:17:00.318Z,local_bridge,Illustrator 28.5,Operation Suite 3.1,windows,SYNTHETIC,false,normal
exec_syn_000524,acct_demo_01,ws_prepress_a,dev_win_01,actor_demo_01,sepmaker-pro,1.6.0,Apply,success,,12608,2026-07-03T17:01:42.392Z,2026-07-03T17:01:55.000Z,2026-07-03T17:01:56.405Z,local_bridge,Illustrator 28.5,Operation Suite 3.1,windows,SYNTHETIC,false,normal
exec_syn_000525,acct_demo_02,ws_finishing_a,dev_mac_01,actor_demo_03,sepmaker-pro,1.6.0,Apply,cancelled,ACTION_CANCELLED,34644,2026-07-03T17:00:57.356Z,2026-07-03T17:01:32.000Z,2026-07-03T17:01:32.959Z,local_bridge,Illustrator 29.0,Operation Suite 3.1,macos,SYNTHETIC,true,duration_spike
exec_syn_000526,acct_demo_03,ws_production_a,dev_win_03,actor_demo_04,clean-vector-pro,3.6.0,CLEAN ART,success,,3509,2026-07-03T11:33:13.491Z,2026-07-03T11:33:17.000Z,2026-07-03T11:33:18.196Z,local_bridge,Illustrator 28.5,Operation Suite 3.1,windows,SYNTHETIC,false,normal
exec_syn_000527,acct_demo_03,ws_production_a,dev_win_03,actor_demo_04,sepmaker-pro,1.6.0,Apply,success,,14187,2026-07-03T14:26:28.813Z,2026-07-03T14:26:43.000Z,2026-07-03T14:26:43.957Z,local_bridge,Illustrator 28.5,Operation Suite 3.1,windows,SYNTHETIC,false,normal
exec_syn_000528,acct_demo_02,ws_finishing_a,dev_mac_01,actor_demo_03,sepmaker-pro,1.6.0,Apply,success,,2666,2026-07-03T12:45:42.334Z,2026-07-03T12:45:45.000Z,2026-07-03T12:45:46.488Z,local_bridge,Illustrator 29.0,Operation Suite 3.1,macos,SYNTHETIC,true,duration_drop
exec_syn_000529,acct_demo_01,ws_prepress_b,dev_win_02,actor_demo_02,sepmaker-pro,1.6.0,Apply,success,,18331,2026-07-04T14:05:36.669Z,2026-07-04T14:05:55.000Z,2026-07-04T14:05:55.416Z,local_bridge,Illustrator 28.5,Operation Suite 3.1,windows,SYNTHETIC,false,normal
exec_syn_000530,acct_demo_01,ws_prepress_b,dev_win_02,actor_demo_02,sepmaker-pro,1.6.0,Apply,success,,13573,2026-07-04T15:51:17.427Z,2026-07-04T15:51:31.000Z,2026-07-04T15:51:32.361Z,local_bridge,Illustrator 28.5,Operation Suite 3.1,windows,SYNTHETIC,false,normal
exec_syn_000531,acct_demo_03,ws_production_a,dev_win_03,actor_demo_04,clean-vector-pro,3.6.0,CLEAN ART,success,,4907,2026-07-04T10:23:16.093Z,2026-07-04T10:23:21.000Z,2026-07-04T10:23:22.118Z,local_bridge,Illustrator 28.5,Operation Suite 3.1,windows,SYNTHETIC,false,normal
exec_syn_000532,acct_demo_03,ws_production_a,dev_win_03,actor_demo_04,sepmaker-pro,1.6.0,Apply,success,,18517,2026-07-04T14:01:06.483Z,2026-07-04T14:01:25.000Z,2026-07-04T14:01:25.654Z,local_bridge,Illustrator 28.5,Operation Suite 3.1,windows,SYNTHETIC,false,normal
exec_syn_000533,acct_demo_02,ws_finishing_a,dev_mac_01,actor_demo_03,clean-vector-pro,3.6.0,CLEAN ART,success,,4820,2026-07-04T13:47:29.180Z,2026-07-04T13:47:34.000Z,2026-07-04T13:47:34.953Z,local_bridge,Illustrator 29.0,Operation Suite 3.1,macos,SYNTHETIC,false,normal
exec_syn_000534,acct_demo_01,ws_prepress_b,dev_win_02,actor_demo_02,sepmaker-pro,1.6.0,Apply,success,,8266,2026-07-04T13:01:33.734Z,2026-07-04T13:01:42.000Z,2026-07-04T13:01:42.451Z,local_bridge,Illustrator 28.5,Operation Suite 3.1,windows,SYNTHETIC,false,normal
exec_syn_000535,acct_demo_01,ws_prepress_a,dev_win_01,actor_demo_01,sepmaker-pro,1.6.0,Apply,success,,9391,2026-07-04T15:42:20.609Z,2026-07-04T15:42:30.000Z,2026-07-04T15:42:31.375Z,local_bridge,Illustrator 28.5,Operation Suite 3.1,windows,SYNTHETIC,false,normal
exec_syn_000536,acct_demo_02,ws_finishing_a,dev_mac_01,actor_demo_03,sepmaker-pro,1.6.0,Apply,success,,5941,2026-07-04T13:09:11.059Z,2026-07-04T13:09:17.000Z,2026-07-04T13:09:17.858Z,local_bridge,Illustrator 29.0,Operation Suite 3.1,macos,SYNTHETIC,false,normal
exec_syn_000537,acct_demo_02,ws_finishing_a,dev_mac_01,actor_demo_03,clean-vector-pro,3.6.0,CLEAN ART,failure,HOST_UNAVAILABLE,4164,2026-07-04T15:20:06.836Z,2026-07-04T15:20:11.000Z,2026-07-04T15:20:12.214Z,local_bridge,Illustrator 29.0,Operation Suite 3.1,macos,SYNTHETIC,false,normal
exec_syn_000538,acct_demo_01,ws_prepress_b,dev_win_02,actor_demo_02,sepmaker-pro,1.6.0,Apply,success,,14953,2026-07-04T12:10:40.047Z,2026-07-04T12:10:55.000Z,2026-07-04T12:10:55.266Z,local_bridge,Illustrator 28.5,Operation Suite 3.1,windows,SYNTHETIC,false,normal
exec_syn_000539,acct_demo_03,ws_production_a,dev_win_03,actor_demo_04,sepmaker-pro,1.6.0,Apply,success,,10975,2026-07-04T12:33:29.025Z,2026-07-04T12:33:40.000Z,2026-07-04T12:33:40.937Z,local_bridge,Illustrator 28.5,Operation Suite 3.1,windows,SYNTHETIC,false,normal
exec_syn_000540,acct_demo_01,ws_prepress_b,dev_win_02,actor_demo_02,clean-vector-pro,3.6.0,CLEAN ART,success,,4421,2026-07-04T14:51:43.579Z,2026-07-04T14:51:48.000Z,2026-07-04T14:51:48.982Z,local_bridge,Illustrator 28.5,Operation Suite 3.1,windows,SYNTHETIC,false,normal
exec_syn_000541,acct_demo_01,ws_prepress_b,dev_win_02,actor_demo_02,sepmaker-pro,1.6.0,Apply,success,,13331,2026-07-04T15:22:32.669Z,2026-07-04T15:22:46.000Z,2026-07-04T15:22:46.823Z,local_bridge,Illustrator 28.5,Operation Suite 3.1,windows,SYNTHETIC,false,normal
exec_syn_000542,acct_demo_02,ws_finishing_a,dev_mac_01,actor_demo_03,sepmaker-pro,1.6.0,Apply,success,,44749,2026-07-04T10:04:34.251Z,2026-07-04T10:05:19.000Z,2026-07-04T10:05:20.079Z,local_bridge,Illustrator 29.0,Operation Suite 3.1,macos,SYNTHETIC,true,duration_spike
exec_syn_000543,acct_demo_02,ws_finishing_a,dev_mac_01,actor_demo_03,clean-vector-pro,3.6.0,CLEAN ART,success,,4977,2026-07-04T15:13:08.023Z,2026-07-04T15:13:13.000Z,2026-07-04T15:13:14.413Z,local_bridge,Illustrator 29.0,Operation Suite 3.1,macos,SYNTHETIC,false,normal
exec_syn_000544,acct_demo_03,ws_production_a,dev_win_03,actor_demo_04,clean-vector-pro,3.6.0,CLEAN ART,success,,5250,2026-07-04T14:54:18.750Z,2026-07-04T14:54:24.000Z,2026-07-04T14:54:24.997Z,local_bridge,Illustrator 28.5,Operation Suite 3.1,windows,SYNTHETIC,false,normal
exec_syn_000545,acct_demo_01,ws_prepress_a,dev_win_01,actor_demo_01,sepmaker-pro,1.6.0,Apply,success,,10898,2026-07-05T13:13:27.102Z,2026-07-05T13:13:38.000Z,2026-07-05T13:13:39.434Z,local_bridge,Illustrator 28.5,Operation Suite 3.1,windows,SYNTHETIC,false,normal
exec_syn_000546,acct_demo_01,ws_prepress_b,dev_win_02,actor_demo_02,clean-vector-pro,3.6.0,CLEAN ART,success,,5952,2026-07-05T11:04:16.048Z,2026-07-05T11:04:22.000Z,2026-07-05T11:04:22.486Z,local_bridge,Illustrator 28.5,Operation Suite 3.1,windows,SYNTHETIC,false,normal
exec_syn_000547,acct_demo_02,ws_finishing_a,dev_mac_01,actor_demo_03,sepmaker-pro,1.6.0,Apply,success,,9649,2026-07-05T15:54:24.351Z,2026-07-05T15:54:34.000Z,2026-07-05T15:54:34.638Z,local_bridge,Illustrator 29.0,Operation Suite 3.1,macos,SYNTHETIC,false,normal
exec_syn_000548,acct_demo_01,ws_prepress_b,dev_win_02,actor_demo_02,sepmaker-pro,1.6.0,Apply,success,,14889,2026-07-05T11:21:39.111Z,2026-07-05T11:21:54.000Z,2026-07-05T11:21:54.640Z,local_bridge,Illustrator 28.5,Operation Suite 3.1,windows,SYNTHETIC,false,normal
exec_syn_000549,acct_demo_02,ws_finishing_a,dev_mac_01,actor_demo_03,sepmaker-pro,1.6.0,Apply,success,,9225,2026-07-05T12:38:24.775Z,2026-07-05T12:38:34.000Z,2026-07-05T12:38:35.145Z,local_bridge,Illustrator 29.0,Operation Suite 3.1,macos,SYNTHETIC,false,normal
exec_syn_000550,acct_demo_01,ws_prepress_b,dev_win_02,actor_demo_02,sepmaker-pro,1.6.0,Apply,success,,9006,2026-07-05T13:30:56.994Z,2026-07-05T13:31:06.000Z,2026-07-05T13:31:07.290Z,local_bridge,Illustrator 28.5,Operation Suite 3.1,windows,SYNTHETIC,false,normal
exec_syn_000551,acct_demo_01,ws_prepress_b,dev_win_02,actor_demo_02,sepmaker-pro,1.6.0,Apply,success,,10287,2026-07-05T12:17:47.713Z,2026-07-05T12:17:58.000Z,2026-07-05T12:17:58.839Z,local_bridge,Illustrator 28.5,Operation Suite 3.1,windows,SYNTHETIC,false,normal
exec_syn_000552,acct_demo_01,ws_prepress_a,dev_win_01,actor_demo_01,clean-vector-pro,3.6.0,CLEAN ART,success,,3658,2026-07-05T14:44:53.342Z,2026-07-05T14:44:57.000Z,2026-07-05T14:44:57.301Z,local_bridge,Illustrator 28.5,Operation Suite 3.1,windows,SYNTHETIC,false,normal
exec_syn_000553,acct_demo_01,ws_prepress_b,dev_win_02,actor_demo_02,sepmaker-pro,1.6.0,Apply,failure,VALIDATION_FAILED,8737,2026-07-05T13:09:38.263Z,2026-07-05T13:09:47.000Z,2026-07-05T13:09:47.414Z,local_bridge,Illustrator 28.5,Operation Suite 3.1,windows,SYNTHETIC,false,normal
exec_syn_000554,acct_demo_02,ws_finishing_a,dev_mac_01,actor_demo_03,sepmaker-pro,1.6.0,Apply,success,,14707,2026-07-05T11:35:03.293Z,2026-07-05T11:35:18.000Z,2026-07-05T11:35:19.231Z,local_bridge,Illustrator 29.0,Operation Suite 3.1,macos,SYNTHETIC,false,normal
exec_syn_000555,acct_demo_03,ws_production_a,dev_win_03,actor_demo_04,sepmaker-pro,1.6.0,Apply,success,,13542,2026-07-05T10:37:11.458Z,2026-07-05T10:37:25.000Z,2026-07-05T10:37:25.383Z,local_bridge,Illustrator 28.5,Operation Suite 3.1,windows,SYNTHETIC,false,normal
exec_syn_000556,acct_demo_01,ws_prepress_a,dev_win_01,actor_demo_01,sepmaker-pro,1.6.0,Apply,success,,12329,2026-07-05T11:02:58.671Z,2026-07-05T11:03:11.000Z,2026-07-05T11:03:12.257Z,local_bridge,Illustrator 28.5,Operation Suite 3.1,windows,SYNTHETIC,false,normal
exec_syn_000557,acct_demo_02,ws_finishing_a,dev_mac_01,actor_demo_03,clean-vector-pro,3.6.0,CLEAN ART,success,,4410,2026-07-05T14:15:57.590Z,2026-07-05T14:16:02.000Z,2026-07-05T14:16:03.027Z,local_bridge,Illustrator 29.0,Operation Suite 3.1,macos,SYNTHETIC,false,normal
exec_syn_000558,acct_demo_01,ws_prepress_b,dev_win_02,actor_demo_02,sepmaker-pro,1.6.0,Apply,success,,12333,2026-07-05T10:59:14.667Z,2026-07-05T10:59:27.000Z,2026-07-05T10:59:27.331Z,local_bridge,Illustrator 28.5,Operation Suite 3.1,windows,SYNTHETIC,false,normal
exec_syn_000559,acct_demo_01,ws_prepress_a,dev_win_01,actor_demo_01,clean-vector-pro,3.6.0,CLEAN ART,success,,19001,2026-07-05T10:07:24.999Z,2026-07-05T10:07:44.000Z,2026-07-05T10:07:45.075Z,local_bridge,Illustrator 28.5,Operation Suite 3.1,windows,SYNTHETIC,true,duration_spike
exec_syn_000560,acct_demo_01,ws_prepress_b,dev_win_02,actor_demo_02,sepmaker-pro,1.6.0,Apply,success,,12428,2026-07-05T15:43:48.572Z,2026-07-05T15:44:01.000Z,2026-07-05T15:44:01.313Z,local_bridge,Illustrator 28.5,Operation Suite 3.1,windows,SYNTHETIC,false,normal
exec_syn_000561,acct_demo_01,ws_prepress_b,dev_win_02,actor_demo_02,sepmaker-pro,1.6.0,Apply,success,,11318,2026-07-06T11:04:49.682Z,2026-07-06T11:05:01.000Z,2026-07-06T11:05:02.248Z,local_bridge,Illustrator 28.5,Operation Suite 3.1,windows,SYNTHETIC,false,normal
exec_syn_000562,acct_demo_01,ws_prepress_b,dev_win_02,actor_demo_02,sepmaker-pro,1.6.0,Apply,success,,11216,2026-07-06T08:10:23.784Z,2026-07-06T08:10:35.000Z,2026-07-06T08:10:35.547Z,local_bridge,Illustrator 28.5,Operation Suite 3.1,windows,SYNTHETIC,false,normal
exec_syn_000563,acct_demo_03,ws_production_a,dev_win_03,actor_demo_04,sepmaker-pro,1.6.0,Apply,failure,PROCESSING_FAILED,9829,2026-07-06T10:25:49.171Z,2026-07-06T10:25:59.000Z,2026-07-06T10:26:00.383Z,local_bridge,Illustrator 28.5,Operation Suite 3.1,windows,SYNTHETIC,false,normal
exec_syn_000564,acct_demo_01,ws_prepress_a,dev_win_01,actor_demo_01,clean-vector-pro,3.6.0,CLEAN ART,success,,13662,2026-07-06T09:52:24.338Z,2026-07-06T09:52:38.000Z,2026-07-06T09:52:39.090Z,local_bridge,Illustrator 28.5,Operation Suite 3.1,windows,SYNTHETIC,true,duration_spike
exec_syn_000565,acct_demo_01,ws_prepress_a,dev_win_01,actor_demo_01,sepmaker-pro,1.6.0,Apply,success,,11998,2026-07-06T08:21:03.002Z,2026-07-06T08:21:15.000Z,2026-07-06T08:21:16.455Z,local_bridge,Illustrator 28.5,Operation Suite 3.1,windows,SYNTHETIC,false,normal
exec_syn_000566,acct_demo_01,ws_prepress_a,dev_win_01,actor_demo_01,clean-vector-pro,3.6.0,CLEAN ART,success,,19113,2026-07-06T17:20:18.887Z,2026-07-06T17:20:38.000Z,2026-07-06T17:20:38.477Z,local_bridge,Illustrator 28.5,Operation Suite 3.1,windows,SYNTHETIC,true,duration_spike
exec_syn_000567,acct_demo_01,ws_prepress_b,dev_win_02,actor_demo_02,sepmaker-pro,1.6.0,Apply,success,,11565,2026-07-06T11:43:39.435Z,2026-07-06T11:43:51.000Z,2026-07-06T11:43:52.277Z,local_bridge,Illustrator 28.5,Operation Suite 3.1,windows,SYNTHETIC,false,normal
exec_syn_000568,acct_demo_01,ws_prepress_a,dev_win_01,actor_demo_01,clean-vector-pro,3.6.0,CLEAN ART,success,,13874,2026-07-06T16:35:20.126Z,2026-07-06T16:35:34.000Z,2026-07-06T16:35:35.290Z,local_bridge,Illustrator 28.5,Operation Suite 3.1,windows,SYNTHETIC,true,duration_spike
exec_syn_000569,acct_demo_03,ws_production_a,dev_win_03,actor_demo_04,sepmaker-pro,1.6.0,Apply,success,,13894,2026-07-06T14:00:18.106Z,2026-07-06T14:00:32.000Z,2026-07-06T14:00:32.863Z,local_bridge,Illustrator 28.5,Operation Suite 3.1,windows,SYNTHETIC,false,normal
exec_syn_000570,acct_demo_02,ws_finishing_a,dev_mac_01,actor_demo_03,clean-vector-pro,3.6.0,CLEAN ART,success,,4397,2026-07-06T13:54:55.603Z,2026-07-06T13:55:00.000Z,2026-07-06T13:55:00.883Z,local_bridge,Illustrator 29.0,Operation Suite 3.1,macos,SYNTHETIC,false,normal
exec_syn_000571,acct_demo_01,ws_prepress_b,dev_win_02,actor_demo_02,sepmaker-pro,1.6.0,Apply,success,,11381,2026-07-06T12:02:00.619Z,2026-07-06T12:02:12.000Z,2026-07-06T12:02:13.472Z,local_bridge,Illustrator 28.5,Operation Suite 3.1,windows,SYNTHETIC,false,normal
exec_syn_000572,acct_demo_02,ws_finishing_a,dev_mac_01,actor_demo_03,sepmaker-pro,1.6.0,Apply,success,,11799,2026-07-06T08:50:39.201Z,2026-07-06T08:50:51.000Z,2026-07-06T08:50:51.898Z,local_bridge,Illustrator 29.0,Operation Suite 3.1,macos,SYNTHETIC,false,normal
exec_syn_000573,acct_demo_03,ws_production_a,dev_win_03,actor_demo_04,sepmaker-pro,1.6.0,Apply,success,,10348,2026-07-06T11:42:35.652Z,2026-07-06T11:42:46.000Z,2026-07-06T11:42:46.484Z,local_bridge,Illustrator 28.5,Operation Suite 3.1,windows,SYNTHETIC,false,normal
exec_syn_000574,acct_demo_03,ws_production_a,dev_win_03,actor_demo_04,sepmaker-pro,1.6.0,Apply,success,,12084,2026-07-06T15:24:24.916Z,2026-07-06T15:24:37.000Z,2026-07-06T15:24:38.138Z,local_bridge,Illustrator 28.5,Operation Suite 3.1,windows,SYNTHETIC,false,normal
exec_syn_000575,acct_demo_01,ws_prepress_b,dev_win_02,actor_demo_02,clean-vector-pro,3.6.0,CLEAN ART,success,,5580,2026-07-06T08:37:26.420Z,2026-07-06T08:37:32.000Z,2026-07-06T08:37:32.918Z,local_bridge,Illustrator 28.5,Operation Suite 3.1,windows,SYNTHETIC,false,normal
exec_syn_000576,acct_demo_02,ws_finishing_a,dev_mac_01,actor_demo_03,clean-vector-pro,3.6.0,CLEAN ART,success,,3574,2026-07-06T10:22:56.426Z,2026-07-06T10:23:00.000Z,2026-07-06T10:23:01.000Z,local_bridge,Illustrator 29.0,Operation Suite 3.1,macos,SYNTHETIC,false,normal
exec_syn_000577,acct_demo_02,ws_finishing_a,dev_mac_01,actor_demo_03,sepmaker-pro,1.6.0,Apply,failure,HOST_UNAVAILABLE,12769,2026-07-07T09:10:15.231Z,2026-07-07T09:10:28.000Z,2026-07-07T09:10:28.751Z,local_bridge,Illustrator 29.0,Operation Suite 3.1,macos,SYNTHETIC,false,normal
exec_syn_000578,acct_demo_02,ws_finishing_a,dev_mac_01,actor_demo_03,clean-vector-pro,3.6.0,CLEAN ART,success,,5674,2026-07-07T14:05:43.326Z,2026-07-07T14:05:49.000Z,2026-07-07T14:05:49.345Z,local_bridge,Illustrator 29.0,Operation Suite 3.1,macos,SYNTHETIC,false,normal
exec_syn_000579,acct_demo_01,ws_prepress_a,dev_win_01,actor_demo_01,sepmaker-pro,1.6.0,Apply,success,,12196,2026-07-07T14:06:28.804Z,2026-07-07T14:06:41.000Z,2026-07-07T14:06:41.451Z,local_bridge,Illustrator 28.5,Operation Suite 3.1,windows,SYNTHETIC,false,normal
exec_syn_000580,acct_demo_01,ws_prepress_a,dev_win_01,actor_demo_01,clean-vector-pro,3.6.0,CLEAN ART,success,,4323,2026-07-07T09:20:30.677Z,2026-07-07T09:20:35.000Z,2026-07-07T09:20:35.668Z,local_bridge,Illustrator 28.5,Operation Suite 3.1,windows,SYNTHETIC,false,normal
exec_syn_000581,acct_demo_01,ws_prepress_a,dev_win_01,actor_demo_01,sepmaker-pro,1.6.0,Apply,success,,12781,2026-07-07T10:13:39.219Z,2026-07-07T10:13:52.000Z,2026-07-07T10:13:52.867Z,local_bridge,Illustrator 28.5,Operation Suite 3.1,windows,SYNTHETIC,false,normal
exec_syn_000582,acct_demo_03,ws_production_a,dev_win_03,actor_demo_04,clean-vector-pro,3.6.0,CLEAN ART,success,,3935,2026-07-07T15:13:12.065Z,2026-07-07T15:13:16.000Z,2026-07-07T15:13:17.192Z,local_bridge,Illustrator 28.5,Operation Suite 3.1,windows,SYNTHETIC,false,normal
exec_syn_000583,acct_demo_01,ws_prepress_b,dev_win_02,actor_demo_02,clean-vector-pro,3.6.0,CLEAN ART,success,,4504,2026-07-07T10:24:27.496Z,2026-07-07T10:24:32.000Z,2026-07-07T10:24:32.258Z,local_bridge,Illustrator 28.5,Operation Suite 3.1,windows,SYNTHETIC,false,normal
exec_syn_000584,acct_demo_01,ws_prepress_b,dev_win_02,actor_demo_02,sepmaker-pro,1.6.0,Apply,success,,10116,2026-07-07T09:16:48.884Z,2026-07-07T09:16:59.000Z,2026-07-07T09:16:59.786Z,local_bridge,Illustrator 28.5,Operation Suite 3.1,windows,SYNTHETIC,false,normal
exec_syn_000585,acct_demo_01,ws_prepress_a,dev_win_01,actor_demo_01,clean-vector-pro,3.6.0,CLEAN ART,success,,4219,2026-07-07T10:05:24.781Z,2026-07-07T10:05:29.000Z,2026-07-07T10:05:29.773Z,local_bridge,Illustrator 28.5,Operation Suite 3.1,windows,SYNTHETIC,false,normal
exec_syn_000586,acct_demo_03,ws_production_a,dev_win_03,actor_demo_04,clean-vector-pro,3.6.0,CLEAN ART,success,,3440,2026-07-07T17:54:40.560Z,2026-07-07T17:54:44.000Z,2026-07-07T17:54:45.218Z,local_bridge,Illustrator 28.5,Operation Suite 3.1,windows,SYNTHETIC,false,normal
exec_syn_000587,acct_demo_01,ws_prepress_a,dev_win_01,actor_demo_01,clean-vector-pro,3.6.0,CLEAN ART,success,,6329,2026-07-07T10:14:24.671Z,2026-07-07T10:14:31.000Z,2026-07-07T10:14:31.571Z,local_bridge,Illustrator 28.5,Operation Suite 3.1,windows,SYNTHETIC,false,normal
exec_syn_000588,acct_demo_03,ws_production_a,dev_win_03,actor_demo_04,clean-vector-pro,3.6.0,CLEAN ART,success,,3957,2026-07-07T11:02:52.043Z,2026-07-07T11:02:56.000Z,2026-07-07T11:02:57.399Z,local_bridge,Illustrator 28.5,Operation Suite 3.1,windows,SYNTHETIC,false,normal
exec_syn_000589,acct_demo_01,ws_prepress_a,dev_win_01,actor_demo_01,clean-vector-pro,3.6.0,CLEAN ART,success,,3356,2026-07-07T12:57:39.644Z,2026-07-07T12:57:43.000Z,2026-07-07T12:57:43.550Z,local_bridge,Illustrator 28.5,Operation Suite 3.1,windows,SYNTHETIC,false,normal
exec_syn_000590,acct_demo_02,ws_finishing_a,dev_mac_01,actor_demo_03,clean-vector-pro,3.6.0,CLEAN ART,success,,3793,2026-07-07T13:10:51.207Z,2026-07-07T13:10:55.000Z,2026-07-07T13:10:55.961Z,local_bridge,Illustrator 29.0,Operation Suite 3.1,macos,SYNTHETIC,false,normal
exec_syn_000591,acct_demo_01,ws_prepress_a,dev_win_01,actor_demo_01,clean-vector-pro,3.6.0,CLEAN ART,success,,14461,2026-07-07T16:56:51.539Z,2026-07-07T16:57:06.000Z,2026-07-07T16:57:07.431Z,local_bridge,Illustrator 28.5,Operation Suite 3.1,windows,SYNTHETIC,true,duration_spike
exec_syn_000592,acct_demo_01,ws_prepress_b,dev_win_02,actor_demo_02,sepmaker-pro,1.6.0,Apply,success,,12976,2026-07-07T08:11:26.024Z,2026-07-07T08:11:39.000Z,2026-07-07T08:11:40.270Z,local_bridge,Illustrator 28.5,Operation Suite 3.1,windows,SYNTHETIC,false,normal
exec_syn_000593,acct_demo_03,ws_production_a,dev_win_03,actor_demo_04,clean-vector-pro,3.6.0,CLEAN ART,success,,6356,2026-07-08T12:03:15.644Z,2026-07-08T12:03:22.000Z,2026-07-08T12:03:22.347Z,local_bridge,Illustrator 28.5,Operation Suite 3.1,windows,SYNTHETIC,false,normal
exec_syn_000594,acct_demo_03,ws_production_a,dev_win_03,actor_demo_04,sepmaker-pro,1.6.0,Apply,success,,38008,2026-07-08T08:59:18.992Z,2026-07-08T08:59:57.000Z,2026-07-08T08:59:57.737Z,local_bridge,Illustrator 28.5,Operation Suite 3.1,windows,SYNTHETIC,true,duration_spike
exec_syn_000595,acct_demo_02,ws_finishing_a,dev_mac_01,actor_demo_03,sepmaker-pro,1.6.0,Apply,success,,11717,2026-07-08T09:32:57.283Z,2026-07-08T09:33:09.000Z,2026-07-08T09:33:09.650Z,local_bridge,Illustrator 29.0,Operation Suite 3.1,macos,SYNTHETIC,false,normal
exec_syn_000596,acct_demo_01,ws_prepress_b,dev_win_02,actor_demo_02,clean-vector-pro,3.6.0,CLEAN ART,success,,5995,2026-07-08T10:14:18.005Z,2026-07-08T10:14:24.000Z,2026-07-08T10:14:24.683Z,local_bridge,Illustrator 28.5,Operation Suite 3.1,windows,SYNTHETIC,false,normal
exec_syn_000597,acct_demo_01,ws_prepress_a,dev_win_01,actor_demo_01,clean-vector-pro,3.6.0,CLEAN ART,success,,7101,2026-07-08T13:17:27.899Z,2026-07-08T13:17:35.000Z,2026-07-08T13:17:36.013Z,local_bridge,Illustrator 28.5,Operation Suite 3.1,windows,SYNTHETIC,false,normal
exec_syn_000598,acct_demo_03,ws_production_a,dev_win_03,actor_demo_04,sepmaker-pro,1.6.0,Apply,success,,15912,2026-07-08T12:04:10.088Z,2026-07-08T12:04:26.000Z,2026-07-08T12:04:27.139Z,local_bridge,Illustrator 28.5,Operation Suite 3.1,windows,SYNTHETIC,false,normal
exec_syn_000599,acct_demo_01,ws_prepress_a,dev_win_01,actor_demo_01,clean-vector-pro,3.6.0,CLEAN ART,success,,3860,2026-07-08T13:39:30.140Z,2026-07-08T13:39:34.000Z,2026-07-08T13:39:35.256Z,local_bridge,Illustrator 28.5,Operation Suite 3.1,windows,SYNTHETIC,false,normal
exec_syn_000600,acct_demo_03,ws_production_a,dev_win_03,actor_demo_04,clean-vector-pro,3.6.0,CLEAN ART,success,,4564,2026-07-08T08:37:31.436Z,2026-07-08T08:37:36.000Z,2026-07-08T08:37:36.787Z,local_bridge,Illustrator 28.5,Operation Suite 3.1,windows,SYNTHETIC,false,normal
exec_syn_000601,acct_demo_01,ws_prepress_a,dev_win_01,actor_demo_01,sepmaker-pro,1.6.0,Apply,success,,11700,2026-07-08T12:53:37.300Z,2026-07-08T12:53:49.000Z,2026-07-08T12:53:49.429Z,local_bridge,Illustrator 28.5,Operation Suite 3.1,windows,SYNTHETIC,false,normal
exec_syn_000602,acct_demo_02,ws_finishing_a,dev_mac_01,actor_demo_03,sepmaker-pro,1.6.0,Apply,success,,11322,2026-07-08T11:45:22.678Z,2026-07-08T11:45:34.000Z,2026-07-08T11:45:34.997Z,local_bridge,Illustrator 29.0,Operation Suite 3.1,macos,SYNTHETIC,false,normal
exec_syn_000603,acct_demo_02,ws_finishing_a,dev_mac_01,actor_demo_03,sepmaker-pro,1.6.0,Apply,success,,10419,2026-07-08T10:54:39.581Z,2026-07-08T10:54:50.000Z,2026-07-08T10:54:51.276Z,local_bridge,Illustrator 29.0,Operation Suite 3.1,macos,SYNTHETIC,false,normal
exec_syn_000604,acct_demo_03,ws_production_a,dev_win_03,actor_demo_04,sepmaker-pro,1.6.0,Apply,success,,13836,2026-07-08T12:23:20.164Z,2026-07-08T12:23:34.000Z,2026-07-08T12:23:35.324Z,local_bridge,Illustrator 28.5,Operation Suite 3.1,windows,SYNTHETIC,false,normal
exec_syn_000605,acct_demo_02,ws_finishing_a,dev_mac_01,actor_demo_03,sepmaker-pro,1.6.0,Apply,success,,14387,2026-07-08T12:34:27.613Z,2026-07-08T12:34:42.000Z,2026-07-08T12:34:43.454Z,local_bridge,Illustrator 29.0,Operation Suite 3.1,macos,SYNTHETIC,false,normal
exec_syn_000606,acct_demo_01,ws_prepress_a,dev_win_01,actor_demo_01,sepmaker-pro,1.6.0,Apply,success,,8799,2026-07-08T10:58:12.201Z,2026-07-08T10:58:21.000Z,2026-07-08T10:58:22.306Z,local_bridge,Illustrator 28.5,Operation Suite 3.1,windows,SYNTHETIC,false,normal
exec_syn_000607,acct_demo_03,ws_production_a,dev_win_03,actor_demo_04,sepmaker-pro,1.6.0,Apply,success,,11896,2026-07-08T10:33:07.104Z,2026-07-08T10:33:19.000Z,2026-07-08T10:33:19.468Z,local_bridge,Illustrator 28.5,Operation Suite 3.1,windows,SYNTHETIC,false,normal
exec_syn_000608,acct_demo_01,ws_prepress_a,dev_win_01,actor_demo_01,sepmaker-pro,1.6.0,Apply,failure,PROCESSING_FAILED,11333,2026-07-08T16:08:46.667Z,2026-07-08T16:08:58.000Z,2026-07-08T16:08:58.366Z,local_bridge,Illustrator 28.5,Operation Suite 3.1,windows,SYNTHETIC,false,normal
exec_syn_000609,acct_demo_01,ws_prepress_b,dev_win_02,actor_demo_02,sepmaker-pro,1.6.0,Apply,success,,12487,2026-07-09T08:26:37.513Z,2026-07-09T08:26:50.000Z,2026-07-09T08:26:51.209Z,local_bridge,Illustrator 28.5,Operation Suite 3.1,windows,SYNTHETIC,false,normal
exec_syn_000610,acct_demo_02,ws_finishing_a,dev_mac_01,actor_demo_03,clean-vector-pro,3.6.0,CLEAN ART,success,,4370,2026-07-09T12:33:08.630Z,2026-07-09T12:33:13.000Z,2026-07-09T12:33:14.236Z,local_bridge,Illustrator 29.0,Operation Suite 3.1,macos,SYNTHETIC,false,normal
exec_syn_000611,acct_demo_03,ws_production_a,dev_win_03,actor_demo_04,clean-vector-pro,3.6.0,CLEAN ART,success,,4469,2026-07-09T12:43:52.531Z,2026-07-09T12:43:57.000Z,2026-07-09T12:43:57.262Z,local_bridge,Illustrator 28.5,Operation Suite 3.1,windows,SYNTHETIC,false,normal
exec_syn_000612,acct_demo_01,ws_prepress_a,dev_win_01,actor_demo_01,clean-vector-pro,3.6.0,CLEAN ART,success,,4770,2026-07-09T12:39:41.230Z,2026-07-09T12:39:46.000Z,2026-07-09T12:39:46.364Z,local_bridge,Illustrator 28.5,Operation Suite 3.1,windows,SYNTHETIC,false,normal
exec_syn_000613,acct_demo_02,ws_finishing_a,dev_mac_01,actor_demo_03,clean-vector-pro,3.6.0,CLEAN ART,success,,5956,2026-07-09T15:28:40.044Z,2026-07-09T15:28:46.000Z,2026-07-09T15:28:46.959Z,local_bridge,Illustrator 29.0,Operation Suite 3.1,macos,SYNTHETIC,false,normal
exec_syn_000614,acct_demo_03,ws_production_a,dev_win_03,actor_demo_04,clean-vector-pro,3.6.0,CLEAN ART,cancelled,ACTION_CANCELLED,5164,2026-07-09T14:16:38.836Z,2026-07-09T14:16:44.000Z,2026-07-09T14:16:44.286Z,local_bridge,Illustrator 28.5,Operation Suite 3.1,windows,SYNTHETIC,false,normal
exec_syn_000615,acct_demo_02,ws_finishing_a,dev_mac_01,actor_demo_03,sepmaker-pro,1.6.0,Apply,success,,10461,2026-07-09T10:36:58.539Z,2026-07-09T10:37:09.000Z,2026-07-09T10:37:09.379Z,local_bridge,Illustrator 29.0,Operation Suite 3.1,macos,SYNTHETIC,false,normal
exec_syn_000616,acct_demo_03,ws_production_a,dev_win_03,actor_demo_04,sepmaker-pro,1.6.0,Apply,success,,11449,2026-07-09T09:02:38.551Z,2026-07-09T09:02:50.000Z,2026-07-09T09:02:50.832Z,local_bridge,Illustrator 28.5,Operation Suite 3.1,windows,SYNTHETIC,false,normal
exec_syn_000617,acct_demo_01,ws_prepress_b,dev_win_02,actor_demo_02,sepmaker-pro,1.6.0,Apply,success,,45661,2026-07-09T11:56:00.339Z,2026-07-09T11:56:46.000Z,2026-07-09T11:56:46.275Z,local_bridge,Illustrator 28.5,Operation Suite 3.1,windows,SYNTHETIC,true,duration_spike
exec_syn_000618,acct_demo_03,ws_production_a,dev_win_03,actor_demo_04,clean-vector-pro,3.6.0,CLEAN ART,success,,5061,2026-07-09T08:05:47.939Z,2026-07-09T08:05:53.000Z,2026-07-09T08:05:53.340Z,local_bridge,Illustrator 28.5,Operation Suite 3.1,windows,SYNTHETIC,false,normal
exec_syn_000619,acct_demo_02,ws_finishing_a,dev_mac_01,actor_demo_03,sepmaker-pro,1.6.0,Apply,success,,11546,2026-07-09T09:09:50.454Z,2026-07-09T09:10:02.000Z,2026-07-09T09:10:02.518Z,local_bridge,Illustrator 29.0,Operation Suite 3.1,macos,SYNTHETIC,false,normal
exec_syn_000620,acct_demo_02,ws_finishing_a,dev_mac_01,actor_demo_03,clean-vector-pro,3.6.0,CLEAN ART,success,,5185,2026-07-09T13:08:18.815Z,2026-07-09T13:08:24.000Z,2026-07-09T13:08:25.211Z,local_bridge,Illustrator 29.0,Operation Suite 3.1,macos,SYNTHETIC,false,normal
exec_syn_000621,acct_demo_02,ws_finishing_a,dev_mac_01,actor_demo_03,sepmaker-pro,1.6.0,Apply,success,,10786,2026-07-09T11:51:36.214Z,2026-07-09T11:51:47.000Z,2026-07-09T11:51:47.343Z,local_bridge,Illustrator 29.0,Operation Suite 3.1,macos,SYNTHETIC,false,normal
exec_syn_000622,acct_demo_03,ws_production_a,dev_win_03,actor_demo_04,sepmaker-pro,1.6.0,Apply,success,,10191,2026-07-09T11:40:44.809Z,2026-07-09T11:40:55.000Z,2026-07-09T11:40:55.753Z,local_bridge,Illustrator 28.5,Operation Suite 3.1,windows,SYNTHETIC,false,normal
exec_syn_000623,acct_demo_01,ws_prepress_a,dev_win_01,actor_demo_01,sepmaker-pro,1.6.0,Apply,success,,1796,2026-07-09T12:03:45.204Z,2026-07-09T12:03:47.000Z,2026-07-09T12:03:47.615Z,local_bridge,Illustrator 28.5,Operation Suite 3.1,windows,SYNTHETIC,true,duration_drop
exec_syn_000624,acct_demo_01,ws_prepress_a,dev_win_01,actor_demo_01,sepmaker-pro,1.6.0,Apply,success,,14930,2026-07-09T16:35:34.070Z,2026-07-09T16:35:49.000Z,2026-07-09T16:35:50.389Z,local_bridge,Illustrator 28.5,Operation Suite 3.1,windows,SYNTHETIC,false,normal
exec_syn_000625,acct_demo_02,ws_finishing_a,dev_mac_01,actor_demo_03,clean-vector-pro,3.6.0,CLEAN ART,success,,4332,2026-07-10T15:01:38.668Z,2026-07-10T15:01:43.000Z,2026-07-10T15:01:44.312Z,local_bridge,Illustrator 29.0,Operation Suite 3.1,macos,SYNTHETIC,false,normal
exec_syn_000626,acct_demo_01,ws_prepress_a,dev_win_01,actor_demo_01,clean-vector-pro,3.6.0,CLEAN ART,failure,VALIDATION_FAILED,3638,2026-07-10T14:21:06.362Z,2026-07-10T14:21:10.000Z,2026-07-10T14:21:10.703Z,local_bridge,Illustrator 28.5,Operation Suite 3.1,windows,SYNTHETIC,false,normal
exec_syn_000627,acct_demo_02,ws_finishing_a,dev_mac_01,actor_demo_03,sepmaker-pro,1.6.0,Apply,success,,14836,2026-07-10T15:24:35.164Z,2026-07-10T15:24:50.000Z,2026-07-10T15:24:51.133Z,local_bridge,Illustrator 29.0,Operation Suite 3.1,macos,SYNTHETIC,false,normal
exec_syn_000628,acct_demo_03,ws_production_a,dev_win_03,actor_demo_04,sepmaker-pro,1.6.0,Apply,success,,9575,2026-07-10T10:23:51.425Z,2026-07-10T10:24:01.000Z,2026-07-10T10:24:01.450Z,local_bridge,Illustrator 28.5,Operation Suite 3.1,windows,SYNTHETIC,false,normal
exec_syn_000629,acct_demo_03,ws_production_a,dev_win_03,actor_demo_04,sepmaker-pro,1.6.0,Apply,success,,11548,2026-07-10T09:40:05.452Z,2026-07-10T09:40:17.000Z,2026-07-10T09:40:18.406Z,local_bridge,Illustrator 28.5,Operation Suite 3.1,windows,SYNTHETIC,false,normal
exec_syn_000630,acct_demo_03,ws_production_a,dev_win_03,actor_demo_04,clean-vector-pro,3.6.0,CLEAN ART,success,,5077,2026-07-10T12:59:35.923Z,2026-07-10T12:59:41.000Z,2026-07-10T12:59:42.386Z,local_bridge,Illustrator 28.5,Operation Suite 3.1,windows,SYNTHETIC,false,normal
exec_syn_000631,acct_demo_02,ws_finishing_a,dev_mac_01,actor_demo_03,clean-vector-pro,3.6.0,CLEAN ART,cancelled,ACTION_CANCELLED,4027,2026-07-10T14:38:23.973Z,2026-07-10T14:38:28.000Z,2026-07-10T14:38:29.127Z,local_bridge,Illustrator 29.0,Operation Suite 3.1,macos,SYNTHETIC,false,normal
exec_syn_000632,acct_demo_02,ws_finishing_a,dev_mac_01,actor_demo_03,clean-vector-pro,3.6.0,CLEAN ART,success,,5372,2026-07-10T08:16:47.628Z,2026-07-10T08:16:53.000Z,2026-07-10T08:16:54.399Z,local_bridge,Illustrator 29.0,Operation Suite 3.1,macos,SYNTHETIC,false,normal
exec_syn_000633,acct_demo_02,ws_finishing_a,dev_mac_01,actor_demo_03,sepmaker-pro,1.6.0,Apply,success,,14693,2026-07-10T17:19:41.307Z,2026-07-10T17:19:56.000Z,2026-07-10T17:19:57.262Z,local_bridge,Illustrator 29.0,Operation Suite 3.1,macos,SYNTHETIC,false,normal
exec_syn_000634,acct_demo_02,ws_finishing_a,dev_mac_01,actor_demo_03,clean-vector-pro,3.6.0,CLEAN ART,success,,4728,2026-07-10T11:51:25.272Z,2026-07-10T11:51:30.000Z,2026-07-10T11:51:30.546Z,local_bridge,Illustrator 29.0,Operation Suite 3.1,macos,SYNTHETIC,false,normal
exec_syn_000635,acct_demo_01,ws_prepress_a,dev_win_01,actor_demo_01,clean-vector-pro,3.6.0,CLEAN ART,success,,5427,2026-07-10T16:09:57.573Z,2026-07-10T16:10:03.000Z,2026-07-10T16:10:03.593Z,local_bridge,Illustrator 28.5,Operation Suite 3.1,windows,SYNTHETIC,false,normal
exec_syn_000636,acct_demo_01,ws_prepress_a,dev_win_01,actor_demo_01,clean-vector-pro,3.6.0,CLEAN ART,success,,3363,2026-07-10T13:26:27.637Z,2026-07-10T13:26:31.000Z,2026-07-10T13:26:31.572Z,local_bridge,Illustrator 28.5,Operation Suite 3.1,windows,SYNTHETIC,false,normal
exec_syn_000637,acct_demo_01,ws_prepress_b,dev_win_02,actor_demo_02,clean-vector-pro,3.6.0,CLEAN ART,success,,4716,2026-07-10T08:46:58.284Z,2026-07-10T08:47:03.000Z,2026-07-10T08:47:04.243Z,local_bridge,Illustrator 28.5,Operation Suite 3.1,windows,SYNTHETIC,false,normal
exec_syn_000638,acct_demo_01,ws_prepress_b,dev_win_02,actor_demo_02,clean-vector-pro,3.6.0,CLEAN ART,success,,6336,2026-07-10T08:48:23.664Z,2026-07-10T08:48:30.000Z,2026-07-10T08:48:30.394Z,local_bridge,Illustrator 28.5,Operation Suite 3.1,windows,SYNTHETIC,false,normal
exec_syn_000639,acct_demo_01,ws_prepress_b,dev_win_02,actor_demo_02,sepmaker-pro,1.6.0,Apply,success,,9363,2026-07-10T16:44:44.637Z,2026-07-10T16:44:54.000Z,2026-07-10T16:44:54.721Z,local_bridge,Illustrator 28.5,Operation Suite 3.1,windows,SYNTHETIC,false,normal
exec_syn_000640,acct_demo_02,ws_finishing_a,dev_mac_01,actor_demo_03,sepmaker-pro,1.6.0,Apply,success,,11509,2026-07-10T12:06:47.491Z,2026-07-10T12:06:59.000Z,2026-07-10T12:07:00.475Z,local_bridge,Illustrator 29.0,Operation Suite 3.1,macos,SYNTHETIC,false,normal
exec_syn_000641,acct_demo_01,ws_prepress_b,dev_win_02,actor_demo_02,clean-vector-pro,3.6.0,CLEAN ART,success,,3175,2026-07-11T13:50:06.825Z,2026-07-11T13:50:10.000Z,2026-07-11T13:50:10.932Z,local_bridge,Illustrator 28.5,Operation Suite 3.1,windows,SYNTHETIC,false,normal
exec_syn_000642,acct_demo_01,ws_prepress_b,dev_win_02,actor_demo_02,sepmaker-pro,1.6.0,Apply,success,,11010,2026-07-11T14:48:36.990Z,2026-07-11T14:48:48.000Z,2026-07-11T14:48:48.364Z,local_bridge,Illustrator 28.5,Operation Suite 3.1,windows,SYNTHETIC,false,normal
exec_syn_000643,acct_demo_01,ws_prepress_a,dev_win_01,actor_demo_01,sepmaker-pro,1.6.0,Apply,success,,12269,2026-07-11T15:05:05.731Z,2026-07-11T15:05:18.000Z,2026-07-11T15:05:19.061Z,local_bridge,Illustrator 28.5,Operation Suite 3.1,windows,SYNTHETIC,false,normal
exec_syn_000644,acct_demo_03,ws_production_a,dev_win_03,actor_demo_04,sepmaker-pro,1.6.0,Apply,success,,16650,2026-07-11T15:45:01.350Z,2026-07-11T15:45:18.000Z,2026-07-11T15:45:18.973Z,local_bridge,Illustrator 28.5,Operation Suite 3.1,windows,SYNTHETIC,false,normal
exec_syn_000645,acct_demo_01,ws_prepress_a,dev_win_01,actor_demo_01,clean-vector-pro,3.6.0,CLEAN ART,success,,13810,2026-07-11T10:12:18.190Z,2026-07-11T10:12:32.000Z,2026-07-11T10:12:33.253Z,local_bridge,Illustrator 28.5,Operation Suite 3.1,windows,SYNTHETIC,true,duration_spike
exec_syn_000646,acct_demo_02,ws_finishing_a,dev_mac_01,actor_demo_03,clean-vector-pro,3.6.0,CLEAN ART,success,,1187,2026-07-11T14:32:29.813Z,2026-07-11T14:32:31.000Z,2026-07-11T14:32:31.906Z,local_bridge,Illustrator 29.0,Operation Suite 3.1,macos,SYNTHETIC,true,duration_drop
exec_syn_000647,acct_demo_01,ws_prepress_b,dev_win_02,actor_demo_02,sepmaker-pro,1.6.0,Apply,success,,11961,2026-07-11T10:16:14.039Z,2026-07-11T10:16:26.000Z,2026-07-11T10:16:26.273Z,local_bridge,Illustrator 28.5,Operation Suite 3.1,windows,SYNTHETIC,false,normal
exec_syn_000648,acct_demo_01,ws_prepress_b,dev_win_02,actor_demo_02,clean-vector-pro,3.6.0,CLEAN ART,success,,3066,2026-07-11T11:08:09.934Z,2026-07-11T11:08:13.000Z,2026-07-11T11:08:13.804Z,local_bridge,Illustrator 28.5,Operation Suite 3.1,windows,SYNTHETIC,false,normal
exec_syn_000649,acct_demo_03,ws_production_a,dev_win_03,actor_demo_04,sepmaker-pro,1.6.0,Apply,success,,13821,2026-07-11T10:41:36.179Z,2026-07-11T10:41:50.000Z,2026-07-11T10:41:50.655Z,local_bridge,Illustrator 28.5,Operation Suite 3.1,windows,SYNTHETIC,false,normal
exec_syn_000650,acct_demo_02,ws_finishing_a,dev_mac_01,actor_demo_03,sepmaker-pro,1.6.0,Apply,success,,12872,2026-07-11T11:55:19.128Z,2026-07-11T11:55:32.000Z,2026-07-11T11:55:32.313Z,local_bridge,Illustrator 29.0,Operation Suite 3.1,macos,SYNTHETIC,false,normal
exec_syn_000651,acct_demo_01,ws_prepress_a,dev_win_01,actor_demo_01,sepmaker-pro,1.6.0,Apply,success,,11008,2026-07-11T15:20:11.992Z,2026-07-11T15:20:23.000Z,2026-07-11T15:20:23.609Z,local_bridge,Illustrator 28.5,Operation Suite 3.1,windows,SYNTHETIC,false,normal
exec_syn_000652,acct_demo_02,ws_finishing_a,dev_mac_01,actor_demo_03,clean-vector-pro,3.6.0,CLEAN ART,success,,4119,2026-07-11T12:00:42.881Z,2026-07-11T12:00:47.000Z,2026-07-11T12:00:47.877Z,local_bridge,Illustrator 29.0,Operation Suite 3.1,macos,SYNTHETIC,false,normal
exec_syn_000653,acct_demo_03,ws_production_a,dev_win_03,actor_demo_04,clean-vector-pro,3.6.0,CLEAN ART,success,,5004,2026-07-11T12:46:27.996Z,2026-07-11T12:46:33.000Z,2026-07-11T12:46:33.820Z,local_bridge,Illustrator 28.5,Operation Suite 3.1,windows,SYNTHETIC,false,normal
exec_syn_000654,acct_demo_01,ws_prepress_b,dev_win_02,actor_demo_02,clean-vector-pro,3.6.0,CLEAN ART,failure,HOST_UNAVAILABLE,3558,2026-07-11T13:29:14.442Z,2026-07-11T13:29:18.000Z,2026-07-11T13:29:18.842Z,local_bridge,Illustrator 28.5,Operation Suite 3.1,windows,SYNTHETIC,false,normal
exec_syn_000655,acct_demo_01,ws_prepress_a,dev_win_01,actor_demo_01,clean-vector-pro,3.6.0,CLEAN ART,success,,5886,2026-07-11T15:33:10.114Z,2026-07-11T15:33:16.000Z,2026-07-11T15:33:16.823Z,local_bridge,Illustrator 28.5,Operation Suite 3.1,windows,SYNTHETIC,false,normal
exec_syn_000656,acct_demo_01,ws_prepress_b,dev_win_02,actor_demo_02,sepmaker-pro,1.6.0,Apply,failure,PROCESSING_FAILED,14011,2026-07-11T15:54:16.989Z,2026-07-11T15:54:31.000Z,2026-07-11T15:54:32.190Z,local_bridge,Illustrator 28.5,Operation Suite 3.1,windows,SYNTHETIC,false,normal
exec_syn_000657,acct_demo_01,ws_prepress_a,dev_win_01,actor_demo_01,sepmaker-pro,1.6.0,Apply,success,,12045,2026-07-12T11:38:09.955Z,2026-07-12T11:38:22.000Z,2026-07-12T11:38:23.117Z,local_bridge,Illustrator 28.5,Operation Suite 3.1,windows,SYNTHETIC,false,normal
exec_syn_000658,acct_demo_01,ws_prepress_a,dev_win_01,actor_demo_01,sepmaker-pro,1.6.0,Apply,success,,8835,2026-07-12T15:46:06.165Z,2026-07-12T15:46:15.000Z,2026-07-12T15:46:15.602Z,local_bridge,Illustrator 28.5,Operation Suite 3.1,windows,SYNTHETIC,false,normal
exec_syn_000659,acct_demo_01,ws_prepress_b,dev_win_02,actor_demo_02,sepmaker-pro,1.6.0,Apply,success,,10421,2026-07-12T10:23:33.579Z,2026-07-12T10:23:44.000Z,2026-07-12T10:23:44.695Z,local_bridge,Illustrator 28.5,Operation Suite 3.1,windows,SYNTHETIC,false,normal
exec_syn_000660,acct_demo_01,ws_prepress_b,dev_win_02,actor_demo_02,sepmaker-pro,1.6.0,Apply,success,,13883,2026-07-12T14:11:28.117Z,2026-07-12T14:11:42.000Z,2026-07-12T14:11:42.938Z,local_bridge,Illustrator 28.5,Operation Suite 3.1,windows,SYNTHETIC,false,normal
exec_syn_000661,acct_demo_01,ws_prepress_a,dev_win_01,actor_demo_01,clean-vector-pro,3.6.0,CLEAN ART,success,,7143,2026-07-12T13:59:50.857Z,2026-07-12T13:59:58.000Z,2026-07-12T13:59:59.407Z,local_bridge,Illustrator 28.5,Operation Suite 3.1,windows,SYNTHETIC,false,normal
exec_syn_000662,acct_demo_01,ws_prepress_a,dev_win_01,actor_demo_01,sepmaker-pro,1.6.0,Apply,success,,9964,2026-07-12T11:32:00.036Z,2026-07-12T11:32:10.000Z,2026-07-12T11:32:10.640Z,local_bridge,Illustrator 28.5,Operation Suite 3.1,windows,SYNTHETIC,false,normal
exec_syn_000663,acct_demo_02,ws_finishing_a,dev_mac_01,actor_demo_03,sepmaker-pro,1.6.0,Apply,success,,14570,2026-07-12T10:22:28.430Z,2026-07-12T10:22:43.000Z,2026-07-12T10:22:44.097Z,local_bridge,Illustrator 29.0,Operation Suite 3.1,macos,SYNTHETIC,false,normal
exec_syn_000664,acct_demo_01,ws_prepress_a,dev_win_01,actor_demo_01,sepmaker-pro,1.6.0,Apply,success,,7023,2026-07-12T13:17:06.977Z,2026-07-12T13:17:14.000Z,2026-07-12T13:17:15.021Z,local_bridge,Illustrator 28.5,Operation Suite 3.1,windows,SYNTHETIC,false,normal
exec_syn_000665,acct_demo_02,ws_finishing_a,dev_mac_01,actor_demo_03,sepmaker-pro,1.6.0,Apply,success,,11622,2026-07-12T15:45:22.378Z,2026-07-12T15:45:34.000Z,2026-07-12T15:45:34.708Z,local_bridge,Illustrator 29.0,Operation Suite 3.1,macos,SYNTHETIC,false,normal
exec_syn_000666,acct_demo_03,ws_production_a,dev_win_03,actor_demo_04,clean-vector-pro,3.6.0,CLEAN ART,success,,5537,2026-07-12T11:07:52.463Z,2026-07-12T11:07:58.000Z,2026-07-12T11:07:58.909Z,local_bridge,Illustrator 28.5,Operation Suite 3.1,windows,SYNTHETIC,false,normal
exec_syn_000667,acct_demo_03,ws_production_a,dev_win_03,actor_demo_04,sepmaker-pro,1.6.0,Apply,success,,20447,2026-07-12T15:25:49.553Z,2026-07-12T15:26:10.000Z,2026-07-12T15:26:10.456Z,local_bridge,Illustrator 28.5,Operation Suite 3.1,windows,SYNTHETIC,false,normal
exec_syn_000668,acct_demo_03,ws_production_a,dev_win_03,actor_demo_04,sepmaker-pro,1.6.0,Apply,success,,19774,2026-07-12T15:28:35.226Z,2026-07-12T15:28:55.000Z,2026-07-12T15:28:56.207Z,local_bridge,Illustrator 28.5,Operation Suite 3.1,windows,SYNTHETIC,false,normal
exec_syn_000669,acct_demo_01,ws_prepress_b,dev_win_02,actor_demo_02,clean-vector-pro,3.6.0,CLEAN ART,success,,4320,2026-07-12T10:52:21.680Z,2026-07-12T10:52:26.000Z,2026-07-12T10:52:26.546Z,local_bridge,Illustrator 28.5,Operation Suite 3.1,windows,SYNTHETIC,false,normal
exec_syn_000670,acct_demo_01,ws_prepress_b,dev_win_02,actor_demo_02,clean-vector-pro,3.6.0,CLEAN ART,success,,4837,2026-07-12T13:34:44.163Z,2026-07-12T13:34:49.000Z,2026-07-12T13:34:49.365Z,local_bridge,Illustrator 28.5,Operation Suite 3.1,windows,SYNTHETIC,false,normal
exec_syn_000671,acct_demo_02,ws_finishing_a,dev_mac_01,actor_demo_03,sepmaker-pro,1.6.0,Apply,success,,9435,2026-07-12T14:40:57.565Z,2026-07-12T14:41:07.000Z,2026-07-12T14:41:07.410Z,local_bridge,Illustrator 29.0,Operation Suite 3.1,macos,SYNTHETIC,false,normal
exec_syn_000672,acct_demo_01,ws_prepress_b,dev_win_02,actor_demo_02,sepmaker-pro,1.6.0,Apply,success,,71025,2026-07-12T10:27:56.975Z,2026-07-12T10:29:08.000Z,2026-07-12T10:29:09.034Z,local_bridge,Illustrator 28.5,Operation Suite 3.1,windows,SYNTHETIC,true,duration_spike
exec_syn_000673,acct_demo_01,ws_prepress_a,dev_win_01,actor_demo_01,sepmaker-pro,1.6.0,Apply,success,,9157,2026-07-13T10:25:24.843Z,2026-07-13T10:25:34.000Z,2026-07-13T10:25:34.676Z,local_bridge,Illustrator 28.5,Operation Suite 3.1,windows,SYNTHETIC,false,normal
exec_syn_000674,acct_demo_02,ws_finishing_a,dev_mac_01,actor_demo_03,sepmaker-pro,1.6.0,Apply,success,,7424,2026-07-13T08:39:15.576Z,2026-07-13T08:39:23.000Z,2026-07-13T08:39:23.992Z,local_bridge,Illustrator 29.0,Operation Suite 3.1,macos,SYNTHETIC,false,normal
exec_syn_000675,acct_demo_01,ws_prepress_a,dev_win_01,actor_demo_01,sepmaker-pro,1.6.0,Apply,success,,11673,2026-07-13T15:56:20.327Z,2026-07-13T15:56:32.000Z,2026-07-13T15:56:32.758Z,local_bridge,Illustrator 28.5,Operation Suite 3.1,windows,SYNTHETIC,false,normal
exec_syn_000676,acct_demo_03,ws_production_a,dev_win_03,actor_demo_04,sepmaker-pro,1.6.0,Apply,cancelled,ACTION_CANCELLED,12209,2026-07-13T17:15:15.791Z,2026-07-13T17:15:28.000Z,2026-07-13T17:15:28.911Z,local_bridge,Illustrator 28.5,Operation Suite 3.1,windows,SYNTHETIC,false,normal
exec_syn_000677,acct_demo_02,ws_finishing_a,dev_mac_01,actor_demo_03,sepmaker-pro,1.6.0,Apply,success,,7805,2026-07-13T10:57:34.195Z,2026-07-13T10:57:42.000Z,2026-07-13T10:57:42.716Z,local_bridge,Illustrator 29.0,Operation Suite 3.1,macos,SYNTHETIC,false,normal
exec_syn_000678,acct_demo_03,ws_production_a,dev_win_03,actor_demo_04,clean-vector-pro,3.6.0,CLEAN ART,success,,5982,2026-07-13T15:17:37.018Z,2026-07-13T15:17:43.000Z,2026-07-13T15:17:43.318Z,local_bridge,Illustrator 28.5,Operation Suite 3.1,windows,SYNTHETIC,false,normal
exec_syn_000679,acct_demo_02,ws_finishing_a,dev_mac_01,actor_demo_03,clean-vector-pro,3.6.0,CLEAN ART,success,,2175,2026-07-13T13:09:22.825Z,2026-07-13T13:09:25.000Z,2026-07-13T13:09:26.053Z,local_bridge,Illustrator 29.0,Operation Suite 3.1,macos,SYNTHETIC,false,normal
exec_syn_000680,acct_demo_01,ws_prepress_a,dev_win_01,actor_demo_01,clean-vector-pro,3.6.0,CLEAN ART,success,,3989,2026-07-13T17:55:20.011Z,2026-07-13T17:55:24.000Z,2026-07-13T17:55:25.446Z,local_bridge,Illustrator 28.5,Operation Suite 3.1,windows,SYNTHETIC,false,normal
exec_syn_000681,acct_demo_01,ws_prepress_a,dev_win_01,actor_demo_01,sepmaker-pro,1.6.0,Apply,success,,11016,2026-07-13T13:44:14.984Z,2026-07-13T13:44:26.000Z,2026-07-13T13:44:26.521Z,local_bridge,Illustrator 28.5,Operation Suite 3.1,windows,SYNTHETIC,false,normal
exec_syn_000682,acct_demo_01,ws_prepress_b,dev_win_02,actor_demo_02,clean-vector-pro,3.6.0,CLEAN ART,failure,VALIDATION_FAILED,4573,2026-07-13T17:26:46.427Z,2026-07-13T17:26:51.000Z,2026-07-13T17:26:52.439Z,local_bridge,Illustrator 28.5,Operation Suite 3.1,windows,SYNTHETIC,false,normal
exec_syn_000683,acct_demo_02,ws_finishing_a,dev_mac_01,actor_demo_03,sepmaker-pro,1.6.0,Apply,success,,13049,2026-07-13T09:19:00.951Z,2026-07-13T09:19:14.000Z,2026-07-13T09:19:14.969Z,local_bridge,Illustrator 29.0,Operation Suite 3.1,macos,SYNTHETIC,false,normal
exec_syn_000684,acct_demo_01,ws_prepress_a,dev_win_01,actor_demo_01,clean-vector-pro,3.6.0,CLEAN ART,success,,6194,2026-07-13T17:35:13.806Z,2026-07-13T17:35:20.000Z,2026-07-13T17:35:21.333Z,local_bridge,Illustrator 28.5,Operation Suite 3.1,windows,SYNTHETIC,false,normal
exec_syn_000685,acct_demo_02,ws_finishing_a,dev_mac_01,actor_demo_03,clean-vector-pro,3.6.0,CLEAN ART,success,,2552,2026-07-13T16:59:27.448Z,2026-07-13T16:59:30.000Z,2026-07-13T16:59:31.267Z,local_bridge,Illustrator 29.0,Operation Suite 3.1,macos,SYNTHETIC,false,normal
exec_syn_000686,acct_demo_01,ws_prepress_b,dev_win_02,actor_demo_02,clean-vector-pro,3.6.0,CLEAN ART,success,,3852,2026-07-13T12:56:50.148Z,2026-07-13T12:56:54.000Z,2026-07-13T12:56:54.899Z,local_bridge,Illustrator 28.5,Operation Suite 3.1,windows,SYNTHETIC,false,normal
exec_syn_000687,acct_demo_01,ws_prepress_b,dev_win_02,actor_demo_02,sepmaker-pro,1.6.0,Apply,success,,11185,2026-07-13T10:31:55.815Z,2026-07-13T10:32:07.000Z,2026-07-13T10:32:08.094Z,local_bridge,Illustrator 28.5,Operation Suite 3.1,windows,SYNTHETIC,false,normal
exec_syn_000688,acct_demo_03,ws_production_a,dev_win_03,actor_demo_04,clean-vector-pro,3.6.0,CLEAN ART,success,,5762,2026-07-13T14:29:46.238Z,2026-07-13T14:29:52.000Z,2026-07-13T14:29:53.313Z,local_bridge,Illustrator 28.5,Operation Suite 3.1,windows,SYNTHETIC,false,normal
exec_syn_000689,acct_demo_03,ws_production_a,dev_win_03,actor_demo_04,sepmaker-pro,1.6.0,Apply,success,,15508,2026-07-14T15:47:30.492Z,2026-07-14T15:47:46.000Z,2026-07-14T15:47:47.278Z,local_bridge,Illustrator 28.5,Operation Suite 3.1,windows,SYNTHETIC,false,normal
exec_syn_000690,acct_demo_01,ws_prepress_b,dev_win_02,actor_demo_02,clean-vector-pro,3.6.0,CLEAN ART,success,,3923,2026-07-14T09:47:08.077Z,2026-07-14T09:47:12.000Z,2026-07-14T09:47:12.835Z,local_bridge,Illustrator 28.5,Operation Suite 3.1,windows,SYNTHETIC,false,normal
exec_syn_000691,acct_demo_01,ws_prepress_a,dev_win_01,actor_demo_01,clean-vector-pro,3.6.0,CLEAN ART,success,,5218,2026-07-14T16:28:17.782Z,2026-07-14T16:28:23.000Z,2026-07-14T16:28:24.489Z,local_bridge,Illustrator 28.5,Operation Suite 3.1,windows,SYNTHETIC,false,normal
exec_syn_000692,acct_demo_03,ws_production_a,dev_win_03,actor_demo_04,sepmaker-pro,1.6.0,Apply,success,,31156,2026-07-14T10:51:22.844Z,2026-07-14T10:51:54.000Z,2026-07-14T10:51:54.929Z,local_bridge,Illustrator 28.5,Operation Suite 3.1,windows,SYNTHETIC,true,duration_spike
exec_syn_000693,acct_demo_02,ws_finishing_a,dev_mac_01,actor_demo_03,sepmaker-pro,1.6.0,Apply,success,,9758,2026-07-14T16:07:19.242Z,2026-07-14T16:07:29.000Z,2026-07-14T16:07:30.340Z,local_bridge,Illustrator 29.0,Operation Suite 3.1,macos,SYNTHETIC,false,normal
exec_syn_000694,acct_demo_03,ws_production_a,dev_win_03,actor_demo_04,clean-vector-pro,3.6.0,CLEAN ART,success,,3451,2026-07-14T10:26:34.549Z,2026-07-14T10:26:38.000Z,2026-07-14T10:26:38.813Z,local_bridge,Illustrator 28.5,Operation Suite 3.1,windows,SYNTHETIC,false,normal
exec_syn_000695,acct_demo_03,ws_production_a,dev_win_03,actor_demo_04,sepmaker-pro,1.6.0,Apply,success,,15037,2026-07-14T16:13:32.963Z,2026-07-14T16:13:48.000Z,2026-07-14T16:13:48.969Z,local_bridge,Illustrator 28.5,Operation Suite 3.1,windows,SYNTHETIC,false,normal
exec_syn_000696,acct_demo_03,ws_production_a,dev_win_03,actor_demo_04,clean-vector-pro,3.6.0,CLEAN ART,success,,6902,2026-07-14T08:31:18.098Z,2026-07-14T08:31:25.000Z,2026-07-14T08:31:26.327Z,local_bridge,Illustrator 28.5,Operation Suite 3.1,windows,SYNTHETIC,false,normal
exec_syn_000697,acct_demo_01,ws_prepress_a,dev_win_01,actor_demo_01,sepmaker-pro,1.6.0,Apply,success,,14528,2026-07-14T11:31:45.472Z,2026-07-14T11:32:00.000Z,2026-07-14T11:32:00.332Z,local_bridge,Illustrator 28.5,Operation Suite 3.1,windows,SYNTHETIC,false,normal
exec_syn_000698,acct_demo_03,ws_production_a,dev_win_03,actor_demo_04,clean-vector-pro,3.6.0,CLEAN ART,success,,4582,2026-07-14T15:58:38.418Z,2026-07-14T15:58:43.000Z,2026-07-14T15:58:44.132Z,local_bridge,Illustrator 28.5,Operation Suite 3.1,windows,SYNTHETIC,false,normal
exec_syn_000699,acct_demo_03,ws_production_a,dev_win_03,actor_demo_04,clean-vector-pro,3.6.0,CLEAN ART,success,,5294,2026-07-14T16:07:28.706Z,2026-07-14T16:07:34.000Z,2026-07-14T16:07:34.858Z,local_bridge,Illustrator 28.5,Operation Suite 3.1,windows,SYNTHETIC,false,normal
exec_syn_000700,acct_demo_03,ws_production_a,dev_win_03,actor_demo_04,clean-vector-pro,3.6.0,CLEAN ART,success,,4096,2026-07-14T16:07:05.904Z,2026-07-14T16:07:10.000Z,2026-07-14T16:07:10.513Z,local_bridge,Illustrator 28.5,Operation Suite 3.1,windows,SYNTHETIC,false,normal
exec_syn_000701,acct_demo_03,ws_production_a,dev_win_03,actor_demo_04,sepmaker-pro,1.6.0,Apply,success,,12900,2026-07-14T12:18:13.100Z,2026-07-14T12:18:26.000Z,2026-07-14T12:18:26.925Z,local_bridge,Illustrator 28.5,Operation Suite 3.1,windows,SYNTHETIC,false,normal
exec_syn_000702,acct_demo_02,ws_finishing_a,dev_mac_01,actor_demo_03,clean-vector-pro,3.6.0,CLEAN ART,success,,3823,2026-07-14T15:15:37.177Z,2026-07-14T15:15:41.000Z,2026-07-14T15:15:41.749Z,local_bridge,Illustrator 29.0,Operation Suite 3.1,macos,SYNTHETIC,false,normal
exec_syn_000703,acct_demo_03,ws_production_a,dev_win_03,actor_demo_04,clean-vector-pro,3.6.0,CLEAN ART,failure,DOCUMENT_UNAVAILABLE,5896,2026-07-14T16:11:00.104Z,2026-07-14T16:11:06.000Z,2026-07-14T16:11:06.917Z,local_bridge,Illustrator 28.5,Operation Suite 3.1,windows,SYNTHETIC,false,normal
exec_syn_000704,acct_demo_01,ws_prepress_b,dev_win_02,actor_demo_02,clean-vector-pro,3.6.0,CLEAN ART,success,,5120,2026-07-14T13:12:24.880Z,2026-07-14T13:12:30.000Z,2026-07-14T13:12:31.427Z,local_bridge,Illustrator 28.5,Operation Suite 3.1,windows,SYNTHETIC,false,normal
exec_syn_000705,acct_demo_02,ws_finishing_a,dev_mac_01,actor_demo_03,clean-vector-pro,3.6.0,CLEAN ART,success,,3870,2026-07-15T14:36:37.130Z,2026-07-15T14:36:41.000Z,2026-07-15T14:36:42.235Z,local_bridge,Illustrator 29.0,Operation Suite 3.1,macos,SYNTHETIC,false,normal
exec_syn_000706,acct_demo_02,ws_finishing_a,dev_mac_01,actor_demo_03,clean-vector-pro,3.6.0,CLEAN ART,success,,1134,2026-07-15T17:02:50.866Z,2026-07-15T17:02:52.000Z,2026-07-15T17:02:52.993Z,local_bridge,Illustrator 29.0,Operation Suite 3.1,macos,SYNTHETIC,true,duration_drop
exec_syn_000707,acct_demo_01,ws_prepress_a,dev_win_01,actor_demo_01,sepmaker-pro,1.6.0,Apply,failure,DOCUMENT_UNAVAILABLE,11065,2026-07-15T17:52:04.935Z,2026-07-15T17:52:16.000Z,2026-07-15T17:52:17.077Z,local_bridge,Illustrator 28.5,Operation Suite 3.1,windows,SYNTHETIC,false,normal
exec_syn_000708,acct_demo_01,ws_prepress_b,dev_win_02,actor_demo_02,clean-vector-pro,3.6.0,CLEAN ART,success,,15428,2026-07-15T08:14:33.572Z,2026-07-15T08:14:49.000Z,2026-07-15T08:14:49.839Z,local_bridge,Illustrator 28.5,Operation Suite 3.1,windows,SYNTHETIC,true,duration_spike
exec_syn_000709,acct_demo_01,ws_prepress_a,dev_win_01,actor_demo_01,clean-vector-pro,3.6.0,CLEAN ART,success,,2834,2026-07-15T16:34:48.166Z,2026-07-15T16:34:51.000Z,2026-07-15T16:34:51.717Z,local_bridge,Illustrator 28.5,Operation Suite 3.1,windows,SYNTHETIC,false,normal
exec_syn_000710,acct_demo_02,ws_finishing_a,dev_mac_01,actor_demo_03,sepmaker-pro,1.6.0,Apply,success,,8412,2026-07-15T11:09:50.588Z,2026-07-15T11:09:59.000Z,2026-07-15T11:09:59.515Z,local_bridge,Illustrator 29.0,Operation Suite 3.1,macos,SYNTHETIC,false,normal
exec_syn_000711,acct_demo_03,ws_production_a,dev_win_03,actor_demo_04,clean-vector-pro,3.6.0,CLEAN ART,success,,5607,2026-07-15T12:00:29.393Z,2026-07-15T12:00:35.000Z,2026-07-15T12:00:35.500Z,local_bridge,Illustrator 28.5,Operation Suite 3.1,windows,SYNTHETIC,false,normal
exec_syn_000712,acct_demo_01,ws_prepress_b,dev_win_02,actor_demo_02,clean-vector-pro,3.6.0,CLEAN ART,success,,4950,2026-07-15T16:30:34.050Z,2026-07-15T16:30:39.000Z,2026-07-15T16:30:39.850Z,local_bridge,Illustrator 28.5,Operation Suite 3.1,windows,SYNTHETIC,false,normal
exec_syn_000713,acct_demo_03,ws_production_a,dev_win_03,actor_demo_04,sepmaker-pro,1.6.0,Apply,success,,14525,2026-07-15T16:25:01.475Z,2026-07-15T16:25:16.000Z,2026-07-15T16:25:16.753Z,local_bridge,Illustrator 28.5,Operation Suite 3.1,windows,SYNTHETIC,false,normal
exec_syn_000714,acct_demo_01,ws_prepress_a,dev_win_01,actor_demo_01,clean-vector-pro,3.6.0,CLEAN ART,success,,3013,2026-07-15T11:56:15.987Z,2026-07-15T11:56:19.000Z,2026-07-15T11:56:20.123Z,local_bridge,Illustrator 28.5,Operation Suite 3.1,windows,SYNTHETIC,false,normal
exec_syn_000715,acct_demo_03,ws_production_a,dev_win_03,actor_demo_04,sepmaker-pro,1.6.0,Apply,success,,13228,2026-07-15T12:54:42.772Z,2026-07-15T12:54:56.000Z,2026-07-15T12:54:57.442Z,local_bridge,Illustrator 28.5,Operation Suite 3.1,windows,SYNTHETIC,false,normal
exec_syn_000716,acct_demo_01,ws_prepress_b,dev_win_02,actor_demo_02,clean-vector-pro,3.6.0,CLEAN ART,success,,4817,2026-07-15T14:24:45.183Z,2026-07-15T14:24:50.000Z,2026-07-15T14:24:51.273Z,local_bridge,Illustrator 28.5,Operation Suite 3.1,windows,SYNTHETIC,false,normal
exec_syn_000717,acct_demo_01,ws_prepress_b,dev_win_02,actor_demo_02,clean-vector-pro,3.6.0,CLEAN ART,success,,24054,2026-07-15T14:30:18.946Z,2026-07-15T14:30:43.000Z,2026-07-15T14:30:43.803Z,local_bridge,Illustrator 28.5,Operation Suite 3.1,windows,SYNTHETIC,true,duration_spike
exec_syn_000718,acct_demo_01,ws_prepress_b,dev_win_02,actor_demo_02,sepmaker-pro,1.6.0,Apply,success,,10811,2026-07-15T13:48:04.189Z,2026-07-15T13:48:15.000Z,2026-07-15T13:48:16.083Z,local_bridge,Illustrator 28.5,Operation Suite 3.1,windows,SYNTHETIC,false,normal
exec_syn_000719,acct_demo_02,ws_finishing_a,dev_mac_01,actor_demo_03,clean-vector-pro,3.6.0,CLEAN ART,success,,4063,2026-07-15T12:00:18.937Z,2026-07-15T12:00:23.000Z,2026-07-15T12:00:24.499Z,local_bridge,Illustrator 29.0,Operation Suite 3.1,macos,SYNTHETIC,false,normal
exec_syn_000720,acct_demo_01,ws_prepress_b,dev_win_02,actor_demo_02,sepmaker-pro,1.6.0,Apply,success,,11016,2026-07-15T15:11:17.984Z,2026-07-15T15:11:29.000Z,2026-07-15T15:11:29.377Z,local_bridge,Illustrator 28.5,Operation Suite 3.1,windows,SYNTHETIC,false,normal
exec_syn_000721,acct_demo_03,ws_production_a,dev_win_03,actor_demo_04,clean-vector-pro,3.6.0,CLEAN ART,success,,4673,2026-07-16T17:22:26.327Z,2026-07-16T17:22:31.000Z,2026-07-16T17:22:31.291Z,local_bridge,Illustrator 28.5,Operation Suite 3.1,windows,SYNTHETIC,false,normal
exec_syn_000722,acct_demo_01,ws_prepress_b,dev_win_02,actor_demo_02,sepmaker-pro,1.6.0,Apply,success,,13009,2026-07-16T09:17:31.991Z,2026-07-16T09:17:45.000Z,2026-07-16T09:17:45.643Z,local_bridge,Illustrator 28.5,Operation Suite 3.1,windows,SYNTHETIC,false,normal
exec_syn_000723,acct_demo_01,ws_prepress_a,dev_win_01,actor_demo_01,clean-vector-pro,3.6.0,CLEAN ART,success,,3838,2026-07-16T12:41:41.162Z,2026-07-16T12:41:45.000Z,2026-07-16T12:41:45.666Z,local_bridge,Illustrator 28.5,Operation Suite 3.1,windows,SYNTHETIC,false,normal
exec_syn_000724,acct_demo_03,ws_production_a,dev_win_03,actor_demo_04,sepmaker-pro,1.6.0,Apply,success,,12535,2026-07-16T13:40:51.465Z,2026-07-16T13:41:04.000Z,2026-07-16T13:41:05.068Z,local_bridge,Illustrator 28.5,Operation Suite 3.1,windows,SYNTHETIC,false,normal
exec_syn_000725,acct_demo_03,ws_production_a,dev_win_03,actor_demo_04,clean-vector-pro,3.6.0,CLEAN ART,success,,3417,2026-07-16T11:03:02.583Z,2026-07-16T11:03:06.000Z,2026-07-16T11:03:07.261Z,local_bridge,Illustrator 28.5,Operation Suite 3.1,windows,SYNTHETIC,false,normal
exec_syn_000726,acct_demo_01,ws_prepress_a,dev_win_01,actor_demo_01,clean-vector-pro,3.6.0,CLEAN ART,success,,5316,2026-07-16T11:44:50.684Z,2026-07-16T11:44:56.000Z,2026-07-16T11:44:56.313Z,local_bridge,Illustrator 28.5,Operation Suite 3.1,windows,SYNTHETIC,false,normal
exec_syn_000727,acct_demo_02,ws_finishing_a,dev_mac_01,actor_demo_03,sepmaker-pro,1.6.0,Apply,success,,13193,2026-07-16T13:11:39.807Z,2026-07-16T13:11:53.000Z,2026-07-16T13:11:54.300Z,local_bridge,Illustrator 29.0,Operation Suite 3.1,macos,SYNTHETIC,false,normal
exec_syn_000728,acct_demo_02,ws_finishing_a,dev_mac_01,actor_demo_03,sepmaker-pro,1.6.0,Apply,cancelled,ACTION_CANCELLED,9282,2026-07-16T14:47:44.718Z,2026-07-16T14:47:54.000Z,2026-07-16T14:47:55.418Z,local_bridge,Illustrator 29.0,Operation Suite 3.1,macos,SYNTHETIC,false,normal
exec_syn_000729,acct_demo_01,ws_prepress_b,dev_win_02,actor_demo_02,sepmaker-pro,1.6.0,Apply,success,,12772,2026-07-16T09:59:02.228Z,2026-07-16T09:59:15.000Z,2026-07-16T09:59:16.114Z,local_bridge,Illustrator 28.5,Operation Suite 3.1,windows,SYNTHETIC,false,normal
exec_syn_000730,acct_demo_02,ws_finishing_a,dev_mac_01,actor_demo_03,clean-vector-pro,3.6.0,CLEAN ART,success,,2901,2026-07-16T11:14:56.099Z,2026-07-16T11:14:59.000Z,2026-07-16T11:14:59.406Z,local_bridge,Illustrator 29.0,Operation Suite 3.1,macos,SYNTHETIC,false,normal
exec_syn_000731,acct_demo_02,ws_finishing_a,dev_mac_01,actor_demo_03,clean-vector-pro,3.6.0,CLEAN ART,success,,12663,2026-07-16T17:27:41.337Z,2026-07-16T17:27:54.000Z,2026-07-16T17:27:55.438Z,local_bridge,Illustrator 29.0,Operation Suite 3.1,macos,SYNTHETIC,true,duration_spike
exec_syn_000732,acct_demo_01,ws_prepress_a,dev_win_01,actor_demo_01,sepmaker-pro,1.6.0,Apply,success,,8930,2026-07-16T17:27:02.070Z,2026-07-16T17:27:11.000Z,2026-07-16T17:27:11.663Z,local_bridge,Illustrator 28.5,Operation Suite 3.1,windows,SYNTHETIC,false,normal
exec_syn_000733,acct_demo_01,ws_prepress_a,dev_win_01,actor_demo_01,sepmaker-pro,1.6.0,Apply,success,,11572,2026-07-16T10:10:01.428Z,2026-07-16T10:10:13.000Z,2026-07-16T10:10:13.915Z,local_bridge,Illustrator 28.5,Operation Suite 3.1,windows,SYNTHETIC,false,normal
exec_syn_000734,acct_demo_03,ws_production_a,dev_win_03,actor_demo_04,sepmaker-pro,1.6.0,Apply,success,,8682,2026-07-16T16:02:48.318Z,2026-07-16T16:02:57.000Z,2026-07-16T16:02:58.015Z,local_bridge,Illustrator 28.5,Operation Suite 3.1,windows,SYNTHETIC,false,normal
exec_syn_000735,acct_demo_01,ws_prepress_a,dev_win_01,actor_demo_01,sepmaker-pro,1.6.0,Apply,success,,16701,2026-07-16T10:41:56.299Z,2026-07-16T10:42:13.000Z,2026-07-16T10:42:13.292Z,local_bridge,Illustrator 28.5,Operation Suite 3.1,windows,SYNTHETIC,false,normal
exec_syn_000736,acct_demo_02,ws_finishing_a,dev_mac_01,actor_demo_03,clean-vector-pro,3.6.0,CLEAN ART,success,,5278,2026-07-16T08:03:21.722Z,2026-07-16T08:03:27.000Z,2026-07-16T08:03:28.054Z,local_bridge,Illustrator 29.0,Operation Suite 3.1,macos,SYNTHETIC,false,normal
exec_syn_000737,acct_demo_01,ws_prepress_b,dev_win_02,actor_demo_02,sepmaker-pro,1.6.0,Apply,success,,9688,2026-07-17T13:57:27.312Z,2026-07-17T13:57:37.000Z,2026-07-17T13:57:38.295Z,local_bridge,Illustrator 28.5,Operation Suite 3.1,windows,SYNTHETIC,false,normal
exec_syn_000738,acct_demo_03,ws_production_a,dev_win_03,actor_demo_04,sepmaker-pro,1.6.0,Apply,success,,11340,2026-07-17T14:10:07.660Z,2026-07-17T14:10:19.000Z,2026-07-17T14:10:20.372Z,local_bridge,Illustrator 28.5,Operation Suite 3.1,windows,SYNTHETIC,false,normal
exec_syn_000739,acct_demo_02,ws_finishing_a,dev_mac_01,actor_demo_03,sepmaker-pro,1.6.0,Apply,cancelled,ACTION_CANCELLED,54508,2026-07-17T10:00:19.492Z,2026-07-17T10:01:14.000Z,2026-07-17T10:01:15.496Z,local_bridge,Illustrator 29.0,Operation Suite 3.1,macos,SYNTHETIC,true,duration_spike
exec_syn_000740,acct_demo_03,ws_production_a,dev_win_03,actor_demo_04,clean-vector-pro,3.6.0,CLEAN ART,success,,3799,2026-07-17T09:48:58.201Z,2026-07-17T09:49:02.000Z,2026-07-17T09:49:02.388Z,local_bridge,Illustrator 28.5,Operation Suite 3.1,windows,SYNTHETIC,false,normal
exec_syn_000741,acct_demo_03,ws_production_a,dev_win_03,actor_demo_04,sepmaker-pro,1.6.0,Apply,success,,14670,2026-07-17T12:23:51.330Z,2026-07-17T12:24:06.000Z,2026-07-17T12:24:07.405Z,local_bridge,Illustrator 28.5,Operation Suite 3.1,windows,SYNTHETIC,false,normal
exec_syn_000742,acct_demo_03,ws_production_a,dev_win_03,actor_demo_04,clean-vector-pro,3.6.0,CLEAN ART,success,,5484,2026-07-17T09:31:26.516Z,2026-07-17T09:31:32.000Z,2026-07-17T09:31:32.302Z,local_bridge,Illustrator 28.5,Operation Suite 3.1,windows,SYNTHETIC,false,normal
exec_syn_000743,acct_demo_03,ws_production_a,dev_win_03,actor_demo_04,sepmaker-pro,1.6.0,Apply,success,,9979,2026-07-17T15:49:42.021Z,2026-07-17T15:49:52.000Z,2026-07-17T15:49:53.074Z,local_bridge,Illustrator 28.5,Operation Suite 3.1,windows,SYNTHETIC,false,normal
exec_syn_000744,acct_demo_01,ws_prepress_a,dev_win_01,actor_demo_01,sepmaker-pro,1.6.0,Apply,success,,11178,2026-07-17T10:49:49.822Z,2026-07-17T10:50:01.000Z,2026-07-17T10:50:01.566Z,local_bridge,Illustrator 28.5,Operation Suite 3.1,windows,SYNTHETIC,false,normal
exec_syn_000745,acct_demo_01,ws_prepress_a,dev_win_01,actor_demo_01,clean-vector-pro,3.6.0,CLEAN ART,cancelled,ACTION_CANCELLED,31237,2026-07-17T16:23:29.763Z,2026-07-17T16:24:01.000Z,2026-07-17T16:24:01.365Z,local_bridge,Illustrator 28.5,Operation Suite 3.1,windows,SYNTHETIC,true,duration_spike
exec_syn_000746,acct_demo_01,ws_prepress_b,dev_win_02,actor_demo_02,clean-vector-pro,3.6.0,CLEAN ART,success,,3830,2026-07-17T11:56:49.170Z,2026-07-17T11:56:53.000Z,2026-07-17T11:56:54.135Z,local_bridge,Illustrator 28.5,Operation Suite 3.1,windows,SYNTHETIC,false,normal
exec_syn_000747,acct_demo_02,ws_finishing_a,dev_mac_01,actor_demo_03,sepmaker-pro,1.6.0,Apply,success,,9987,2026-07-17T10:08:05.013Z,2026-07-17T10:08:15.000Z,2026-07-17T10:08:16.210Z,local_bridge,Illustrator 29.0,Operation Suite 3.1,macos,SYNTHETIC,false,normal
exec_syn_000748,acct_demo_01,ws_prepress_a,dev_win_01,actor_demo_01,sepmaker-pro,1.6.0,Apply,success,,16858,2026-07-17T16:38:59.142Z,2026-07-17T16:39:16.000Z,2026-07-17T16:39:16.585Z,local_bridge,Illustrator 28.5,Operation Suite 3.1,windows,SYNTHETIC,false,normal
exec_syn_000749,acct_demo_02,ws_finishing_a,dev_mac_01,actor_demo_03,sepmaker-pro,1.6.0,Apply,success,,11354,2026-07-17T14:42:02.646Z,2026-07-17T14:42:14.000Z,2026-07-17T14:42:14.947Z,local_bridge,Illustrator 29.0,Operation Suite 3.1,macos,SYNTHETIC,false,normal
exec_syn_000750,acct_demo_01,ws_prepress_b,dev_win_02,actor_demo_02,clean-vector-pro,3.6.0,CLEAN ART,cancelled,ACTION_CANCELLED,7515,2026-07-17T08:35:08.485Z,2026-07-17T08:35:16.000Z,2026-07-17T08:35:16.742Z,local_bridge,Illustrator 28.5,Operation Suite 3.1,windows,SYNTHETIC,false,normal
exec_syn_000751,acct_demo_01,ws_prepress_a,dev_win_01,actor_demo_01,sepmaker-pro,1.6.0,Apply,success,,10820,2026-07-17T12:15:16.180Z,2026-07-17T12:15:27.000Z,2026-07-17T12:15:27.564Z,local_bridge,Illustrator 28.5,Operation Suite 3.1,windows,SYNTHETIC,false,normal
exec_syn_000752,acct_demo_01,ws_prepress_a,dev_win_01,actor_demo_01,clean-vector-pro,3.6.0,CLEAN ART,success,,3508,2026-07-17T08:16:19.492Z,2026-07-17T08:16:23.000Z,2026-07-17T08:16:23.890Z,local_bridge,Illustrator 28.5,Operation Suite 3.1,windows,SYNTHETIC,false,normal
exec_syn_000753,acct_demo_01,ws_prepress_a,dev_win_01,actor_demo_01,clean-vector-pro,3.6.0,CLEAN ART,success,,4004,2026-07-18T14:51:07.996Z,2026-07-18T14:51:12.000Z,2026-07-18T14:51:13.415Z,local_bridge,Illustrator 28.5,Operation Suite 3.1,windows,SYNTHETIC,false,normal
exec_syn_000754,acct_demo_02,ws_finishing_a,dev_mac_01,actor_demo_03,clean-vector-pro,3.6.0,CLEAN ART,success,,4651,2026-07-18T14:40:21.349Z,2026-07-18T14:40:26.000Z,2026-07-18T14:40:26.317Z,local_bridge,Illustrator 29.0,Operation Suite 3.1,macos,SYNTHETIC,false,normal
exec_syn_000755,acct_demo_01,ws_prepress_b,dev_win_02,actor_demo_02,clean-vector-pro,3.6.0,CLEAN ART,success,,5148,2026-07-18T12:30:13.852Z,2026-07-18T12:30:19.000Z,2026-07-18T12:30:19.995Z,local_bridge,Illustrator 28.5,Operation Suite 3.1,windows,SYNTHETIC,false,normal
exec_syn_000756,acct_demo_01,ws_prepress_a,dev_win_01,actor_demo_01,sepmaker-pro,1.6.0,Apply,success,,13921,2026-07-18T10:38:22.079Z,2026-07-18T10:38:36.000Z,2026-07-18T10:38:36.504Z,local_bridge,Illustrator 28.5,Operation Suite 3.1,windows,SYNTHETIC,false,normal
exec_syn_000757,acct_demo_01,ws_prepress_a,dev_win_01,actor_demo_01,clean-vector-pro,3.6.0,CLEAN ART,success,,2800,2026-07-18T14:01:00.200Z,2026-07-18T14:01:03.000Z,2026-07-18T14:01:03.680Z,local_bridge,Illustrator 28.5,Operation Suite 3.1,windows,SYNTHETIC,false,normal
exec_syn_000758,acct_demo_01,ws_prepress_a,dev_win_01,actor_demo_01,sepmaker-pro,1.6.0,Apply,success,,11530,2026-07-18T15:11:54.470Z,2026-07-18T15:12:06.000Z,2026-07-18T15:12:07.307Z,local_bridge,Illustrator 28.5,Operation Suite 3.1,windows,SYNTHETIC,false,normal
exec_syn_000759,acct_demo_01,ws_prepress_a,dev_win_01,actor_demo_01,clean-vector-pro,3.6.0,CLEAN ART,success,,3048,2026-07-18T10:21:28.952Z,2026-07-18T10:21:32.000Z,2026-07-18T10:21:32.995Z,local_bridge,Illustrator 28.5,Operation Suite 3.1,windows,SYNTHETIC,false,normal
exec_syn_000760,acct_demo_01,ws_prepress_a,dev_win_01,actor_demo_01,clean-vector-pro,3.6.0,CLEAN ART,success,,5289,2026-07-18T15:23:36.711Z,2026-07-18T15:23:42.000Z,2026-07-18T15:23:42.444Z,local_bridge,Illustrator 28.5,Operation Suite 3.1,windows,SYNTHETIC,false,normal
exec_syn_000761,acct_demo_01,ws_prepress_b,dev_win_02,actor_demo_02,clean-vector-pro,3.6.0,CLEAN ART,success,,4234,2026-07-18T12:23:56.766Z,2026-07-18T12:24:01.000Z,2026-07-18T12:24:02.189Z,local_bridge,Illustrator 28.5,Operation Suite 3.1,windows,SYNTHETIC,false,normal
exec_syn_000762,acct_demo_01,ws_prepress_a,dev_win_01,actor_demo_01,clean-vector-pro,3.6.0,CLEAN ART,success,,4875,2026-07-18T15:35:57.125Z,2026-07-18T15:36:02.000Z,2026-07-18T15:36:02.965Z,local_bridge,Illustrator 28.5,Operation Suite 3.1,windows,SYNTHETIC,false,normal
exec_syn_000763,acct_demo_03,ws_production_a,dev_win_03,actor_demo_04,clean-vector-pro,3.6.0,CLEAN ART,success,,4206,2026-07-18T15:40:14.794Z,2026-07-18T15:40:19.000Z,2026-07-18T15:40:20.288Z,local_bridge,Illustrator 28.5,Operation Suite 3.1,windows,SYNTHETIC,false,normal
exec_syn_000764,acct_demo_01,ws_prepress_b,dev_win_02,actor_demo_02,clean-vector-pro,3.6.0,CLEAN ART,success,,6217,2026-07-18T11:19:13.783Z,2026-07-18T11:19:20.000Z,2026-07-18T11:19:20.431Z,local_bridge,Illustrator 28.5,Operation Suite 3.1,windows,SYNTHETIC,false,normal
exec_syn_000765,acct_demo_02,ws_finishing_a,dev_mac_01,actor_demo_03,sepmaker-pro,1.6.0,Apply,success,,9325,2026-07-18T11:23:05.675Z,2026-07-18T11:23:15.000Z,2026-07-18T11:23:15.654Z,local_bridge,Illustrator 29.0,Operation Suite 3.1,macos,SYNTHETIC,false,normal
exec_syn_000766,acct_demo_01,ws_prepress_b,dev_win_02,actor_demo_02,clean-vector-pro,3.6.0,CLEAN ART,success,,3854,2026-07-18T11:19:45.146Z,2026-07-18T11:19:49.000Z,2026-07-18T11:19:50.496Z,local_bridge,Illustrator 28.5,Operation Suite 3.1,windows,SYNTHETIC,false,normal
exec_syn_000767,acct_demo_01,ws_prepress_a,dev_win_01,actor_demo_01,sepmaker-pro,1.6.0,Apply,success,,11535,2026-07-18T14:54:31.465Z,2026-07-18T14:54:43.000Z,2026-07-18T14:54:43.606Z,local_bridge,Illustrator 28.5,Operation Suite 3.1,windows,SYNTHETIC,false,normal
exec_syn_000768,acct_demo_02,ws_finishing_a,dev_mac_01,actor_demo_03,clean-vector-pro,3.6.0,CLEAN ART,success,,3521,2026-07-18T14:01:00.479Z,2026-07-18T14:01:04.000Z,2026-07-18T14:01:05.249Z,local_bridge,Illustrator 29.0,Operation Suite 3.1,macos,SYNTHETIC,false,normal
exec_syn_000769,acct_demo_01,ws_prepress_a,dev_win_01,actor_demo_01,sepmaker-pro,1.6.0,Apply,failure,HOST_UNAVAILABLE,9248,2026-07-19T15:03:05.752Z,2026-07-19T15:03:15.000Z,2026-07-19T15:03:15.574Z,local_bridge,Illustrator 28.5,Operation Suite 3.1,windows,SYNTHETIC,false,normal
exec_syn_000770,acct_demo_01,ws_prepress_b,dev_win_02,actor_demo_02,clean-vector-pro,3.6.0,CLEAN ART,success,,6257,2026-07-19T11:41:46.743Z,2026-07-19T11:41:53.000Z,2026-07-19T11:41:53.688Z,local_bridge,Illustrator 28.5,Operation Suite 3.1,windows,SYNTHETIC,false,normal
exec_syn_000771,acct_demo_03,ws_production_a,dev_win_03,actor_demo_04,clean-vector-pro,3.6.0,CLEAN ART,success,,17829,2026-07-19T12:41:18.171Z,2026-07-19T12:41:36.000Z,2026-07-19T12:41:36.472Z,local_bridge,Illustrator 28.5,Operation Suite 3.1,windows,SYNTHETIC,true,duration_spike
exec_syn_000772,acct_demo_01,ws_prepress_a,dev_win_01,actor_demo_01,sepmaker-pro,1.6.0,Apply,success,,10781,2026-07-19T10:24:26.219Z,2026-07-19T10:24:37.000Z,2026-07-19T10:24:38.375Z,local_bridge,Illustrator 28.5,Operation Suite 3.1,windows,SYNTHETIC,false,normal
exec_syn_000773,acct_demo_01,ws_prepress_a,dev_win_01,actor_demo_01,sepmaker-pro,1.6.0,Apply,success,,10792,2026-07-19T13:22:07.208Z,2026-07-19T13:22:18.000Z,2026-07-19T13:22:19.323Z,local_bridge,Illustrator 28.5,Operation Suite 3.1,windows,SYNTHETIC,false,normal
exec_syn_000774,acct_demo_01,ws_prepress_a,dev_win_01,actor_demo_01,clean-vector-pro,3.6.0,CLEAN ART,success,,6585,2026-07-19T10:57:13.415Z,2026-07-19T10:57:20.000Z,2026-07-19T10:57:21.261Z,local_bridge,Illustrator 28.5,Operation Suite 3.1,windows,SYNTHETIC,false,normal
exec_syn_000775,acct_demo_02,ws_finishing_a,dev_mac_01,actor_demo_03,clean-vector-pro,3.6.0,CLEAN ART,success,,3808,2026-07-19T13:21:35.192Z,2026-07-19T13:21:39.000Z,2026-07-19T13:21:39.685Z,local_bridge,Illustrator 29.0,Operation Suite 3.1,macos,SYNTHETIC,false,normal
exec_syn_000776,acct_demo_03,ws_production_a,dev_win_03,actor_demo_04,clean-vector-pro,3.6.0,CLEAN ART,failure,PROCESSING_FAILED,7445,2026-07-19T10:58:33.555Z,2026-07-19T10:58:41.000Z,2026-07-19T10:58:41.345Z,local_bridge,Illustrator 28.5,Operation Suite 3.1,windows,SYNTHETIC,false,normal
exec_syn_000777,acct_demo_01,ws_prepress_a,dev_win_01,actor_demo_01,sepmaker-pro,1.6.0,Apply,success,,13344,2026-07-19T14:07:58.656Z,2026-07-19T14:08:12.000Z,2026-07-19T14:08:12.936Z,local_bridge,Illustrator 28.5,Operation Suite 3.1,windows,SYNTHETIC,false,normal
exec_syn_000778,acct_demo_01,ws_prepress_b,dev_win_02,actor_demo_02,clean-vector-pro,3.6.0,CLEAN ART,success,,5108,2026-07-19T15:33:30.892Z,2026-07-19T15:33:36.000Z,2026-07-19T15:33:36.597Z,local_bridge,Illustrator 28.5,Operation Suite 3.1,windows,SYNTHETIC,false,normal
exec_syn_000779,acct_demo_01,ws_prepress_a,dev_win_01,actor_demo_01,clean-vector-pro,3.6.0,CLEAN ART,failure,DOCUMENT_UNAVAILABLE,1189,2026-07-19T15:06:40.811Z,2026-07-19T15:06:42.000Z,2026-07-19T15:06:43.084Z,local_bridge,Illustrator 28.5,Operation Suite 3.1,windows,SYNTHETIC,true,duration_drop
exec_syn_000780,acct_demo_03,ws_production_a,dev_win_03,actor_demo_04,sepmaker-pro,1.6.0,Apply,failure,PROCESSING_FAILED,13177,2026-07-19T15:50:31.823Z,2026-07-19T15:50:45.000Z,2026-07-19T15:50:45.947Z,local_bridge,Illustrator 28.5,Operation Suite 3.1,windows,SYNTHETIC,false,normal
exec_syn_000781,acct_demo_01,ws_prepress_a,dev_win_01,actor_demo_01,sepmaker-pro,1.6.0,Apply,success,,12039,2026-07-19T13:23:45.961Z,2026-07-19T13:23:58.000Z,2026-07-19T13:23:59.458Z,local_bridge,Illustrator 28.5,Operation Suite 3.1,windows,SYNTHETIC,false,normal
exec_syn_000782,acct_demo_01,ws_prepress_b,dev_win_02,actor_demo_02,clean-vector-pro,3.6.0,CLEAN ART,success,,4014,2026-07-19T12:04:28.986Z,2026-07-19T12:04:33.000Z,2026-07-19T12:04:33.291Z,local_bridge,Illustrator 28.5,Operation Suite 3.1,windows,SYNTHETIC,false,normal
exec_syn_000783,acct_demo_01,ws_prepress_b,dev_win_02,actor_demo_02,clean-vector-pro,3.6.0,CLEAN ART,success,,3012,2026-07-19T15:36:17.988Z,2026-07-19T15:36:21.000Z,2026-07-19T15:36:21.884Z,local_bridge,Illustrator 28.5,Operation Suite 3.1,windows,SYNTHETIC,false,normal
exec_syn_000784,acct_demo_01,ws_prepress_b,dev_win_02,actor_demo_02,sepmaker-pro,1.6.0,Apply,success,,10546,2026-07-19T15:03:24.454Z,2026-07-19T15:03:35.000Z,2026-07-19T15:03:35.959Z,local_bridge,Illustrator 28.5,Operation Suite 3.1,windows,SYNTHETIC,false,normal
exec_syn_000785,acct_demo_02,ws_finishing_a,dev_mac_01,actor_demo_03,sepmaker-pro,1.6.0,Apply,success,,9672,2026-07-20T09:13:35.328Z,2026-07-20T09:13:45.000Z,2026-07-20T09:13:46.297Z,local_bridge,Illustrator 29.0,Operation Suite 3.1,macos,SYNTHETIC,false,normal
exec_syn_000786,acct_demo_03,ws_production_a,dev_win_03,actor_demo_04,sepmaker-pro,1.6.0,Apply,success,,72375,2026-07-20T09:46:44.625Z,2026-07-20T09:47:57.000Z,2026-07-20T09:47:57.860Z,local_bridge,Illustrator 28.5,Operation Suite 3.1,windows,SYNTHETIC,true,duration_spike
exec_syn_000787,acct_demo_03,ws_production_a,dev_win_03,actor_demo_04,sepmaker-pro,1.6.0,Apply,success,,15492,2026-07-20T13:04:39.508Z,2026-07-20T13:04:55.000Z,2026-07-20T13:04:55.559Z,local_bridge,Illustrator 28.5,Operation Suite 3.1,windows,SYNTHETIC,false,normal
exec_syn_000788,acct_demo_01,ws_prepress_a,dev_win_01,actor_demo_01,sepmaker-pro,1.6.0,Apply,success,,11152,2026-07-20T08:42:18.848Z,2026-07-20T08:42:30.000Z,2026-07-20T08:42:31.353Z,local_bridge,Illustrator 28.5,Operation Suite 3.1,windows,SYNTHETIC,false,normal
exec_syn_000789,acct_demo_03,ws_production_a,dev_win_03,actor_demo_04,clean-vector-pro,3.6.0,CLEAN ART,success,,3874,2026-07-20T11:48:08.126Z,2026-07-20T11:48:12.000Z,2026-07-20T11:48:12.652Z,local_bridge,Illustrator 28.5,Operation Suite 3.1,windows,SYNTHETIC,false,normal
exec_syn_000790,acct_demo_01,ws_prepress_a,dev_win_01,actor_demo_01,sepmaker-pro,1.6.0,Apply,success,,10922,2026-07-20T16:42:56.078Z,2026-07-20T16:43:07.000Z,2026-07-20T16:43:07.510Z,local_bridge,Illustrator 28.5,Operation Suite 3.1,windows,SYNTHETIC,false,normal
exec_syn_000791,acct_demo_02,ws_finishing_a,dev_mac_01,actor_demo_03,clean-vector-pro,3.6.0,CLEAN ART,success,,4094,2026-07-20T09:16:42.906Z,2026-07-20T09:16:47.000Z,2026-07-20T09:16:47.600Z,local_bridge,Illustrator 29.0,Operation Suite 3.1,macos,SYNTHETIC,false,normal
exec_syn_000792,acct_demo_01,ws_prepress_a,dev_win_01,actor_demo_01,clean-vector-pro,3.6.0,CLEAN ART,success,,5814,2026-07-20T15:41:34.186Z,2026-07-20T15:41:40.000Z,2026-07-20T15:41:40.910Z,local_bridge,Illustrator 28.5,Operation Suite 3.1,windows,SYNTHETIC,false,normal
exec_syn_000793,acct_demo_01,ws_prepress_b,dev_win_02,actor_demo_02,clean-vector-pro,3.6.0,CLEAN ART,success,,6686,2026-07-20T13:22:30.314Z,2026-07-20T13:22:37.000Z,2026-07-20T13:22:37.506Z,local_bridge,Illustrator 28.5,Operation Suite 3.1,windows,SYNTHETIC,false,normal
exec_syn_000794,acct_demo_01,ws_prepress_a,dev_win_01,actor_demo_01,clean-vector-pro,3.6.0,CLEAN ART,success,,4093,2026-07-20T17:20:49.907Z,2026-07-20T17:20:54.000Z,2026-07-20T17:20:54.319Z,local_bridge,Illustrator 28.5,Operation Suite 3.1,windows,SYNTHETIC,false,normal
exec_syn_000795,acct_demo_03,ws_production_a,dev_win_03,actor_demo_04,sepmaker-pro,1.6.0,Apply,success,,12315,2026-07-20T11:41:49.685Z,2026-07-20T11:42:02.000Z,2026-07-20T11:42:03.097Z,local_bridge,Illustrator 28.5,Operation Suite 3.1,windows,SYNTHETIC,false,normal
exec_syn_000796,acct_demo_02,ws_finishing_a,dev_mac_01,actor_demo_03,sepmaker-pro,1.6.0,Apply,success,,9968,2026-07-20T11:15:08.032Z,2026-07-20T11:15:18.000Z,2026-07-20T11:15:19.127Z,local_bridge,Illustrator 29.0,Operation Suite 3.1,macos,SYNTHETIC,false,normal
exec_syn_000797,acct_demo_01,ws_prepress_b,dev_win_02,actor_demo_02,sepmaker-pro,1.6.0,Apply,success,,10761,2026-07-20T17:18:10.239Z,2026-07-20T17:18:21.000Z,2026-07-20T17:18:22.203Z,local_bridge,Illustrator 28.5,Operation Suite 3.1,windows,SYNTHETIC,false,normal
exec_syn_000798,acct_demo_01,ws_prepress_a,dev_win_01,actor_demo_01,clean-vector-pro,3.6.0,CLEAN ART,success,,4903,2026-07-20T09:45:25.097Z,2026-07-20T09:45:30.000Z,2026-07-20T09:45:31.273Z,local_bridge,Illustrator 28.5,Operation Suite 3.1,windows,SYNTHETIC,false,normal
exec_syn_000799,acct_demo_01,ws_prepress_a,dev_win_01,actor_demo_01,clean-vector-pro,3.6.0,CLEAN ART,success,,5983,2026-07-20T11:01:37.017Z,2026-07-20T11:01:43.000Z,2026-07-20T11:01:43.327Z,local_bridge,Illustrator 28.5,Operation Suite 3.1,windows,SYNTHETIC,false,normal
exec_syn_000800,acct_demo_01,ws_prepress_a,dev_win_01,actor_demo_01,sepmaker-pro,1.6.0,Apply,success,,11066,2026-07-20T11:57:02.934Z,2026-07-20T11:57:14.000Z,2026-07-20T11:57:15.122Z,local_bridge,Illustrator 28.5,Operation Suite 3.1,windows,SYNTHETIC,false,normal
exec_syn_000801,acct_demo_01,ws_prepress_b,dev_win_02,actor_demo_02,sepmaker-pro,1.6.0,Apply,success,,15336,2026-07-21T09:51:54.664Z,2026-07-21T09:52:10.000Z,2026-07-21T09:52:10.581Z,local_bridge,Illustrator 28.5,Operation Suite 3.1,windows,SYNTHETIC,false,normal
exec_syn_000802,acct_demo_01,ws_prepress_b,dev_win_02,actor_demo_02,sepmaker-pro,1.6.0,Apply,success,,11532,2026-07-21T13:23:23.468Z,2026-07-21T13:23:35.000Z,2026-07-21T13:23:36.488Z,local_bridge,Illustrator 28.5,Operation Suite 3.1,windows,SYNTHETIC,false,normal
exec_syn_000803,acct_demo_03,ws_production_a,dev_win_03,actor_demo_04,sepmaker-pro,1.6.0,Apply,success,,13393,2026-07-21T11:05:25.607Z,2026-07-21T11:05:39.000Z,2026-07-21T11:05:39.739Z,local_bridge,Illustrator 28.5,Operation Suite 3.1,windows,SYNTHETIC,false,normal
exec_syn_000804,acct_demo_01,ws_prepress_b,dev_win_02,actor_demo_02,clean-vector-pro,3.6.0,CLEAN ART,success,,4428,2026-07-21T14:58:39.572Z,2026-07-21T14:58:44.000Z,2026-07-21T14:58:45.129Z,local_bridge,Illustrator 28.5,Operation Suite 3.1,windows,SYNTHETIC,false,normal
exec_syn_000805,acct_demo_01,ws_prepress_a,dev_win_01,actor_demo_01,sepmaker-pro,1.6.0,Apply,success,,35115,2026-07-21T11:48:35.885Z,2026-07-21T11:49:11.000Z,2026-07-21T11:49:12.107Z,local_bridge,Illustrator 28.5,Operation Suite 3.1,windows,SYNTHETIC,true,duration_spike
exec_syn_000806,acct_demo_02,ws_finishing_a,dev_mac_01,actor_demo_03,clean-vector-pro,3.6.0,CLEAN ART,success,,6102,2026-07-21T16:03:09.898Z,2026-07-21T16:03:16.000Z,2026-07-21T16:03:16.536Z,local_bridge,Illustrator 29.0,Operation Suite 3.1,macos,SYNTHETIC,false,normal
exec_syn_000807,acct_demo_01,ws_prepress_b,dev_win_02,actor_demo_02,clean-vector-pro,3.6.0,CLEAN ART,success,,5658,2026-07-21T15:50:03.342Z,2026-07-21T15:50:09.000Z,2026-07-21T15:50:10.097Z,local_bridge,Illustrator 28.5,Operation Suite 3.1,windows,SYNTHETIC,false,normal
exec_syn_000808,acct_demo_02,ws_finishing_a,dev_mac_01,actor_demo_03,clean-vector-pro,3.6.0,CLEAN ART,success,,2267,2026-07-21T11:31:33.733Z,2026-07-21T11:31:36.000Z,2026-07-21T11:31:36.545Z,local_bridge,Illustrator 29.0,Operation Suite 3.1,macos,SYNTHETIC,false,normal
exec_syn_000809,acct_demo_03,ws_production_a,dev_win_03,actor_demo_04,clean-vector-pro,3.6.0,CLEAN ART,success,,3904,2026-07-21T15:57:51.096Z,2026-07-21T15:57:55.000Z,2026-07-21T15:57:55.547Z,local_bridge,Illustrator 28.5,Operation Suite 3.1,windows,SYNTHETIC,false,normal
exec_syn_000810,acct_demo_03,ws_production_a,dev_win_03,actor_demo_04,sepmaker-pro,1.6.0,Apply,success,,8455,2026-07-21T17:16:04.545Z,2026-07-21T17:16:13.000Z,2026-07-21T17:16:13.660Z,local_bridge,Illustrator 28.5,Operation Suite 3.1,windows,SYNTHETIC,false,normal
exec_syn_000811,acct_demo_03,ws_production_a,dev_win_03,actor_demo_04,clean-vector-pro,3.6.0,CLEAN ART,success,,5232,2026-07-21T17:31:08.768Z,2026-07-21T17:31:14.000Z,2026-07-21T17:31:15.316Z,local_bridge,Illustrator 28.5,Operation Suite 3.1,windows,SYNTHETIC,false,normal
exec_syn_000812,acct_demo_03,ws_production_a,dev_win_03,actor_demo_04,clean-vector-pro,3.6.0,CLEAN ART,success,,4825,2026-07-21T10:34:23.175Z,2026-07-21T10:34:28.000Z,2026-07-21T10:34:28.889Z,local_bridge,Illustrator 28.5,Operation Suite 3.1,windows,SYNTHETIC,false,normal
exec_syn_000813,acct_demo_01,ws_prepress_a,dev_win_01,actor_demo_01,sepmaker-pro,1.6.0,Apply,success,,11995,2026-07-21T10:36:09.005Z,2026-07-21T10:36:21.000Z,2026-07-21T10:36:22.388Z,local_bridge,Illustrator 28.5,Operation Suite 3.1,windows,SYNTHETIC,false,normal
exec_syn_000814,acct_demo_03,ws_production_a,dev_win_03,actor_demo_04,sepmaker-pro,1.6.0,Apply,success,,11284,2026-07-21T14:49:28.716Z,2026-07-21T14:49:40.000Z,2026-07-21T14:49:40.765Z,local_bridge,Illustrator 28.5,Operation Suite 3.1,windows,SYNTHETIC,false,normal
exec_syn_000815,acct_demo_03,ws_production_a,dev_win_03,actor_demo_04,sepmaker-pro,1.6.0,Apply,success,,16531,2026-07-21T08:51:35.469Z,2026-07-21T08:51:52.000Z,2026-07-21T08:51:52.479Z,local_bridge,Illustrator 28.5,Operation Suite 3.1,windows,SYNTHETIC,false,normal
exec_syn_000816,acct_demo_01,ws_prepress_a,dev_win_01,actor_demo_01,clean-vector-pro,3.6.0,CLEAN ART,success,,6086,2026-07-21T16:42:30.914Z,2026-07-21T16:42:37.000Z,2026-07-21T16:42:38.239Z,local_bridge,Illustrator 28.5,Operation Suite 3.1,windows,SYNTHETIC,false,normal
exec_syn_000817,acct_demo_03,ws_production_a,dev_win_03,actor_demo_04,sepmaker-pro,1.6.0,Apply,success,,54751,2026-07-22T16:53:20.249Z,2026-07-22T16:54:15.000Z,2026-07-22T16:54:15.944Z,local_bridge,Illustrator 28.5,Operation Suite 3.1,windows,SYNTHETIC,true,duration_spike
exec_syn_000818,acct_demo_02,ws_finishing_a,dev_mac_01,actor_demo_03,clean-vector-pro,3.6.0,CLEAN ART,success,,4280,2026-07-22T16:24:51.720Z,2026-07-22T16:24:56.000Z,2026-07-22T16:24:57.412Z,local_bridge,Illustrator 29.0,Operation Suite 3.1,macos,SYNTHETIC,false,normal
exec_syn_000819,acct_demo_02,ws_finishing_a,dev_mac_01,actor_demo_03,sepmaker-pro,1.6.0,Apply,success,,10993,2026-07-22T16:18:39.007Z,2026-07-22T16:18:50.000Z,2026-07-22T16:18:50.764Z,local_bridge,Illustrator 29.0,Operation Suite 3.1,macos,SYNTHETIC,false,normal
exec_syn_000820,acct_demo_01,ws_prepress_a,dev_win_01,actor_demo_01,clean-vector-pro,3.6.0,CLEAN ART,success,,2680,2026-07-22T09:28:46.320Z,2026-07-22T09:28:49.000Z,2026-07-22T09:28:49.931Z,local_bridge,Illustrator 28.5,Operation Suite 3.1,windows,SYNTHETIC,false,normal
exec_syn_000821,acct_demo_02,ws_finishing_a,dev_mac_01,actor_demo_03,clean-vector-pro,3.6.0,CLEAN ART,success,,3409,2026-07-22T13:18:16.591Z,2026-07-22T13:18:20.000Z,2026-07-22T13:18:20.365Z,local_bridge,Illustrator 29.0,Operation Suite 3.1,macos,SYNTHETIC,false,normal
exec_syn_000822,acct_demo_01,ws_prepress_a,dev_win_01,actor_demo_01,clean-vector-pro,3.6.0,CLEAN ART,success,,4479,2026-07-22T08:37:29.521Z,2026-07-22T08:37:34.000Z,2026-07-22T08:37:35.029Z,local_bridge,Illustrator 28.5,Operation Suite 3.1,windows,SYNTHETIC,false,normal
exec_syn_000823,acct_demo_02,ws_finishing_a,dev_mac_01,actor_demo_03,sepmaker-pro,1.6.0,Apply,cancelled,ACTION_CANCELLED,9758,2026-07-22T09:29:19.242Z,2026-07-22T09:29:29.000Z,2026-07-22T09:29:29.615Z,local_bridge,Illustrator 29.0,Operation Suite 3.1,macos,SYNTHETIC,false,normal
exec_syn_000824,acct_demo_03,ws_production_a,dev_win_03,actor_demo_04,sepmaker-pro,1.6.0,Apply,success,,12322,2026-07-22T13:51:43.678Z,2026-07-22T13:51:56.000Z,2026-07-22T13:51:57.055Z,local_bridge,Illustrator 28.5,Operation Suite 3.1,windows,SYNTHETIC,false,normal
exec_syn_000825,acct_demo_03,ws_production_a,dev_win_03,actor_demo_04,sepmaker-pro,1.6.0,Apply,success,,8654,2026-07-22T10:30:22.346Z,2026-07-22T10:30:31.000Z,2026-07-22T10:30:32.031Z,local_bridge,Illustrator 28.5,Operation Suite 3.1,windows,SYNTHETIC,false,normal
exec_syn_000826,acct_demo_03,ws_production_a,dev_win_03,actor_demo_04,clean-vector-pro,3.6.0,CLEAN ART,success,,5584,2026-07-22T08:26:45.416Z,2026-07-22T08:26:51.000Z,2026-07-22T08:26:51.480Z,local_bridge,Illustrator 28.5,Operation Suite 3.1,windows,SYNTHETIC,false,normal
exec_syn_000827,acct_demo_03,ws_production_a,dev_win_03,actor_demo_04,clean-vector-pro,3.6.0,CLEAN ART,success,,3225,2026-07-22T15:02:24.775Z,2026-07-22T15:02:28.000Z,2026-07-22T15:02:29.199Z,local_bridge,Illustrator 28.5,Operation Suite 3.1,windows,SYNTHETIC,false,normal
exec_syn_000828,acct_demo_02,ws_finishing_a,dev_mac_01,actor_demo_03,sepmaker-pro,1.6.0,Apply,success,,10123,2026-07-22T10:48:39.877Z,2026-07-22T10:48:50.000Z,2026-07-22T10:48:51.303Z,local_bridge,Illustrator 29.0,Operation Suite 3.1,macos,SYNTHETIC,false,normal
exec_syn_000829,acct_demo_02,ws_finishing_a,dev_mac_01,actor_demo_03,clean-vector-pro,3.6.0,CLEAN ART,success,,3496,2026-07-22T10:01:54.504Z,2026-07-22T10:01:58.000Z,2026-07-22T10:01:58.634Z,local_bridge,Illustrator 29.0,Operation Suite 3.1,macos,SYNTHETIC,false,normal
exec_syn_000830,acct_demo_01,ws_prepress_b,dev_win_02,actor_demo_02,clean-vector-pro,3.6.0,CLEAN ART,success,,5189,2026-07-22T08:13:58.811Z,2026-07-22T08:14:04.000Z,2026-07-22T08:14:04.368Z,local_bridge,Illustrator 28.5,Operation Suite 3.1,windows,SYNTHETIC,false,normal
exec_syn_000831,acct_demo_03,ws_production_a,dev_win_03,actor_demo_04,clean-vector-pro,3.6.0,CLEAN ART,success,,4158,2026-07-22T12:48:17.842Z,2026-07-22T12:48:22.000Z,2026-07-22T12:48:22.953Z,local_bridge,Illustrator 28.5,Operation Suite 3.1,windows,SYNTHETIC,false,normal
exec_syn_000832,acct_demo_03,ws_production_a,dev_win_03,actor_demo_04,clean-vector-pro,3.6.0,CLEAN ART,success,,3882,2026-07-22T08:32:16.118Z,2026-07-22T08:32:20.000Z,2026-07-22T08:32:20.781Z,local_bridge,Illustrator 28.5,Operation Suite 3.1,windows,SYNTHETIC,false,normal
exec_syn_000833,acct_demo_03,ws_production_a,dev_win_03,actor_demo_04,sepmaker-pro,1.6.0,Apply,success,,9777,2026-07-23T10:17:43.223Z,2026-07-23T10:17:53.000Z,2026-07-23T10:17:54.433Z,local_bridge,Illustrator 28.5,Operation Suite 3.1,windows,SYNTHETIC,false,normal
exec_syn_000834,acct_demo_03,ws_production_a,dev_win_03,actor_demo_04,sepmaker-pro,1.6.0,Apply,success,,12929,2026-07-23T14:18:32.071Z,2026-07-23T14:18:45.000Z,2026-07-23T14:18:45.314Z,local_bridge,Illustrator 28.5,Operation Suite 3.1,windows,SYNTHETIC,false,normal
exec_syn_000835,acct_demo_01,ws_prepress_a,dev_win_01,actor_demo_01,clean-vector-pro,3.6.0,CLEAN ART,success,,4710,2026-07-23T14:34:20.290Z,2026-07-23T14:34:25.000Z,2026-07-23T14:34:25.972Z,local_bridge,Illustrator 28.5,Operation Suite 3.1,windows,SYNTHETIC,false,normal
exec_syn_000836,acct_demo_01,ws_prepress_b,dev_win_02,actor_demo_02,clean-vector-pro,3.6.0,CLEAN ART,success,,4106,2026-07-23T12:34:08.894Z,2026-07-23T12:34:13.000Z,2026-07-23T12:34:14.423Z,local_bridge,Illustrator 28.5,Operation Suite 3.1,windows,SYNTHETIC,false,normal
exec_syn_000837,acct_demo_01,ws_prepress_a,dev_win_01,actor_demo_01,sepmaker-pro,1.6.0,Apply,success,,43534,2026-07-23T16:05:24.466Z,2026-07-23T16:06:08.000Z,2026-07-23T16:06:09.168Z,local_bridge,Illustrator 28.5,Operation Suite 3.1,windows,SYNTHETIC,true,duration_spike
exec_syn_000838,acct_demo_01,ws_prepress_a,dev_win_01,actor_demo_01,clean-vector-pro,3.6.0,CLEAN ART,success,,3967,2026-07-23T13:40:10.033Z,2026-07-23T13:40:14.000Z,2026-07-23T13:40:14.745Z,local_bridge,Illustrator 28.5,Operation Suite 3.1,windows,SYNTHETIC,false,normal
exec_syn_000839,acct_demo_01,ws_prepress_a,dev_win_01,actor_demo_01,clean-vector-pro,3.6.0,CLEAN ART,success,,5236,2026-07-23T09:58:37.764Z,2026-07-23T09:58:43.000Z,2026-07-23T09:58:43.933Z,local_bridge,Illustrator 28.5,Operation Suite 3.1,windows,SYNTHETIC,false,normal
exec_syn_000840,acct_demo_01,ws_prepress_a,dev_win_01,actor_demo_01,sepmaker-pro,1.6.0,Apply,success,,11744,2026-07-23T15:02:03.256Z,2026-07-23T15:02:15.000Z,2026-07-23T15:02:15.937Z,local_bridge,Illustrator 28.5,Operation Suite 3.1,windows,SYNTHETIC,false,normal
exec_syn_000841,acct_demo_03,ws_production_a,dev_win_03,actor_demo_04,clean-vector-pro,3.6.0,CLEAN ART,success,,3784,2026-07-23T11:52:21.216Z,2026-07-23T11:52:25.000Z,2026-07-23T11:52:25.578Z,local_bridge,Illustrator 28.5,Operation Suite 3.1,windows,SYNTHETIC,false,normal
exec_syn_000842,acct_demo_01,ws_prepress_b,dev_win_02,actor_demo_02,clean-vector-pro,3.6.0,CLEAN ART,success,,4176,2026-07-23T08:01:15.824Z,2026-07-23T08:01:20.000Z,2026-07-23T08:01:21.435Z,local_bridge,Illustrator 28.5,Operation Suite 3.1,windows,SYNTHETIC,false,normal
exec_syn_000843,acct_demo_02,ws_finishing_a,dev_mac_01,actor_demo_03,clean-vector-pro,3.6.0,CLEAN ART,success,,3613,2026-07-23T14:17:21.387Z,2026-07-23T14:17:25.000Z,2026-07-23T14:17:25.289Z,local_bridge,Illustrator 29.0,Operation Suite 3.1,macos,SYNTHETIC,false,normal
exec_syn_000844,acct_demo_01,ws_prepress_b,dev_win_02,actor_demo_02,sepmaker-pro,1.6.0,Apply,success,,8240,2026-07-23T09:29:15.760Z,2026-07-23T09:29:24.000Z,2026-07-23T09:29:25.363Z,local_bridge,Illustrator 28.5,Operation Suite 3.1,windows,SYNTHETIC,false,normal
exec_syn_000845,acct_demo_01,ws_prepress_a,dev_win_01,actor_demo_01,clean-vector-pro,3.6.0,CLEAN ART,success,,4486,2026-07-23T16:56:54.514Z,2026-07-23T16:56:59.000Z,2026-07-23T16:56:59.985Z,local_bridge,Illustrator 28.5,Operation Suite 3.1,windows,SYNTHETIC,false,normal
exec_syn_000846,acct_demo_01,ws_prepress_b,dev_win_02,actor_demo_02,clean-vector-pro,3.6.0,CLEAN ART,success,,4569,2026-07-23T13:27:38.431Z,2026-07-23T13:27:43.000Z,2026-07-23T13:27:44.461Z,local_bridge,Illustrator 28.5,Operation Suite 3.1,windows,SYNTHETIC,false,normal
exec_syn_000847,acct_demo_02,ws_finishing_a,dev_mac_01,actor_demo_03,clean-vector-pro,3.6.0,CLEAN ART,success,,4746,2026-07-23T09:16:22.254Z,2026-07-23T09:16:27.000Z,2026-07-23T09:16:28.333Z,local_bridge,Illustrator 29.0,Operation Suite 3.1,macos,SYNTHETIC,false,normal
exec_syn_000848,acct_demo_03,ws_production_a,dev_win_03,actor_demo_04,sepmaker-pro,1.6.0,Apply,success,,14052,2026-07-23T14:22:00.948Z,2026-07-23T14:22:15.000Z,2026-07-23T14:22:16.147Z,local_bridge,Illustrator 28.5,Operation Suite 3.1,windows,SYNTHETIC,false,normal
exec_syn_000849,acct_demo_01,ws_prepress_b,dev_win_02,actor_demo_02,clean-vector-pro,3.6.0,CLEAN ART,success,,4680,2026-07-24T16:36:02.320Z,2026-07-24T16:36:07.000Z,2026-07-24T16:36:08.298Z,local_bridge,Illustrator 28.5,Operation Suite 3.1,windows,SYNTHETIC,false,normal
exec_syn_000850,acct_demo_03,ws_production_a,dev_win_03,actor_demo_04,sepmaker-pro,1.6.0,Apply,failure,HOST_UNAVAILABLE,11490,2026-07-24T15:16:52.510Z,2026-07-24T15:17:04.000Z,2026-07-24T15:17:04.753Z,local_bridge,Illustrator 28.5,Operation Suite 3.1,windows,SYNTHETIC,false,normal
exec_syn_000851,acct_demo_01,ws_prepress_b,dev_win_02,actor_demo_02,sepmaker-pro,1.6.0,Apply,success,,11334,2026-07-24T15:53:47.666Z,2026-07-24T15:53:59.000Z,2026-07-24T15:53:59.934Z,local_bridge,Illustrator 28.5,Operation Suite 3.1,windows,SYNTHETIC,false,normal
exec_syn_000852,acct_demo_03,ws_production_a,dev_win_03,actor_demo_04,sepmaker-pro,1.6.0,Apply,success,,11881,2026-07-24T13:25:44.119Z,2026-07-24T13:25:56.000Z,2026-07-24T13:25:56.973Z,local_bridge,Illustrator 28.5,Operation Suite 3.1,windows,SYNTHETIC,false,normal
exec_syn_000853,acct_demo_01,ws_prepress_b,dev_win_02,actor_demo_02,sepmaker-pro,1.6.0,Apply,cancelled,ACTION_CANCELLED,14188,2026-07-24T13:58:15.812Z,2026-07-24T13:58:30.000Z,2026-07-24T13:58:30.979Z,local_bridge,Illustrator 28.5,Operation Suite 3.1,windows,SYNTHETIC,false,normal
exec_syn_000854,acct_demo_01,ws_prepress_b,dev_win_02,actor_demo_02,sepmaker-pro,1.6.0,Apply,success,,13632,2026-07-24T12:03:31.368Z,2026-07-24T12:03:45.000Z,2026-07-24T12:03:46.116Z,local_bridge,Illustrator 28.5,Operation Suite 3.1,windows,SYNTHETIC,false,normal
exec_syn_000855,acct_demo_02,ws_finishing_a,dev_mac_01,actor_demo_03,sepmaker-pro,1.6.0,Apply,success,,11261,2026-07-24T12:07:02.739Z,2026-07-24T12:07:14.000Z,2026-07-24T12:07:15.436Z,local_bridge,Illustrator 29.0,Operation Suite 3.1,macos,SYNTHETIC,false,normal
exec_syn_000856,acct_demo_03,ws_production_a,dev_win_03,actor_demo_04,sepmaker-pro,1.6.0,Apply,success,,19030,2026-07-24T14:07:20.970Z,2026-07-24T14:07:40.000Z,2026-07-24T14:07:40.760Z,local_bridge,Illustrator 28.5,Operation Suite 3.1,windows,SYNTHETIC,false,normal
exec_syn_000857,acct_demo_01,ws_prepress_a,dev_win_01,actor_demo_01,clean-vector-pro,3.6.0,CLEAN ART,success,,4283,2026-07-24T10:18:36.717Z,2026-07-24T10:18:41.000Z,2026-07-24T10:18:42.261Z,local_bridge,Illustrator 28.5,Operation Suite 3.1,windows,SYNTHETIC,false,normal
exec_syn_000858,acct_demo_03,ws_production_a,dev_win_03,actor_demo_04,clean-vector-pro,3.6.0,CLEAN ART,success,,6008,2026-07-24T08:26:33.992Z,2026-07-24T08:26:40.000Z,2026-07-24T08:26:40.598Z,local_bridge,Illustrator 28.5,Operation Suite 3.1,windows,SYNTHETIC,false,normal
exec_syn_000859,acct_demo_01,ws_prepress_b,dev_win_02,actor_demo_02,sepmaker-pro,1.6.0,Apply,success,,8723,2026-07-24T08:55:17.277Z,2026-07-24T08:55:26.000Z,2026-07-24T08:55:27.295Z,local_bridge,Illustrator 28.5,Operation Suite 3.1,windows,SYNTHETIC,false,normal
exec_syn_000860,acct_demo_01,ws_prepress_b,dev_win_02,actor_demo_02,sepmaker-pro,1.6.0,Apply,success,,9668,2026-07-24T16:54:42.332Z,2026-07-24T16:54:52.000Z,2026-07-24T16:54:52.366Z,local_bridge,Illustrator 28.5,Operation Suite 3.1,windows,SYNTHETIC,false,normal
exec_syn_000861,acct_demo_01,ws_prepress_b,dev_win_02,actor_demo_02,clean-vector-pro,3.6.0,CLEAN ART,success,,3611,2026-07-24T09:23:36.389Z,2026-07-24T09:23:40.000Z,2026-07-24T09:23:41.126Z,local_bridge,Illustrator 28.5,Operation Suite 3.1,windows,SYNTHETIC,false,normal
exec_syn_000862,acct_demo_01,ws_prepress_b,dev_win_02,actor_demo_02,sepmaker-pro,1.6.0,Apply,success,,14852,2026-07-24T15:52:55.148Z,2026-07-24T15:53:10.000Z,2026-07-24T15:53:10.669Z,local_bridge,Illustrator 28.5,Operation Suite 3.1,windows,SYNTHETIC,false,normal
exec_syn_000863,acct_demo_01,ws_prepress_a,dev_win_01,actor_demo_01,sepmaker-pro,1.6.0,Apply,success,,12554,2026-07-24T12:54:48.446Z,2026-07-24T12:55:01.000Z,2026-07-24T12:55:01.540Z,local_bridge,Illustrator 28.5,Operation Suite 3.1,windows,SYNTHETIC,false,normal
exec_syn_000864,acct_demo_03,ws_production_a,dev_win_03,actor_demo_04,sepmaker-pro,1.6.0,Apply,success,,2770,2026-07-24T09:53:00.230Z,2026-07-24T09:53:03.000Z,2026-07-24T09:53:03.716Z,local_bridge,Illustrator 28.5,Operation Suite 3.1,windows,SYNTHETIC,true,duration_drop
exec_syn_000865,acct_demo_01,ws_prepress_b,dev_win_02,actor_demo_02,sepmaker-pro,1.6.0,Apply,success,,9382,2026-07-25T15:30:51.618Z,2026-07-25T15:31:01.000Z,2026-07-25T15:31:01.994Z,local_bridge,Illustrator 28.5,Operation Suite 3.1,windows,SYNTHETIC,false,normal
exec_syn_000866,acct_demo_01,ws_prepress_a,dev_win_01,actor_demo_01,clean-vector-pro,3.6.0,CLEAN ART,success,,4876,2026-07-25T11:22:56.124Z,2026-07-25T11:23:01.000Z,2026-07-25T11:23:01.321Z,local_bridge,Illustrator 28.5,Operation Suite 3.1,windows,SYNTHETIC,false,normal
exec_syn_000867,acct_demo_02,ws_finishing_a,dev_mac_01,actor_demo_03,clean-vector-pro,3.6.0,CLEAN ART,success,,4410,2026-07-25T13:44:18.590Z,2026-07-25T13:44:23.000Z,2026-07-25T13:44:24.003Z,local_bridge,Illustrator 29.0,Operation Suite 3.1,macos,SYNTHETIC,false,normal
exec_syn_000868,acct_demo_01,ws_prepress_b,dev_win_02,actor_demo_02,sepmaker-pro,1.6.0,Apply,success,,11732,2026-07-25T11:48:24.268Z,2026-07-25T11:48:36.000Z,2026-07-25T11:48:36.372Z,local_bridge,Illustrator 28.5,Operation Suite 3.1,windows,SYNTHETIC,false,normal
exec_syn_000869,acct_demo_01,ws_prepress_a,dev_win_01,actor_demo_01,clean-vector-pro,3.6.0,CLEAN ART,success,,4814,2026-07-25T10:13:40.186Z,2026-07-25T10:13:45.000Z,2026-07-25T10:13:45.260Z,local_bridge,Illustrator 28.5,Operation Suite 3.1,windows,SYNTHETIC,false,normal
exec_syn_000870,acct_demo_03,ws_production_a,dev_win_03,actor_demo_04,clean-vector-pro,3.6.0,CLEAN ART,success,,4756,2026-07-25T11:32:44.244Z,2026-07-25T11:32:49.000Z,2026-07-25T11:32:50.421Z,local_bridge,Illustrator 28.5,Operation Suite 3.1,windows,SYNTHETIC,false,normal
exec_syn_000871,acct_demo_01,ws_prepress_b,dev_win_02,actor_demo_02,sepmaker-pro,1.6.0,Apply,success,,17871,2026-07-25T12:24:12.129Z,2026-07-25T12:24:30.000Z,2026-07-25T12:24:30.989Z,local_bridge,Illustrator 28.5,Operation Suite 3.1,windows,SYNTHETIC,false,normal
exec_syn_000872,acct_demo_01,ws_prepress_b,dev_win_02,actor_demo_02,clean-vector-pro,3.6.0,CLEAN ART,success,,5545,2026-07-25T13:24:03.455Z,2026-07-25T13:24:09.000Z,2026-07-25T13:24:10.294Z,local_bridge,Illustrator 28.5,Operation Suite 3.1,windows,SYNTHETIC,false,normal
exec_syn_000873,acct_demo_01,ws_prepress_b,dev_win_02,actor_demo_02,sepmaker-pro,1.6.0,Apply,success,,13262,2026-07-25T15:18:26.738Z,2026-07-25T15:18:40.000Z,2026-07-25T15:18:41.356Z,local_bridge,Illustrator 28.5,Operation Suite 3.1,windows,SYNTHETIC,false,normal
exec_syn_000874,acct_demo_02,ws_finishing_a,dev_mac_01,actor_demo_03,sepmaker-pro,1.6.0,Apply,success,,9234,2026-07-25T11:26:04.766Z,2026-07-25T11:26:14.000Z,2026-07-25T11:26:15.429Z,local_bridge,Illustrator 29.0,Operation Suite 3.1,macos,SYNTHETIC,false,normal
exec_syn_000875,acct_demo_02,ws_finishing_a,dev_mac_01,actor_demo_03,sepmaker-pro,1.6.0,Apply,success,,14418,2026-07-25T15:29:03.582Z,2026-07-25T15:29:18.000Z,2026-07-25T15:29:18.763Z,local_bridge,Illustrator 29.0,Operation Suite 3.1,macos,SYNTHETIC,false,normal
exec_syn_000876,acct_demo_03,ws_production_a,dev_win_03,actor_demo_04,sepmaker-pro,1.6.0,Apply,success,,10179,2026-07-25T12:42:00.821Z,2026-07-25T12:42:11.000Z,2026-07-25T12:42:11.671Z,local_bridge,Illustrator 28.5,Operation Suite 3.1,windows,SYNTHETIC,false,normal
exec_syn_000877,acct_demo_01,ws_prepress_b,dev_win_02,actor_demo_02,sepmaker-pro,1.6.0,Apply,success,,4894,2026-07-25T14:28:02.106Z,2026-07-25T14:28:07.000Z,2026-07-25T14:28:08.280Z,local_bridge,Illustrator 28.5,Operation Suite 3.1,windows,SYNTHETIC,true,duration_drop
exec_syn_000878,acct_demo_01,ws_prepress_b,dev_win_02,actor_demo_02,clean-vector-pro,3.6.0,CLEAN ART,success,,4254,2026-07-25T10:51:56.746Z,2026-07-25T10:52:01.000Z,2026-07-25T10:52:01.925Z,local_bridge,Illustrator 28.5,Operation Suite 3.1,windows,SYNTHETIC,false,normal
exec_syn_000879,acct_demo_01,ws_prepress_a,dev_win_01,actor_demo_01,sepmaker-pro,1.6.0,Apply,success,,13433,2026-07-25T13:53:46.567Z,2026-07-25T13:54:00.000Z,2026-07-25T13:54:01.494Z,local_bridge,Illustrator 28.5,Operation Suite 3.1,windows,SYNTHETIC,false,normal
exec_syn_000880,acct_demo_03,ws_production_a,dev_win_03,actor_demo_04,sepmaker-pro,1.6.0,Apply,success,,11798,2026-07-25T13:57:49.202Z,2026-07-25T13:58:01.000Z,2026-07-25T13:58:02.327Z,local_bridge,Illustrator 28.5,Operation Suite 3.1,windows,SYNTHETIC,false,normal
exec_syn_000881,acct_demo_01,ws_prepress_a,dev_win_01,actor_demo_01,clean-vector-pro,3.6.0,CLEAN ART,success,,4043,2026-07-26T12:03:51.957Z,2026-07-26T12:03:56.000Z,2026-07-26T12:03:56.964Z,local_bridge,Illustrator 28.5,Operation Suite 3.1,windows,SYNTHETIC,false,normal
exec_syn_000882,acct_demo_02,ws_finishing_a,dev_mac_01,actor_demo_03,clean-vector-pro,3.6.0,CLEAN ART,success,,4770,2026-07-26T15:51:54.230Z,2026-07-26T15:51:59.000Z,2026-07-26T15:51:59.323Z,local_bridge,Illustrator 29.0,Operation Suite 3.1,macos,SYNTHETIC,false,normal
exec_syn_000883,acct_demo_02,ws_finishing_a,dev_mac_01,actor_demo_03,clean-vector-pro,3.6.0,CLEAN ART,success,,5971,2026-07-26T14:39:55.029Z,2026-07-26T14:40:01.000Z,2026-07-26T14:40:02.148Z,local_bridge,Illustrator 29.0,Operation Suite 3.1,macos,SYNTHETIC,false,normal
exec_syn_000884,acct_demo_03,ws_production_a,dev_win_03,actor_demo_04,clean-vector-pro,3.6.0,CLEAN ART,success,,5138,2026-07-26T15:17:28.862Z,2026-07-26T15:17:34.000Z,2026-07-26T15:17:34.419Z,local_bridge,Illustrator 28.5,Operation Suite 3.1,windows,SYNTHETIC,false,normal
exec_syn_000885,acct_demo_03,ws_production_a,dev_win_03,actor_demo_04,clean-vector-pro,3.6.0,CLEAN ART,success,,4513,2026-07-26T11:12:11.487Z,2026-07-26T11:12:16.000Z,2026-07-26T11:12:17.101Z,local_bridge,Illustrator 28.5,Operation Suite 3.1,windows,SYNTHETIC,false,normal
exec_syn_000886,acct_demo_01,ws_prepress_b,dev_win_02,actor_demo_02,clean-vector-pro,3.6.0,CLEAN ART,success,,5134,2026-07-26T10:39:31.866Z,2026-07-26T10:39:37.000Z,2026-07-26T10:39:38.287Z,local_bridge,Illustrator 28.5,Operation Suite 3.1,windows,SYNTHETIC,false,normal
exec_syn_000887,acct_demo_01,ws_prepress_a,dev_win_01,actor_demo_01,clean-vector-pro,3.6.0,CLEAN ART,success,,5399,2026-07-26T12:59:26.601Z,2026-07-26T12:59:32.000Z,2026-07-26T12:59:32.513Z,local_bridge,Illustrator 28.5,Operation Suite 3.1,windows,SYNTHETIC,false,normal
exec_syn_000888,acct_demo_01,ws_prepress_b,dev_win_02,actor_demo_02,clean-vector-pro,3.6.0,CLEAN ART,success,,17106,2026-07-26T15:13:19.894Z,2026-07-26T15:13:37.000Z,2026-07-26T15:13:38.177Z,local_bridge,Illustrator 28.5,Operation Suite 3.1,windows,SYNTHETIC,true,duration_spike
exec_syn_000889,acct_demo_01,ws_prepress_b,dev_win_02,actor_demo_02,sepmaker-pro,1.6.0,Apply,success,,8757,2026-07-26T11:09:25.243Z,2026-07-26T11:09:34.000Z,2026-07-26T11:09:35.318Z,local_bridge,Illustrator 28.5,Operation Suite 3.1,windows,SYNTHETIC,false,normal
exec_syn_000890,acct_demo_02,ws_finishing_a,dev_mac_01,actor_demo_03,sepmaker-pro,1.6.0,Apply,success,,9300,2026-07-26T12:28:14.700Z,2026-07-26T12:28:24.000Z,2026-07-26T12:28:24.373Z,local_bridge,Illustrator 29.0,Operation Suite 3.1,macos,SYNTHETIC,false,normal
exec_syn_000891,acct_demo_03,ws_production_a,dev_win_03,actor_demo_04,clean-vector-pro,3.6.0,CLEAN ART,success,,5096,2026-07-26T11:16:43.904Z,2026-07-26T11:16:49.000Z,2026-07-26T11:16:49.829Z,local_bridge,Illustrator 28.5,Operation Suite 3.1,windows,SYNTHETIC,false,normal
exec_syn_000892,acct_demo_02,ws_finishing_a,dev_mac_01,actor_demo_03,sepmaker-pro,1.6.0,Apply,success,,9027,2026-07-26T10:32:36.973Z,2026-07-26T10:32:46.000Z,2026-07-26T10:32:46.656Z,local_bridge,Illustrator 29.0,Operation Suite 3.1,macos,SYNTHETIC,false,normal
exec_syn_000893,acct_demo_01,ws_prepress_a,dev_win_01,actor_demo_01,sepmaker-pro,1.6.0,Apply,success,,10085,2026-07-26T12:08:42.915Z,2026-07-26T12:08:53.000Z,2026-07-26T12:08:53.564Z,local_bridge,Illustrator 28.5,Operation Suite 3.1,windows,SYNTHETIC,false,normal
exec_syn_000894,acct_demo_02,ws_finishing_a,dev_mac_01,actor_demo_03,clean-vector-pro,3.6.0,CLEAN ART,success,,12446,2026-07-26T11:24:17.554Z,2026-07-26T11:24:30.000Z,2026-07-26T11:24:31.055Z,local_bridge,Illustrator 29.0,Operation Suite 3.1,macos,SYNTHETIC,true,duration_spike
exec_syn_000895,acct_demo_01,ws_prepress_b,dev_win_02,actor_demo_02,clean-vector-pro,3.6.0,CLEAN ART,success,,4427,2026-07-26T13:32:02.573Z,2026-07-26T13:32:07.000Z,2026-07-26T13:32:07.977Z,local_bridge,Illustrator 28.5,Operation Suite 3.1,windows,SYNTHETIC,false,normal
exec_syn_000896,acct_demo_02,ws_finishing_a,dev_mac_01,actor_demo_03,sepmaker-pro,1.6.0,Apply,success,,8025,2026-07-26T13:32:48.975Z,2026-07-26T13:32:57.000Z,2026-07-26T13:32:57.830Z,local_bridge,Illustrator 29.0,Operation Suite 3.1,macos,SYNTHETIC,false,normal
exec_syn_000897,acct_demo_03,ws_production_a,dev_win_03,actor_demo_04,sepmaker-pro,1.6.0,Apply,success,,11541,2026-07-27T10:12:30.459Z,2026-07-27T10:12:42.000Z,2026-07-27T10:12:42.460Z,local_bridge,Illustrator 28.5,Operation Suite 3.1,windows,SYNTHETIC,false,normal
exec_syn_000898,acct_demo_02,ws_finishing_a,dev_mac_01,actor_demo_03,clean-vector-pro,3.6.0,CLEAN ART,success,,3957,2026-07-27T12:54:44.043Z,2026-07-27T12:54:48.000Z,2026-07-27T12:54:49.011Z,local_bridge,Illustrator 29.0,Operation Suite 3.1,macos,SYNTHETIC,false,normal
exec_syn_000899,acct_demo_03,ws_production_a,dev_win_03,actor_demo_04,sepmaker-pro,1.6.0,Apply,success,,19054,2026-07-27T14:22:24.946Z,2026-07-27T14:22:44.000Z,2026-07-27T14:22:44.412Z,local_bridge,Illustrator 28.5,Operation Suite 3.1,windows,SYNTHETIC,false,normal
exec_syn_000900,acct_demo_01,ws_prepress_b,dev_win_02,actor_demo_02,sepmaker-pro,1.6.0,Apply,success,,36974,2026-07-27T17:04:09.026Z,2026-07-27T17:04:46.000Z,2026-07-27T17:04:46.663Z,local_bridge,Illustrator 28.5,Operation Suite 3.1,windows,SYNTHETIC,true,duration_spike
exec_syn_000901,acct_demo_02,ws_finishing_a,dev_mac_01,actor_demo_03,clean-vector-pro,3.6.0,CLEAN ART,success,,4683,2026-07-27T15:28:55.317Z,2026-07-27T15:29:00.000Z,2026-07-27T15:29:00.365Z,local_bridge,Illustrator 29.0,Operation Suite 3.1,macos,SYNTHETIC,false,normal
exec_syn_000902,acct_demo_02,ws_finishing_a,dev_mac_01,actor_demo_03,clean-vector-pro,3.6.0,CLEAN ART,success,,3284,2026-07-27T13:15:53.716Z,2026-07-27T13:15:57.000Z,2026-07-27T13:15:58.130Z,local_bridge,Illustrator 29.0,Operation Suite 3.1,macos,SYNTHETIC,false,normal
exec_syn_000903,acct_demo_01,ws_prepress_a,dev_win_01,actor_demo_01,clean-vector-pro,3.6.0,CLEAN ART,success,,4283,2026-07-27T08:27:48.717Z,2026-07-27T08:27:53.000Z,2026-07-27T08:27:54.413Z,local_bridge,Illustrator 28.5,Operation Suite 3.1,windows,SYNTHETIC,false,normal
exec_syn_000904,acct_demo_03,ws_production_a,dev_win_03,actor_demo_04,clean-vector-pro,3.6.0,CLEAN ART,success,,4487,2026-07-27T08:41:28.513Z,2026-07-27T08:41:33.000Z,2026-07-27T08:41:34.367Z,local_bridge,Illustrator 28.5,Operation Suite 3.1,windows,SYNTHETIC,false,normal
exec_syn_000905,acct_demo_01,ws_prepress_b,dev_win_02,actor_demo_02,sepmaker-pro,1.6.0,Apply,success,,10577,2026-07-27T11:34:34.423Z,2026-07-27T11:34:45.000Z,2026-07-27T11:34:46.298Z,local_bridge,Illustrator 28.5,Operation Suite 3.1,windows,SYNTHETIC,false,normal
exec_syn_000906,acct_demo_01,ws_prepress_a,dev_win_01,actor_demo_01,sepmaker-pro,1.6.0,Apply,success,,11957,2026-07-27T15:54:56.043Z,2026-07-27T15:55:08.000Z,2026-07-27T15:55:08.745Z,local_bridge,Illustrator 28.5,Operation Suite 3.1,windows,SYNTHETIC,false,normal
exec_syn_000907,acct_demo_01,ws_prepress_a,dev_win_01,actor_demo_01,sepmaker-pro,1.6.0,Apply,success,,10065,2026-07-27T10:52:22.935Z,2026-07-27T10:52:33.000Z,2026-07-27T10:52:34.473Z,local_bridge,Illustrator 28.5,Operation Suite 3.1,windows,SYNTHETIC,false,normal
exec_syn_000908,acct_demo_01,ws_prepress_b,dev_win_02,actor_demo_02,sepmaker-pro,1.6.0,Apply,cancelled,ACTION_CANCELLED,15281,2026-07-27T14:53:51.719Z,2026-07-27T14:54:07.000Z,2026-07-27T14:54:07.706Z,local_bridge,Illustrator 28.5,Operation Suite 3.1,windows,SYNTHETIC,false,normal
exec_syn_000909,acct_demo_01,ws_prepress_a,dev_win_01,actor_demo_01,sepmaker-pro,1.6.0,Apply,success,,63206,2026-07-27T11:31:32.794Z,2026-07-27T11:32:36.000Z,2026-07-27T11:32:36.513Z,local_bridge,Illustrator 28.5,Operation Suite 3.1,windows,SYNTHETIC,true,duration_spike
exec_syn_000910,acct_demo_03,ws_production_a,dev_win_03,actor_demo_04,sepmaker-pro,1.6.0,Apply,success,,11105,2026-07-27T09:16:46.895Z,2026-07-27T09:16:58.000Z,2026-07-27T09:16:58.439Z,local_bridge,Illustrator 28.5,Operation Suite 3.1,windows,SYNTHETIC,false,normal
exec_syn_000911,acct_demo_03,ws_production_a,dev_win_03,actor_demo_04,clean-vector-pro,3.6.0,CLEAN ART,success,,6935,2026-07-27T09:05:07.065Z,2026-07-27T09:05:14.000Z,2026-07-27T09:05:14.691Z,local_bridge,Illustrator 28.5,Operation Suite 3.1,windows,SYNTHETIC,false,normal
exec_syn_000912,acct_demo_01,ws_prepress_a,dev_win_01,actor_demo_01,sepmaker-pro,1.6.0,Apply,success,,11456,2026-07-27T14:17:01.544Z,2026-07-27T14:17:13.000Z,2026-07-27T14:17:13.909Z,local_bridge,Illustrator 28.5,Operation Suite 3.1,windows,SYNTHETIC,false,normal
exec_syn_000913,acct_demo_01,ws_prepress_a,dev_win_01,actor_demo_01,sepmaker-pro,1.6.0,Apply,success,,12043,2026-07-28T17:39:34.957Z,2026-07-28T17:39:47.000Z,2026-07-28T17:39:47.528Z,local_bridge,Illustrator 28.5,Operation Suite 3.1,windows,SYNTHETIC,false,normal
exec_syn_000914,acct_demo_01,ws_prepress_b,dev_win_02,actor_demo_02,sepmaker-pro,1.6.0,Apply,success,,16346,2026-07-28T14:42:50.654Z,2026-07-28T14:43:07.000Z,2026-07-28T14:43:07.380Z,local_bridge,Illustrator 28.5,Operation Suite 3.1,windows,SYNTHETIC,false,normal
exec_syn_000915,acct_demo_03,ws_production_a,dev_win_03,actor_demo_04,sepmaker-pro,1.6.0,Apply,success,,10215,2026-07-28T11:34:47.785Z,2026-07-28T11:34:58.000Z,2026-07-28T11:34:58.538Z,local_bridge,Illustrator 28.5,Operation Suite 3.1,windows,SYNTHETIC,false,normal
exec_syn_000916,acct_demo_01,ws_prepress_a,dev_win_01,actor_demo_01,clean-vector-pro,3.6.0,CLEAN ART,success,,2364,2026-07-28T11:42:17.636Z,2026-07-28T11:42:20.000Z,2026-07-28T11:42:21.357Z,local_bridge,Illustrator 28.5,Operation Suite 3.1,windows,SYNTHETIC,false,normal
exec_syn_000917,acct_demo_01,ws_prepress_a,dev_win_01,actor_demo_01,sepmaker-pro,1.6.0,Apply,success,,10239,2026-07-28T11:53:39.761Z,2026-07-28T11:53:50.000Z,2026-07-28T11:53:50.821Z,local_bridge,Illustrator 28.5,Operation Suite 3.1,windows,SYNTHETIC,false,normal
exec_syn_000918,acct_demo_01,ws_prepress_a,dev_win_01,actor_demo_01,sepmaker-pro,1.6.0,Apply,success,,17422,2026-07-28T17:40:33.578Z,2026-07-28T17:40:51.000Z,2026-07-28T17:40:52.248Z,local_bridge,Illustrator 28.5,Operation Suite 3.1,windows,SYNTHETIC,false,normal
exec_syn_000919,acct_demo_03,ws_production_a,dev_win_03,actor_demo_04,sepmaker-pro,1.6.0,Apply,success,,10816,2026-07-28T12:33:27.184Z,2026-07-28T12:33:38.000Z,2026-07-28T12:33:39.319Z,local_bridge,Illustrator 28.5,Operation Suite 3.1,windows,SYNTHETIC,false,normal
exec_syn_000920,acct_demo_01,ws_prepress_a,dev_win_01,actor_demo_01,sepmaker-pro,1.6.0,Apply,success,,12992,2026-07-28T10:41:17.008Z,2026-07-28T10:41:30.000Z,2026-07-28T10:41:31.408Z,local_bridge,Illustrator 28.5,Operation Suite 3.1,windows,SYNTHETIC,false,normal
exec_syn_000921,acct_demo_01,ws_prepress_a,dev_win_01,actor_demo_01,clean-vector-pro,3.6.0,CLEAN ART,cancelled,ACTION_CANCELLED,4233,2026-07-28T11:22:42.767Z,2026-07-28T11:22:47.000Z,2026-07-28T11:22:47.749Z,local_bridge,Illustrator 28.5,Operation Suite 3.1,windows,SYNTHETIC,false,normal
exec_syn_000922,acct_demo_02,ws_finishing_a,dev_mac_01,actor_demo_03,sepmaker-pro,1.6.0,Apply,success,,8311,2026-07-28T16:45:47.689Z,2026-07-28T16:45:56.000Z,2026-07-28T16:45:57.303Z,local_bridge,Illustrator 29.0,Operation Suite 3.1,macos,SYNTHETIC,false,normal
exec_syn_000923,acct_demo_01,ws_prepress_a,dev_win_01,actor_demo_01,sepmaker-pro,1.6.0,Apply,success,,11579,2026-07-28T15:51:45.421Z,2026-07-28T15:51:57.000Z,2026-07-28T15:51:57.873Z,local_bridge,Illustrator 28.5,Operation Suite 3.1,windows,SYNTHETIC,false,normal
exec_syn_000924,acct_demo_03,ws_production_a,dev_win_03,actor_demo_04,sepmaker-pro,1.6.0,Apply,success,,13521,2026-07-28T16:10:03.479Z,2026-07-28T16:10:17.000Z,2026-07-28T16:10:18.420Z,local_bridge,Illustrator 28.5,Operation Suite 3.1,windows,SYNTHETIC,false,normal
exec_syn_000925,acct_demo_01,ws_prepress_a,dev_win_01,actor_demo_01,sepmaker-pro,1.6.0,Apply,success,,8266,2026-07-28T14:08:11.734Z,2026-07-28T14:08:20.000Z,2026-07-28T14:08:20.397Z,local_bridge,Illustrator 28.5,Operation Suite 3.1,windows,SYNTHETIC,false,normal
exec_syn_000926,acct_demo_01,ws_prepress_b,dev_win_02,actor_demo_02,sepmaker-pro,1.6.0,Apply,success,,21093,2026-07-28T13:04:45.907Z,2026-07-28T13:05:07.000Z,2026-07-28T13:05:07.494Z,local_bridge,Illustrator 28.5,Operation Suite 3.1,windows,SYNTHETIC,false,normal
exec_syn_000927,acct_demo_01,ws_prepress_a,dev_win_01,actor_demo_01,clean-vector-pro,3.6.0,CLEAN ART,success,,5984,2026-07-28T17:44:05.016Z,2026-07-28T17:44:11.000Z,2026-07-28T17:44:11.813Z,local_bridge,Illustrator 28.5,Operation Suite 3.1,windows,SYNTHETIC,false,normal
exec_syn_000928,acct_demo_01,ws_prepress_a,dev_win_01,actor_demo_01,sepmaker-pro,1.6.0,Apply,success,,8776,2026-07-28T12:26:00.224Z,2026-07-28T12:26:09.000Z,2026-07-28T12:26:09.445Z,local_bridge,Illustrator 28.5,Operation Suite 3.1,windows,SYNTHETIC,false,normal
exec_syn_000929,acct_demo_01,ws_prepress_b,dev_win_02,actor_demo_02,sepmaker-pro,1.6.0,Apply,success,,52893,2026-07-29T15:14:40.107Z,2026-07-29T15:15:33.000Z,2026-07-29T15:15:34.325Z,local_bridge,Illustrator 28.5,Operation Suite 3.1,windows,SYNTHETIC,true,duration_spike
exec_syn_000930,acct_demo_01,ws_prepress_a,dev_win_01,actor_demo_01,sepmaker-pro,1.6.0,Apply,success,,14837,2026-07-29T12:17:17.163Z,2026-07-29T12:17:32.000Z,2026-07-29T12:17:33.036Z,local_bridge,Illustrator 28.5,Operation Suite 3.1,windows,SYNTHETIC,false,normal
exec_syn_000931,acct_demo_01,ws_prepress_b,dev_win_02,actor_demo_02,sepmaker-pro,1.6.0,Apply,success,,14467,2026-07-29T08:02:23.533Z,2026-07-29T08:02:38.000Z,2026-07-29T08:02:38.826Z,local_bridge,Illustrator 28.5,Operation Suite 3.1,windows,SYNTHETIC,false,normal
exec_syn_000932,acct_demo_01,ws_prepress_b,dev_win_02,actor_demo_02,clean-vector-pro,3.6.0,CLEAN ART,success,,3860,2026-07-29T17:32:16.140Z,2026-07-29T17:32:20.000Z,2026-07-29T17:32:20.515Z,local_bridge,Illustrator 28.5,Operation Suite 3.1,windows,SYNTHETIC,false,normal
exec_syn_000933,acct_demo_03,ws_production_a,dev_win_03,actor_demo_04,clean-vector-pro,3.6.0,CLEAN ART,success,,7545,2026-07-29T17:38:47.455Z,2026-07-29T17:38:55.000Z,2026-07-29T17:38:55.250Z,local_bridge,Illustrator 28.5,Operation Suite 3.1,windows,SYNTHETIC,false,normal
exec_syn_000934,acct_demo_01,ws_prepress_b,dev_win_02,actor_demo_02,sepmaker-pro,1.6.0,Apply,success,,10821,2026-07-29T14:41:01.179Z,2026-07-29T14:41:12.000Z,2026-07-29T14:41:12.627Z,local_bridge,Illustrator 28.5,Operation Suite 3.1,windows,SYNTHETIC,false,normal
exec_syn_000935,acct_demo_03,ws_production_a,dev_win_03,actor_demo_04,clean-vector-pro,3.6.0,CLEAN ART,success,,5253,2026-07-29T09:14:57.747Z,2026-07-29T09:15:03.000Z,2026-07-29T09:15:03.412Z,local_bridge,Illustrator 28.5,Operation Suite 3.1,windows,SYNTHETIC,false,normal
exec_syn_000936,acct_demo_03,ws_production_a,dev_win_03,actor_demo_04,clean-vector-pro,3.6.0,CLEAN ART,cancelled,ACTION_CANCELLED,5062,2026-07-29T09:31:56.938Z,2026-07-29T09:32:02.000Z,2026-07-29T09:32:03.230Z,local_bridge,Illustrator 28.5,Operation Suite 3.1,windows,SYNTHETIC,false,normal
exec_syn_000937,acct_demo_03,ws_production_a,dev_win_03,actor_demo_04,clean-vector-pro,3.6.0,CLEAN ART,success,,5145,2026-07-29T16:38:11.855Z,2026-07-29T16:38:17.000Z,2026-07-29T16:38:18.283Z,local_bridge,Illustrator 28.5,Operation Suite 3.1,windows,SYNTHETIC,false,normal
exec_syn_000938,acct_demo_01,ws_prepress_b,dev_win_02,actor_demo_02,clean-vector-pro,3.6.0,CLEAN ART,success,,4693,2026-07-29T13:15:27.307Z,2026-07-29T13:15:32.000Z,2026-07-29T13:15:32.440Z,local_bridge,Illustrator 28.5,Operation Suite 3.1,windows,SYNTHETIC,false,normal
exec_syn_000939,acct_demo_01,ws_prepress_b,dev_win_02,actor_demo_02,sepmaker-pro,1.6.0,Apply,success,,7767,2026-07-29T15:53:57.233Z,2026-07-29T15:54:05.000Z,2026-07-29T15:54:05.744Z,local_bridge,Illustrator 28.5,Operation Suite 3.1,windows,SYNTHETIC,false,normal
exec_syn_000940,acct_demo_03,ws_production_a,dev_win_03,actor_demo_04,sepmaker-pro,1.6.0,Apply,success,,10852,2026-07-29T13:02:36.148Z,2026-07-29T13:02:47.000Z,2026-07-29T13:02:48.041Z,local_bridge,Illustrator 28.5,Operation Suite 3.1,windows,SYNTHETIC,false,normal
exec_syn_000941,acct_demo_02,ws_finishing_a,dev_mac_01,actor_demo_03,sepmaker-pro,1.6.0,Apply,success,,9564,2026-07-29T09:25:29.436Z,2026-07-29T09:25:39.000Z,2026-07-29T09:25:39.786Z,local_bridge,Illustrator 29.0,Operation Suite 3.1,macos,SYNTHETIC,false,normal
exec_syn_000942,acct_demo_03,ws_production_a,dev_win_03,actor_demo_04,clean-vector-pro,3.6.0,CLEAN ART,failure,PROCESSING_FAILED,6634,2026-07-29T11:04:55.366Z,2026-07-29T11:05:02.000Z,2026-07-29T11:05:03.105Z,local_bridge,Illustrator 28.5,Operation Suite 3.1,windows,SYNTHETIC,false,normal
exec_syn_000943,acct_demo_02,ws_finishing_a,dev_mac_01,actor_demo_03,sepmaker-pro,1.6.0,Apply,success,,10448,2026-07-29T11:12:01.552Z,2026-07-29T11:12:12.000Z,2026-07-29T11:12:13.444Z,local_bridge,Illustrator 29.0,Operation Suite 3.1,macos,SYNTHETIC,false,normal
exec_syn_000944,acct_demo_01,ws_prepress_b,dev_win_02,actor_demo_02,sepmaker-pro,1.6.0,Apply,success,,11849,2026-07-29T12:34:15.151Z,2026-07-29T12:34:27.000Z,2026-07-29T12:34:27.962Z,local_bridge,Illustrator 28.5,Operation Suite 3.1,windows,SYNTHETIC,false,normal
exec_syn_000945,acct_demo_02,ws_finishing_a,dev_mac_01,actor_demo_03,sepmaker-pro,1.6.0,Apply,success,,7981,2026-07-30T11:58:06.019Z,2026-07-30T11:58:14.000Z,2026-07-30T11:58:14.847Z,local_bridge,Illustrator 29.0,Operation Suite 3.1,macos,SYNTHETIC,false,normal
exec_syn_000946,acct_demo_02,ws_finishing_a,dev_mac_01,actor_demo_03,sepmaker-pro,1.6.0,Apply,success,,14750,2026-07-30T08:13:55.250Z,2026-07-30T08:14:10.000Z,2026-07-30T08:14:11.300Z,local_bridge,Illustrator 29.0,Operation Suite 3.1,macos,SYNTHETIC,false,normal
exec_syn_000947,acct_demo_01,ws_prepress_b,dev_win_02,actor_demo_02,sepmaker-pro,1.6.0,Apply,success,,11345,2026-07-30T11:38:29.655Z,2026-07-30T11:38:41.000Z,2026-07-30T11:38:41.721Z,local_bridge,Illustrator 28.5,Operation Suite 3.1,windows,SYNTHETIC,false,normal
exec_syn_000948,acct_demo_03,ws_production_a,dev_win_03,actor_demo_04,sepmaker-pro,1.6.0,Apply,success,,13570,2026-07-30T12:44:26.430Z,2026-07-30T12:44:40.000Z,2026-07-30T12:44:40.551Z,local_bridge,Illustrator 28.5,Operation Suite 3.1,windows,SYNTHETIC,false,normal
exec_syn_000949,acct_demo_01,ws_prepress_b,dev_win_02,actor_demo_02,clean-vector-pro,3.6.0,CLEAN ART,success,,5227,2026-07-30T13:04:38.773Z,2026-07-30T13:04:44.000Z,2026-07-30T13:04:44.380Z,local_bridge,Illustrator 28.5,Operation Suite 3.1,windows,SYNTHETIC,false,normal
exec_syn_000950,acct_demo_02,ws_finishing_a,dev_mac_01,actor_demo_03,sepmaker-pro,1.6.0,Apply,success,,10162,2026-07-30T15:43:48.838Z,2026-07-30T15:43:59.000Z,2026-07-30T15:43:59.447Z,local_bridge,Illustrator 29.0,Operation Suite 3.1,macos,SYNTHETIC,false,normal
exec_syn_000951,acct_demo_01,ws_prepress_a,dev_win_01,actor_demo_01,sepmaker-pro,1.6.0,Apply,success,,14498,2026-07-30T09:47:14.502Z,2026-07-30T09:47:29.000Z,2026-07-30T09:47:29.785Z,local_bridge,Illustrator 28.5,Operation Suite 3.1,windows,SYNTHETIC,false,normal
exec_syn_000952,acct_demo_01,ws_prepress_b,dev_win_02,actor_demo_02,clean-vector-pro,3.6.0,CLEAN ART,success,,6303,2026-07-30T17:57:30.697Z,2026-07-30T17:57:37.000Z,2026-07-30T17:57:37.777Z,local_bridge,Illustrator 28.5,Operation Suite 3.1,windows,SYNTHETIC,false,normal
exec_syn_000953,acct_demo_01,ws_prepress_b,dev_win_02,actor_demo_02,clean-vector-pro,3.6.0,CLEAN ART,success,,4724,2026-07-30T15:43:17.276Z,2026-07-30T15:43:22.000Z,2026-07-30T15:43:22.905Z,local_bridge,Illustrator 28.5,Operation Suite 3.1,windows,SYNTHETIC,false,normal
exec_syn_000954,acct_demo_03,ws_production_a,dev_win_03,actor_demo_04,sepmaker-pro,1.6.0,Apply,success,,10358,2026-07-30T11:01:12.642Z,2026-07-30T11:01:23.000Z,2026-07-30T11:01:24.134Z,local_bridge,Illustrator 28.5,Operation Suite 3.1,windows,SYNTHETIC,false,normal
exec_syn_000955,acct_demo_02,ws_finishing_a,dev_mac_01,actor_demo_03,sepmaker-pro,1.6.0,Apply,success,,14859,2026-07-30T12:11:57.141Z,2026-07-30T12:12:12.000Z,2026-07-30T12:12:12.485Z,local_bridge,Illustrator 29.0,Operation Suite 3.1,macos,SYNTHETIC,false,normal
exec_syn_000956,acct_demo_01,ws_prepress_a,dev_win_01,actor_demo_01,sepmaker-pro,1.6.0,Apply,success,,11542,2026-07-30T15:39:27.458Z,2026-07-30T15:39:39.000Z,2026-07-30T15:39:39.696Z,local_bridge,Illustrator 28.5,Operation Suite 3.1,windows,SYNTHETIC,false,normal
exec_syn_000957,acct_demo_01,ws_prepress_a,dev_win_01,actor_demo_01,sepmaker-pro,1.6.0,Apply,success,,9932,2026-07-30T15:26:22.068Z,2026-07-30T15:26:32.000Z,2026-07-30T15:26:32.880Z,local_bridge,Illustrator 28.5,Operation Suite 3.1,windows,SYNTHETIC,false,normal
exec_syn_000958,acct_demo_03,ws_production_a,dev_win_03,actor_demo_04,sepmaker-pro,1.6.0,Apply,success,,9689,2026-07-30T16:36:03.311Z,2026-07-30T16:36:13.000Z,2026-07-30T16:36:13.521Z,local_bridge,Illustrator 28.5,Operation Suite 3.1,windows,SYNTHETIC,false,normal
exec_syn_000959,acct_demo_01,ws_prepress_b,dev_win_02,actor_demo_02,sepmaker-pro,1.6.0,Apply,success,,12419,2026-07-30T10:52:02.581Z,2026-07-30T10:52:15.000Z,2026-07-30T10:52:15.722Z,local_bridge,Illustrator 28.5,Operation Suite 3.1,windows,SYNTHETIC,false,normal
exec_syn_000960,acct_demo_01,ws_prepress_b,dev_win_02,actor_demo_02,sepmaker-pro,1.6.0,Apply,success,,10385,2026-07-30T16:47:01.615Z,2026-07-30T16:47:12.000Z,2026-07-30T16:47:12.409Z,local_bridge,Illustrator 28.5,Operation Suite 3.1,windows,SYNTHETIC,false,normal
exec_syn_000961,acct_demo_01,ws_prepress_b,dev_win_02,actor_demo_02,clean-vector-pro,3.6.0,CLEAN ART,success,,5275,2026-07-31T17:27:36.725Z,2026-07-31T17:27:42.000Z,2026-07-31T17:27:42.657Z,local_bridge,Illustrator 28.5,Operation Suite 3.1,windows,SYNTHETIC,false,normal
exec_syn_000962,acct_demo_02,ws_finishing_a,dev_mac_01,actor_demo_03,sepmaker-pro,1.6.0,Apply,success,,12063,2026-07-31T14:34:50.937Z,2026-07-31T14:35:03.000Z,2026-07-31T14:35:04.044Z,local_bridge,Illustrator 29.0,Operation Suite 3.1,macos,SYNTHETIC,false,normal
exec_syn_000963,acct_demo_02,ws_finishing_a,dev_mac_01,actor_demo_03,sepmaker-pro,1.6.0,Apply,success,,12016,2026-07-31T12:02:36.984Z,2026-07-31T12:02:49.000Z,2026-07-31T12:02:50.406Z,local_bridge,Illustrator 29.0,Operation Suite 3.1,macos,SYNTHETIC,false,normal
exec_syn_000964,acct_demo_01,ws_prepress_b,dev_win_02,actor_demo_02,clean-vector-pro,3.6.0,CLEAN ART,success,,3186,2026-07-31T08:40:15.814Z,2026-07-31T08:40:19.000Z,2026-07-31T08:40:19.639Z,local_bridge,Illustrator 28.5,Operation Suite 3.1,windows,SYNTHETIC,false,normal
exec_syn_000965,acct_demo_01,ws_prepress_b,dev_win_02,actor_demo_02,sepmaker-pro,1.6.0,Apply,success,,9781,2026-07-31T13:05:19.219Z,2026-07-31T13:05:29.000Z,2026-07-31T13:05:29.987Z,local_bridge,Illustrator 28.5,Operation Suite 3.1,windows,SYNTHETIC,false,normal
exec_syn_000966,acct_demo_03,ws_production_a,dev_win_03,actor_demo_04,sepmaker-pro,1.6.0,Apply,success,,11338,2026-07-31T17:40:02.662Z,2026-07-31T17:40:14.000Z,2026-07-31T17:40:14.738Z,local_bridge,Illustrator 28.5,Operation Suite 3.1,windows,SYNTHETIC,false,normal
exec_syn_000967,acct_demo_01,ws_prepress_b,dev_win_02,actor_demo_02,clean-vector-pro,3.6.0,CLEAN ART,success,,4613,2026-07-31T12:36:47.387Z,2026-07-31T12:36:52.000Z,2026-07-31T12:36:52.410Z,local_bridge,Illustrator 28.5,Operation Suite 3.1,windows,SYNTHETIC,false,normal
exec_syn_000968,acct_demo_02,ws_finishing_a,dev_mac_01,actor_demo_03,clean-vector-pro,3.6.0,CLEAN ART,success,,3260,2026-07-31T08:45:14.740Z,2026-07-31T08:45:18.000Z,2026-07-31T08:45:18.443Z,local_bridge,Illustrator 29.0,Operation Suite 3.1,macos,SYNTHETIC,false,normal
exec_syn_000969,acct_demo_02,ws_finishing_a,dev_mac_01,actor_demo_03,clean-vector-pro,3.6.0,CLEAN ART,success,,4831,2026-07-31T12:49:33.169Z,2026-07-31T12:49:38.000Z,2026-07-31T12:49:38.374Z,local_bridge,Illustrator 29.0,Operation Suite 3.1,macos,SYNTHETIC,false,normal
exec_syn_000970,acct_demo_03,ws_production_a,dev_win_03,actor_demo_04,sepmaker-pro,1.6.0,Apply,cancelled,ACTION_CANCELLED,10531,2026-07-31T14:33:07.469Z,2026-07-31T14:33:18.000Z,2026-07-31T14:33:18.762Z,local_bridge,Illustrator 28.5,Operation Suite 3.1,windows,SYNTHETIC,false,normal
exec_syn_000971,acct_demo_01,ws_prepress_b,dev_win_02,actor_demo_02,clean-vector-pro,3.6.0,CLEAN ART,success,,4269,2026-07-31T11:51:55.731Z,2026-07-31T11:52:00.000Z,2026-07-31T11:52:01.305Z,local_bridge,Illustrator 28.5,Operation Suite 3.1,windows,SYNTHETIC,false,normal
exec_syn_000972,acct_demo_01,ws_prepress_a,dev_win_01,actor_demo_01,sepmaker-pro,1.6.0,Apply,success,,14375,2026-07-31T08:06:58.625Z,2026-07-31T08:07:13.000Z,2026-07-31T08:07:13.573Z,local_bridge,Illustrator 28.5,Operation Suite 3.1,windows,SYNTHETIC,false,normal
exec_syn_000973,acct_demo_01,ws_prepress_a,dev_win_01,actor_demo_01,sepmaker-pro,1.6.0,Apply,success,,13321,2026-07-31T09:27:45.679Z,2026-07-31T09:27:59.000Z,2026-07-31T09:27:59.265Z,local_bridge,Illustrator 28.5,Operation Suite 3.1,windows,SYNTHETIC,false,normal
exec_syn_000974,acct_demo_03,ws_production_a,dev_win_03,actor_demo_04,clean-vector-pro,3.6.0,CLEAN ART,success,,6116,2026-07-31T12:03:05.884Z,2026-07-31T12:03:12.000Z,2026-07-31T12:03:13.086Z,local_bridge,Illustrator 28.5,Operation Suite 3.1,windows,SYNTHETIC,false,normal
exec_syn_000975,acct_demo_01,ws_prepress_b,dev_win_02,actor_demo_02,clean-vector-pro,3.6.0,CLEAN ART,success,,5813,2026-07-31T11:45:24.187Z,2026-07-31T11:45:30.000Z,2026-07-31T11:45:30.366Z,local_bridge,Illustrator 28.5,Operation Suite 3.1,windows,SYNTHETIC,false,normal
exec_syn_000976,acct_demo_02,ws_finishing_a,dev_mac_01,actor_demo_03,clean-vector-pro,3.6.0,CLEAN ART,success,,3679,2026-07-31T17:42:36.321Z,2026-07-31T17:42:40.000Z,2026-07-31T17:42:40.770Z,local_bridge,Illustrator 29.0,Operation Suite 3.1,macos,SYNTHETIC,false,normal
exec_syn_000977,acct_demo_01,ws_prepress_a,dev_win_01,actor_demo_01,sepmaker-pro,1.6.0,Apply,success,,11418,2026-08-01T10:05:00.582Z,2026-08-01T10:05:12.000Z,2026-08-01T10:05:12.383Z,local_bridge,Illustrator 28.5,Operation Suite 3.1,windows,SYNTHETIC,false,normal
exec_syn_000978,acct_demo_01,ws_prepress_a,dev_win_01,actor_demo_01,clean-vector-pro,3.6.0,CLEAN ART,success,,4645,2026-08-01T13:40:50.355Z,2026-08-01T13:40:55.000Z,2026-08-01T13:40:55.826Z,local_bridge,Illustrator 28.5,Operation Suite 3.1,windows,SYNTHETIC,false,normal
exec_syn_000979,acct_demo_01,ws_prepress_b,dev_win_02,actor_demo_02,sepmaker-pro,1.6.0,Apply,success,,12234,2026-08-01T11:57:23.766Z,2026-08-01T11:57:36.000Z,2026-08-01T11:57:37.419Z,local_bridge,Illustrator 28.5,Operation Suite 3.1,windows,SYNTHETIC,false,normal
exec_syn_000980,acct_demo_01,ws_prepress_a,dev_win_01,actor_demo_01,sepmaker-pro,1.6.0,Apply,success,,9873,2026-08-01T10:24:39.127Z,2026-08-01T10:24:49.000Z,2026-08-01T10:24:49.911Z,local_bridge,Illustrator 28.5,Operation Suite 3.1,windows,SYNTHETIC,false,normal
exec_syn_000981,acct_demo_02,ws_finishing_a,dev_mac_01,actor_demo_03,clean-vector-pro,3.6.0,CLEAN ART,success,,3522,2026-08-01T13:45:51.478Z,2026-08-01T13:45:55.000Z,2026-08-01T13:45:55.330Z,local_bridge,Illustrator 29.0,Operation Suite 3.1,macos,SYNTHETIC,false,normal
exec_syn_000982,acct_demo_02,ws_finishing_a,dev_mac_01,actor_demo_03,clean-vector-pro,3.6.0,CLEAN ART,success,,4580,2026-08-01T15:43:40.420Z,2026-08-01T15:43:45.000Z,2026-08-01T15:43:46.032Z,local_bridge,Illustrator 29.0,Operation Suite 3.1,macos,SYNTHETIC,false,normal
exec_syn_000983,acct_demo_03,ws_production_a,dev_win_03,actor_demo_04,sepmaker-pro,1.6.0,Apply,success,,12567,2026-08-01T12:25:42.433Z,2026-08-01T12:25:55.000Z,2026-08-01T12:25:56.399Z,local_bridge,Illustrator 28.5,Operation Suite 3.1,windows,SYNTHETIC,false,normal
exec_syn_000984,acct_demo_03,ws_production_a,dev_win_03,actor_demo_04,clean-vector-pro,3.6.0,CLEAN ART,success,,3560,2026-08-01T15:43:01.440Z,2026-08-01T15:43:05.000Z,2026-08-01T15:43:05.657Z,local_bridge,Illustrator 28.5,Operation Suite 3.1,windows,SYNTHETIC,false,normal
exec_syn_000985,acct_demo_03,ws_production_a,dev_win_03,actor_demo_04,clean-vector-pro,3.6.0,CLEAN ART,success,,4467,2026-08-01T11:04:50.533Z,2026-08-01T11:04:55.000Z,2026-08-01T11:04:55.375Z,local_bridge,Illustrator 28.5,Operation Suite 3.1,windows,SYNTHETIC,false,normal
exec_syn_000986,acct_demo_02,ws_finishing_a,dev_mac_01,actor_demo_03,sepmaker-pro,1.6.0,Apply,success,,11293,2026-08-01T12:27:44.707Z,2026-08-01T12:27:56.000Z,2026-08-01T12:27:56.736Z,local_bridge,Illustrator 29.0,Operation Suite 3.1,macos,SYNTHETIC,false,normal
exec_syn_000987,acct_demo_01,ws_prepress_b,dev_win_02,actor_demo_02,sepmaker-pro,1.6.0,Apply,failure,DOCUMENT_UNAVAILABLE,12538,2026-08-01T13:21:29.462Z,2026-08-01T13:21:42.000Z,2026-08-01T13:21:43.016Z,local_bridge,Illustrator 28.5,Operation Suite 3.1,windows,SYNTHETIC,false,normal
exec_syn_000988,acct_demo_01,ws_prepress_b,dev_win_02,actor_demo_02,sepmaker-pro,1.6.0,Apply,success,,12458,2026-08-01T11:36:00.542Z,2026-08-01T11:36:13.000Z,2026-08-01T11:36:14.251Z,local_bridge,Illustrator 28.5,Operation Suite 3.1,windows,SYNTHETIC,false,normal
exec_syn_000989,acct_demo_01,ws_prepress_a,dev_win_01,actor_demo_01,sepmaker-pro,1.6.0,Apply,success,,10890,2026-08-01T11:22:04.110Z,2026-08-01T11:22:15.000Z,2026-08-01T11:22:16.275Z,local_bridge,Illustrator 28.5,Operation Suite 3.1,windows,SYNTHETIC,false,normal
exec_syn_000990,acct_demo_03,ws_production_a,dev_win_03,actor_demo_04,clean-vector-pro,3.6.0,CLEAN ART,success,,4289,2026-08-01T12:33:25.711Z,2026-08-01T12:33:30.000Z,2026-08-01T12:33:31.490Z,local_bridge,Illustrator 28.5,Operation Suite 3.1,windows,SYNTHETIC,false,normal
exec_syn_000991,acct_demo_02,ws_finishing_a,dev_mac_01,actor_demo_03,clean-vector-pro,3.6.0,CLEAN ART,success,,3173,2026-08-01T12:34:28.827Z,2026-08-01T12:34:32.000Z,2026-08-01T12:34:33.068Z,local_bridge,Illustrator 29.0,Operation Suite 3.1,macos,SYNTHETIC,false,normal
exec_syn_000992,acct_demo_01,ws_prepress_b,dev_win_02,actor_demo_02,sepmaker-pro,1.6.0,Apply,success,,17135,2026-08-01T12:37:10.865Z,2026-08-01T12:37:28.000Z,2026-08-01T12:37:28.896Z,local_bridge,Illustrator 28.5,Operation Suite 3.1,windows,SYNTHETIC,false,normal
exec_syn_000993,acct_demo_01,ws_prepress_b,dev_win_02,actor_demo_02,clean-vector-pro,3.6.0,CLEAN ART,success,,6150,2026-08-02T15:18:18.850Z,2026-08-02T15:18:25.000Z,2026-08-02T15:18:25.937Z,local_bridge,Illustrator 28.5,Operation Suite 3.1,windows,SYNTHETIC,false,normal
exec_syn_000994,acct_demo_01,ws_prepress_a,dev_win_01,actor_demo_01,clean-vector-pro,3.6.0,CLEAN ART,success,,3085,2026-08-02T15:22:36.915Z,2026-08-02T15:22:40.000Z,2026-08-02T15:22:40.581Z,local_bridge,Illustrator 28.5,Operation Suite 3.1,windows,SYNTHETIC,false,normal
exec_syn_000995,acct_demo_01,ws_prepress_b,dev_win_02,actor_demo_02,clean-vector-pro,3.6.0,CLEAN ART,cancelled,ACTION_CANCELLED,4027,2026-08-02T10:07:46.973Z,2026-08-02T10:07:51.000Z,2026-08-02T10:07:51.973Z,local_bridge,Illustrator 28.5,Operation Suite 3.1,windows,SYNTHETIC,false,normal
exec_syn_000996,acct_demo_02,ws_finishing_a,dev_mac_01,actor_demo_03,clean-vector-pro,3.6.0,CLEAN ART,success,,3144,2026-08-02T12:49:29.856Z,2026-08-02T12:49:33.000Z,2026-08-02T12:49:33.991Z,local_bridge,Illustrator 29.0,Operation Suite 3.1,macos,SYNTHETIC,false,normal
exec_syn_000997,acct_demo_01,ws_prepress_b,dev_win_02,actor_demo_02,clean-vector-pro,3.6.0,CLEAN ART,success,,4407,2026-08-02T10:31:25.593Z,2026-08-02T10:31:30.000Z,2026-08-02T10:31:31.371Z,local_bridge,Illustrator 28.5,Operation Suite 3.1,windows,SYNTHETIC,false,normal
exec_syn_000998,acct_demo_02,ws_finishing_a,dev_mac_01,actor_demo_03,clean-vector-pro,3.6.0,CLEAN ART,success,,3446,2026-08-02T13:59:07.554Z,2026-08-02T13:59:11.000Z,2026-08-02T13:59:11.866Z,local_bridge,Illustrator 29.0,Operation Suite 3.1,macos,SYNTHETIC,false,normal
exec_syn_000999,acct_demo_03,ws_production_a,dev_win_03,actor_demo_04,sepmaker-pro,1.6.0,Apply,success,,16413,2026-08-02T11:59:37.587Z,2026-08-02T11:59:54.000Z,2026-08-02T11:59:55.327Z,local_bridge,Illustrator 28.5,Operation Suite 3.1,windows,SYNTHETIC,false,normal
exec_syn_001000,acct_demo_02,ws_finishing_a,dev_mac_01,actor_demo_03,clean-vector-pro,3.6.0,CLEAN ART,success,,5715,2026-08-02T14:18:58.285Z,2026-08-02T14:19:04.000Z,2026-08-02T14:19:04.445Z,local_bridge,Illustrator 29.0,Operation Suite 3.1,macos,SYNTHETIC,false,normal
exec_syn_001001,acct_demo_01,ws_prepress_b,dev_win_02,actor_demo_02,clean-vector-pro,3.6.0,CLEAN ART,success,,3070,2026-08-02T14:07:12.930Z,2026-08-02T14:07:16.000Z,2026-08-02T14:07:16.903Z,local_bridge,Illustrator 28.5,Operation Suite 3.1,windows,SYNTHETIC,false,normal
exec_syn_001002,acct_demo_01,ws_prepress_b,dev_win_02,actor_demo_02,sepmaker-pro,1.6.0,Apply,success,,13692,2026-08-02T11:25:51.308Z,2026-08-02T11:26:05.000Z,2026-08-02T11:26:06.400Z,local_bridge,Illustrator 28.5,Operation Suite 3.1,windows,SYNTHETIC,false,normal
exec_syn_001003,acct_demo_02,ws_finishing_a,dev_mac_01,actor_demo_03,clean-vector-pro,3.6.0,CLEAN ART,success,,3908,2026-08-02T13:42:21.092Z,2026-08-02T13:42:25.000Z,2026-08-02T13:42:25.905Z,local_bridge,Illustrator 29.0,Operation Suite 3.1,macos,SYNTHETIC,false,normal
exec_syn_001004,acct_demo_02,ws_finishing_a,dev_mac_01,actor_demo_03,clean-vector-pro,3.6.0,CLEAN ART,success,,4046,2026-08-02T12:59:12.954Z,2026-08-02T12:59:17.000Z,2026-08-02T12:59:17.352Z,local_bridge,Illustrator 29.0,Operation Suite 3.1,macos,SYNTHETIC,false,normal
exec_syn_001005,acct_demo_01,ws_prepress_a,dev_win_01,actor_demo_01,sepmaker-pro,1.6.0,Apply,success,,33734,2026-08-02T13:54:12.266Z,2026-08-02T13:54:46.000Z,2026-08-02T13:54:46.858Z,local_bridge,Illustrator 28.5,Operation Suite 3.1,windows,SYNTHETIC,true,duration_spike
exec_syn_001006,acct_demo_01,ws_prepress_b,dev_win_02,actor_demo_02,clean-vector-pro,3.6.0,CLEAN ART,success,,3903,2026-08-02T11:25:18.097Z,2026-08-02T11:25:22.000Z,2026-08-02T11:25:22.442Z,local_bridge,Illustrator 28.5,Operation Suite 3.1,windows,SYNTHETIC,false,normal
exec_syn_001007,acct_demo_01,ws_prepress_b,dev_win_02,actor_demo_02,clean-vector-pro,3.6.0,CLEAN ART,success,,5811,2026-08-02T12:16:02.189Z,2026-08-02T12:16:08.000Z,2026-08-02T12:16:08.447Z,local_bridge,Illustrator 28.5,Operation Suite 3.1,windows,SYNTHETIC,false,normal
exec_syn_001008,acct_demo_01,ws_prepress_a,dev_win_01,actor_demo_01,clean-vector-pro,3.6.0,CLEAN ART,success,,5427,2026-08-02T15:33:06.573Z,2026-08-02T15:33:12.000Z,2026-08-02T15:33:12.963Z,local_bridge,Illustrator 28.5,Operation Suite 3.1,windows,SYNTHETIC,false,normal
exec_syn_001009,acct_demo_01,ws_prepress_b,dev_win_02,actor_demo_02,sepmaker-pro,1.6.0,Apply,success,,13081,2026-08-03T17:54:12.919Z,2026-08-03T17:54:26.000Z,2026-08-03T17:54:26.308Z,local_bridge,Illustrator 28.5,Operation Suite 3.1,windows,SYNTHETIC,false,normal
exec_syn_001010,acct_demo_01,ws_prepress_a,dev_win_01,actor_demo_01,clean-vector-pro,3.6.0,CLEAN ART,failure,HOST_UNAVAILABLE,4410,2026-08-03T10:03:06.590Z,2026-08-03T10:03:11.000Z,2026-08-03T10:03:11.920Z,local_bridge,Illustrator 28.5,Operation Suite 3.1,windows,SYNTHETIC,false,normal
exec_syn_001011,acct_demo_03,ws_production_a,dev_win_03,actor_demo_04,clean-vector-pro,3.6.0,CLEAN ART,success,,5007,2026-08-03T15:07:57.993Z,2026-08-03T15:08:03.000Z,2026-08-03T15:08:03.726Z,local_bridge,Illustrator 28.5,Operation Suite 3.1,windows,SYNTHETIC,false,normal
exec_syn_001012,acct_demo_03,ws_production_a,dev_win_03,actor_demo_04,clean-vector-pro,3.6.0,CLEAN ART,success,,3555,2026-08-03T17:48:44.445Z,2026-08-03T17:48:48.000Z,2026-08-03T17:48:48.463Z,local_bridge,Illustrator 28.5,Operation Suite 3.1,windows,SYNTHETIC,false,normal
exec_syn_001013,acct_demo_01,ws_prepress_b,dev_win_02,actor_demo_02,sepmaker-pro,1.6.0,Apply,cancelled,ACTION_CANCELLED,40598,2026-08-03T08:12:33.402Z,2026-08-03T08:13:14.000Z,2026-08-03T08:13:14.960Z,local_bridge,Illustrator 28.5,Operation Suite 3.1,windows,SYNTHETIC,true,duration_spike
exec_syn_001014,acct_demo_02,ws_finishing_a,dev_mac_01,actor_demo_03,sepmaker-pro,1.6.0,Apply,success,,29437,2026-08-03T17:40:11.563Z,2026-08-03T17:40:41.000Z,2026-08-03T17:40:41.514Z,local_bridge,Illustrator 29.0,Operation Suite 3.1,macos,SYNTHETIC,true,duration_spike
exec_syn_001015,acct_demo_01,ws_prepress_b,dev_win_02,actor_demo_02,sepmaker-pro,1.6.0,Apply,success,,13277,2026-08-03T11:04:05.723Z,2026-08-03T11:04:19.000Z,2026-08-03T11:04:20.011Z,local_bridge,Illustrator 28.5,Operation Suite 3.1,windows,SYNTHETIC,false,normal
exec_syn_001016,acct_demo_01,ws_prepress_b,dev_win_02,actor_demo_02,sepmaker-pro,1.6.0,Apply,success,,11111,2026-08-03T13:32:21.889Z,2026-08-03T13:32:33.000Z,2026-08-03T13:32:34.227Z,local_bridge,Illustrator 28.5,Operation Suite 3.1,windows,SYNTHETIC,false,normal
exec_syn_001017,acct_demo_02,ws_finishing_a,dev_mac_01,actor_demo_03,sepmaker-pro,1.6.0,Apply,success,,2380,2026-08-03T15:50:28.620Z,2026-08-03T15:50:31.000Z,2026-08-03T15:50:32.141Z,local_bridge,Illustrator 29.0,Operation Suite 3.1,macos,SYNTHETIC,true,duration_drop
exec_syn_001018,acct_demo_02,ws_finishing_a,dev_mac_01,actor_demo_03,sepmaker-pro,1.6.0,Apply,success,,13631,2026-08-03T13:55:08.369Z,2026-08-03T13:55:22.000Z,2026-08-03T13:55:22.770Z,local_bridge,Illustrator 29.0,Operation Suite 3.1,macos,SYNTHETIC,false,normal
exec_syn_001019,acct_demo_02,ws_finishing_a,dev_mac_01,actor_demo_03,sepmaker-pro,1.6.0,Apply,success,,12789,2026-08-03T13:45:46.211Z,2026-08-03T13:45:59.000Z,2026-08-03T13:45:59.471Z,local_bridge,Illustrator 29.0,Operation Suite 3.1,macos,SYNTHETIC,false,normal
exec_syn_001020,acct_demo_01,ws_prepress_a,dev_win_01,actor_demo_01,clean-vector-pro,3.6.0,CLEAN ART,success,,3430,2026-08-03T14:55:35.570Z,2026-08-03T14:55:39.000Z,2026-08-03T14:55:39.931Z,local_bridge,Illustrator 28.5,Operation Suite 3.1,windows,SYNTHETIC,false,normal
exec_syn_001021,acct_demo_01,ws_prepress_b,dev_win_02,actor_demo_02,clean-vector-pro,3.6.0,CLEAN ART,success,,4088,2026-08-03T09:48:17.912Z,2026-08-03T09:48:22.000Z,2026-08-03T09:48:23.495Z,local_bridge,Illustrator 28.5,Operation Suite 3.1,windows,SYNTHETIC,false,normal
exec_syn_001022,acct_demo_03,ws_production_a,dev_win_03,actor_demo_04,sepmaker-pro,1.6.0,Apply,success,,15298,2026-08-03T13:53:47.702Z,2026-08-03T13:54:03.000Z,2026-08-03T13:54:03.544Z,local_bridge,Illustrator 28.5,Operation Suite 3.1,windows,SYNTHETIC,false,normal
exec_syn_001023,acct_demo_01,ws_prepress_a,dev_win_01,actor_demo_01,clean-vector-pro,3.6.0,CLEAN ART,success,,4758,2026-08-03T13:53:17.242Z,2026-08-03T13:53:22.000Z,2026-08-03T13:53:22.315Z,local_bridge,Illustrator 28.5,Operation Suite 3.1,windows,SYNTHETIC,false,normal
exec_syn_001024,acct_demo_01,ws_prepress_b,dev_win_02,actor_demo_02,sepmaker-pro,1.6.0,Apply,success,,12357,2026-08-03T15:38:43.643Z,2026-08-03T15:38:56.000Z,2026-08-03T15:38:56.793Z,local_bridge,Illustrator 28.5,Operation Suite 3.1,windows,SYNTHETIC,false,normal
exec_syn_001025,acct_demo_01,ws_prepress_a,dev_win_01,actor_demo_01,clean-vector-pro,3.6.0,CLEAN ART,success,,3772,2026-08-04T17:39:28.228Z,2026-08-04T17:39:32.000Z,2026-08-04T17:39:33.064Z,local_bridge,Illustrator 28.5,Operation Suite 3.1,windows,SYNTHETIC,false,normal
exec_syn_001026,acct_demo_03,ws_production_a,dev_win_03,actor_demo_04,sepmaker-pro,1.6.0,Apply,success,,16251,2026-08-04T09:47:35.749Z,2026-08-04T09:47:52.000Z,2026-08-04T09:47:53.394Z,local_bridge,Illustrator 28.5,Operation Suite 3.1,windows,SYNTHETIC,false,normal
exec_syn_001027,acct_demo_03,ws_production_a,dev_win_03,actor_demo_04,clean-vector-pro,3.6.0,CLEAN ART,success,,4681,2026-08-04T14:39:41.319Z,2026-08-04T14:39:46.000Z,2026-08-04T14:39:46.463Z,local_bridge,Illustrator 28.5,Operation Suite 3.1,windows,SYNTHETIC,false,normal
exec_syn_001028,acct_demo_01,ws_prepress_b,dev_win_02,actor_demo_02,sepmaker-pro,1.6.0,Apply,success,,18323,2026-08-04T13:26:34.677Z,2026-08-04T13:26:53.000Z,2026-08-04T13:26:53.664Z,local_bridge,Illustrator 28.5,Operation Suite 3.1,windows,SYNTHETIC,false,normal
exec_syn_001029,acct_demo_03,ws_production_a,dev_win_03,actor_demo_04,sepmaker-pro,1.6.0,Apply,success,,62036,2026-08-04T16:04:51.964Z,2026-08-04T16:05:54.000Z,2026-08-04T16:05:55.254Z,local_bridge,Illustrator 28.5,Operation Suite 3.1,windows,SYNTHETIC,true,duration_spike
exec_syn_001030,acct_demo_02,ws_finishing_a,dev_mac_01,actor_demo_03,clean-vector-pro,3.6.0,CLEAN ART,success,,3193,2026-08-04T13:10:44.807Z,2026-08-04T13:10:48.000Z,2026-08-04T13:10:48.496Z,local_bridge,Illustrator 29.0,Operation Suite 3.1,macos,SYNTHETIC,false,normal
exec_syn_001031,acct_demo_01,ws_prepress_a,dev_win_01,actor_demo_01,sepmaker-pro,1.6.0,Apply,success,,56178,2026-08-04T10:13:56.822Z,2026-08-04T10:14:53.000Z,2026-08-04T10:14:53.832Z,local_bridge,Illustrator 28.5,Operation Suite 3.1,windows,SYNTHETIC,true,duration_spike
exec_syn_001032,acct_demo_03,ws_production_a,dev_win_03,actor_demo_04,sepmaker-pro,1.6.0,Apply,success,,14418,2026-08-04T11:56:09.582Z,2026-08-04T11:56:24.000Z,2026-08-04T11:56:24.258Z,local_bridge,Illustrator 28.5,Operation Suite 3.1,windows,SYNTHETIC,false,normal
exec_syn_001033,acct_demo_01,ws_prepress_a,dev_win_01,actor_demo_01,sepmaker-pro,1.6.0,Apply,success,,9979,2026-08-04T10:18:25.021Z,2026-08-04T10:18:35.000Z,2026-08-04T10:18:35.626Z,local_bridge,Illustrator 28.5,Operation Suite 3.1,windows,SYNTHETIC,false,normal
exec_syn_001034,acct_demo_02,ws_finishing_a,dev_mac_01,actor_demo_03,sepmaker-pro,1.6.0,Apply,success,,8084,2026-08-04T14:04:00.916Z,2026-08-04T14:04:09.000Z,2026-08-04T14:04:09.913Z,local_bridge,Illustrator 29.0,Operation Suite 3.1,macos,SYNTHETIC,false,normal
exec_syn_001035,acct_demo_02,ws_finishing_a,dev_mac_01,actor_demo_03,sepmaker-pro,1.6.0,Apply,success,,14622,2026-08-04T17:57:21.378Z,2026-08-04T17:57:36.000Z,2026-08-04T17:57:36.928Z,local_bridge,Illustrator 29.0,Operation Suite 3.1,macos,SYNTHETIC,false,normal
exec_syn_001036,acct_demo_02,ws_finishing_a,dev_mac_01,actor_demo_03,sepmaker-pro,1.6.0,Apply,success,,14470,2026-08-04T08:01:53.530Z,2026-08-04T08:02:08.000Z,2026-08-04T08:02:09.341Z,local_bridge,Illustrator 29.0,Operation Suite 3.1,macos,SYNTHETIC,false,normal
exec_syn_001037,acct_demo_01,ws_prepress_b,dev_win_02,actor_demo_02,clean-vector-pro,3.6.0,CLEAN ART,success,,4750,2026-08-04T09:04:50.250Z,2026-08-04T09:04:55.000Z,2026-08-04T09:04:55.644Z,local_bridge,Illustrator 28.5,Operation Suite 3.1,windows,SYNTHETIC,false,normal
exec_syn_001038,acct_demo_01,ws_prepress_b,dev_win_02,actor_demo_02,clean-vector-pro,3.6.0,CLEAN ART,success,,3759,2026-08-04T17:11:15.241Z,2026-08-04T17:11:19.000Z,2026-08-04T17:11:19.920Z,local_bridge,Illustrator 28.5,Operation Suite 3.1,windows,SYNTHETIC,false,normal
exec_syn_001039,acct_demo_01,ws_prepress_b,dev_win_02,actor_demo_02,sepmaker-pro,1.6.0,Apply,success,,9530,2026-08-04T11:50:45.470Z,2026-08-04T11:50:55.000Z,2026-08-04T11:50:55.587Z,local_bridge,Illustrator 28.5,Operation Suite 3.1,windows,SYNTHETIC,false,normal
exec_syn_001040,acct_demo_02,ws_finishing_a,dev_mac_01,actor_demo_03,sepmaker-pro,1.6.0,Apply,success,,15205,2026-08-04T12:34:17.795Z,2026-08-04T12:34:33.000Z,2026-08-04T12:34:33.855Z,local_bridge,Illustrator 29.0,Operation Suite 3.1,macos,SYNTHETIC,false,normal
exec_syn_001041,acct_demo_02,ws_finishing_a,dev_mac_01,actor_demo_03,sepmaker-pro,1.6.0,Apply,success,,15382,2026-08-05T09:33:45.618Z,2026-08-05T09:34:01.000Z,2026-08-05T09:34:01.550Z,local_bridge,Illustrator 29.0,Operation Suite 3.1,macos,SYNTHETIC,false,normal
exec_syn_001042,acct_demo_01,ws_prepress_a,dev_win_01,actor_demo_01,sepmaker-pro,1.6.0,Apply,success,,12075,2026-08-05T17:31:03.925Z,2026-08-05T17:31:16.000Z,2026-08-05T17:31:17.334Z,local_bridge,Illustrator 28.5,Operation Suite 3.1,windows,SYNTHETIC,false,normal
exec_syn_001043,acct_demo_03,ws_production_a,dev_win_03,actor_demo_04,clean-vector-pro,3.6.0,CLEAN ART,success,,4238,2026-08-05T15:29:07.762Z,2026-08-05T15:29:12.000Z,2026-08-05T15:29:12.700Z,local_bridge,Illustrator 28.5,Operation Suite 3.1,windows,SYNTHETIC,false,normal
exec_syn_001044,acct_demo_03,ws_production_a,dev_win_03,actor_demo_04,sepmaker-pro,1.6.0,Apply,success,,11290,2026-08-05T17:41:17.710Z,2026-08-05T17:41:29.000Z,2026-08-05T17:41:30.259Z,local_bridge,Illustrator 28.5,Operation Suite 3.1,windows,SYNTHETIC,false,normal
exec_syn_001045,acct_demo_03,ws_production_a,dev_win_03,actor_demo_04,sepmaker-pro,1.6.0,Apply,success,,12010,2026-08-05T16:38:14.990Z,2026-08-05T16:38:27.000Z,2026-08-05T16:38:28.270Z,local_bridge,Illustrator 28.5,Operation Suite 3.1,windows,SYNTHETIC,false,normal
exec_syn_001046,acct_demo_01,ws_prepress_a,dev_win_01,actor_demo_01,sepmaker-pro,1.6.0,Apply,success,,10933,2026-08-05T09:31:29.067Z,2026-08-05T09:31:40.000Z,2026-08-05T09:31:41.227Z,local_bridge,Illustrator 28.5,Operation Suite 3.1,windows,SYNTHETIC,false,normal
exec_syn_001047,acct_demo_01,ws_prepress_a,dev_win_01,actor_demo_01,sepmaker-pro,1.6.0,Apply,success,,18883,2026-08-05T12:26:56.117Z,2026-08-05T12:27:15.000Z,2026-08-05T12:27:15.702Z,local_bridge,Illustrator 28.5,Operation Suite 3.1,windows,SYNTHETIC,false,normal
exec_syn_001048,acct_demo_01,ws_prepress_b,dev_win_02,actor_demo_02,clean-vector-pro,3.6.0,CLEAN ART,success,,3673,2026-08-05T13:49:49.327Z,2026-08-05T13:49:53.000Z,2026-08-05T13:49:53.774Z,local_bridge,Illustrator 28.5,Operation Suite 3.1,windows,SYNTHETIC,false,normal
exec_syn_001049,acct_demo_01,ws_prepress_a,dev_win_01,actor_demo_01,clean-vector-pro,3.6.0,CLEAN ART,success,,4953,2026-08-05T11:53:39.047Z,2026-08-05T11:53:44.000Z,2026-08-05T11:53:45.306Z,local_bridge,Illustrator 28.5,Operation Suite 3.1,windows,SYNTHETIC,false,normal
exec_syn_001050,acct_demo_01,ws_prepress_a,dev_win_01,actor_demo_01,sepmaker-pro,1.6.0,Apply,success,,51660,2026-08-05T12:49:01.340Z,2026-08-05T12:49:53.000Z,2026-08-05T12:49:54.008Z,local_bridge,Illustrator 28.5,Operation Suite 3.1,windows,SYNTHETIC,true,duration_spike
exec_syn_001051,acct_demo_03,ws_production_a,dev_win_03,actor_demo_04,clean-vector-pro,3.6.0,CLEAN ART,success,,5846,2026-08-05T13:56:28.154Z,2026-08-05T13:56:34.000Z,2026-08-05T13:56:34.470Z,local_bridge,Illustrator 28.5,Operation Suite 3.1,windows,SYNTHETIC,false,normal
exec_syn_001052,acct_demo_01,ws_prepress_b,dev_win_02,actor_demo_02,sepmaker-pro,1.6.0,Apply,success,,9747,2026-08-05T13:57:29.253Z,2026-08-05T13:57:39.000Z,2026-08-05T13:57:40.256Z,local_bridge,Illustrator 28.5,Operation Suite 3.1,windows,SYNTHETIC,false,normal
exec_syn_001053,acct_demo_01,ws_prepress_b,dev_win_02,actor_demo_02,clean-vector-pro,3.6.0,CLEAN ART,success,,5744,2026-08-05T15:52:39.256Z,2026-08-05T15:52:45.000Z,2026-08-05T15:52:45.602Z,local_bridge,Illustrator 28.5,Operation Suite 3.1,windows,SYNTHETIC,false,normal
exec_syn_001054,acct_demo_02,ws_finishing_a,dev_mac_01,actor_demo_03,sepmaker-pro,1.6.0,Apply,success,,13257,2026-08-05T15:22:50.743Z,2026-08-05T15:23:04.000Z,2026-08-05T15:23:05.499Z,local_bridge,Illustrator 29.0,Operation Suite 3.1,macos,SYNTHETIC,false,normal
exec_syn_001055,acct_demo_01,ws_prepress_a,dev_win_01,actor_demo_01,sepmaker-pro,1.6.0,Apply,success,,13237,2026-08-05T09:31:46.763Z,2026-08-05T09:32:00.000Z,2026-08-05T09:32:01.440Z,local_bridge,Illustrator 28.5,Operation Suite 3.1,windows,SYNTHETIC,false,normal
exec_syn_001056,acct_demo_03,ws_production_a,dev_win_03,actor_demo_04,sepmaker-pro,1.6.0,Apply,success,,18210,2026-08-05T11:41:51.790Z,2026-08-05T11:42:10.000Z,2026-08-05T11:42:10.342Z,local_bridge,Illustrator 28.5,Operation Suite 3.1,windows,SYNTHETIC,false,normal
exec_syn_001057,acct_demo_02,ws_finishing_a,dev_mac_01,actor_demo_03,clean-vector-pro,3.6.0,CLEAN ART,success,,3200,2026-08-06T15:10:00.800Z,2026-08-06T15:10:04.000Z,2026-08-06T15:10:04.651Z,local_bridge,Illustrator 29.0,Operation Suite 3.1,macos,SYNTHETIC,false,normal
exec_syn_001058,acct_demo_03,ws_production_a,dev_win_03,actor_demo_04,sepmaker-pro,1.6.0,Apply,success,,15938,2026-08-06T15:53:00.062Z,2026-08-06T15:53:16.000Z,2026-08-06T15:53:17.418Z,local_bridge,Illustrator 28.5,Operation Suite 3.1,windows,SYNTHETIC,false,normal
exec_syn_001059,acct_demo_01,ws_prepress_b,dev_win_02,actor_demo_02,sepmaker-pro,1.6.0,Apply,success,,10725,2026-08-06T11:44:47.275Z,2026-08-06T11:44:58.000Z,2026-08-06T11:44:58.489Z,local_bridge,Illustrator 28.5,Operation Suite 3.1,windows,SYNTHETIC,false,normal
exec_syn_001060,acct_demo_02,ws_finishing_a,dev_mac_01,actor_demo_03,sepmaker-pro,1.6.0,Apply,success,,14352,2026-08-06T09:13:45.648Z,2026-08-06T09:14:00.000Z,2026-08-06T09:14:01.006Z,local_bridge,Illustrator 29.0,Operation Suite 3.1,macos,SYNTHETIC,false,normal
exec_syn_001061,acct_demo_03,ws_production_a,dev_win_03,actor_demo_04,sepmaker-pro,1.6.0,Apply,success,,17555,2026-08-06T15:06:52.445Z,2026-08-06T15:07:10.000Z,2026-08-06T15:07:10.896Z,local_bridge,Illustrator 28.5,Operation Suite 3.1,windows,SYNTHETIC,false,normal
exec_syn_001062,acct_demo_03,ws_production_a,dev_win_03,actor_demo_04,sepmaker-pro,1.6.0,Apply,success,,12951,2026-08-06T11:29:40.049Z,2026-08-06T11:29:53.000Z,2026-08-06T11:29:53.518Z,local_bridge,Illustrator 28.5,Operation Suite 3.1,windows,SYNTHETIC,false,normal
exec_syn_001063,acct_demo_03,ws_production_a,dev_win_03,actor_demo_04,clean-vector-pro,3.6.0,CLEAN ART,success,,5448,2026-08-06T10:37:16.552Z,2026-08-06T10:37:22.000Z,2026-08-06T10:37:23.396Z,local_bridge,Illustrator 28.5,Operation Suite 3.1,windows,SYNTHETIC,false,normal
exec_syn_001064,acct_demo_01,ws_prepress_a,dev_win_01,actor_demo_01,clean-vector-pro,3.6.0,CLEAN ART,success,,4375,2026-08-06T08:54:18.625Z,2026-08-06T08:54:23.000Z,2026-08-06T08:54:23.491Z,local_bridge,Illustrator 28.5,Operation Suite 3.1,windows,SYNTHETIC,false,normal
exec_syn_001065,acct_demo_01,ws_prepress_a,dev_win_01,actor_demo_01,clean-vector-pro,3.6.0,CLEAN ART,success,,2915,2026-08-06T14:51:14.085Z,2026-08-06T14:51:17.000Z,2026-08-06T14:51:18.338Z,local_bridge,Illustrator 28.5,Operation Suite 3.1,windows,SYNTHETIC,false,normal
exec_syn_001066,acct_demo_03,ws_production_a,dev_win_03,actor_demo_04,sepmaker-pro,1.6.0,Apply,success,,9175,2026-08-06T14:21:47.825Z,2026-08-06T14:21:57.000Z,2026-08-06T14:21:57.839Z,local_bridge,Illustrator 28.5,Operation Suite 3.1,windows,SYNTHETIC,false,normal
exec_syn_001067,acct_demo_03,ws_production_a,dev_win_03,actor_demo_04,clean-vector-pro,3.6.0,CLEAN ART,success,,4403,2026-08-06T10:33:58.597Z,2026-08-06T10:34:03.000Z,2026-08-06T10:34:04.091Z,local_bridge,Illustrator 28.5,Operation Suite 3.1,windows,SYNTHETIC,false,normal
exec_syn_001068,acct_demo_02,ws_finishing_a,dev_mac_01,actor_demo_03,sepmaker-pro,1.6.0,Apply,success,,9327,2026-08-06T11:23:29.673Z,2026-08-06T11:23:39.000Z,2026-08-06T11:23:39.396Z,local_bridge,Illustrator 29.0,Operation Suite 3.1,macos,SYNTHETIC,false,normal
exec_syn_001069,acct_demo_03,ws_production_a,dev_win_03,actor_demo_04,clean-vector-pro,3.6.0,CLEAN ART,success,,4402,2026-08-06T13:13:57.598Z,2026-08-06T13:14:02.000Z,2026-08-06T13:14:03.440Z,local_bridge,Illustrator 28.5,Operation Suite 3.1,windows,SYNTHETIC,false,normal
exec_syn_001070,acct_demo_03,ws_production_a,dev_win_03,actor_demo_04,clean-vector-pro,3.6.0,CLEAN ART,success,,4188,2026-08-06T12:50:38.812Z,2026-08-06T12:50:43.000Z,2026-08-06T12:50:43.795Z,local_bridge,Illustrator 28.5,Operation Suite 3.1,windows,SYNTHETIC,false,normal
exec_syn_001071,acct_demo_01,ws_prepress_a,dev_win_01,actor_demo_01,sepmaker-pro,1.6.0,Apply,cancelled,ACTION_CANCELLED,8888,2026-08-06T16:38:05.112Z,2026-08-06T16:38:14.000Z,2026-08-06T16:38:14.771Z,local_bridge,Illustrator 28.5,Operation Suite 3.1,windows,SYNTHETIC,false,normal
exec_syn_001072,acct_demo_03,ws_production_a,dev_win_03,actor_demo_04,clean-vector-pro,3.6.0,CLEAN ART,success,,5343,2026-08-06T16:56:01.657Z,2026-08-06T16:56:07.000Z,2026-08-06T16:56:07.426Z,local_bridge,Illustrator 28.5,Operation Suite 3.1,windows,SYNTHETIC,false,normal
exec_syn_001073,acct_demo_01,ws_prepress_b,dev_win_02,actor_demo_02,sepmaker-pro,1.6.0,Apply,success,,10972,2026-08-07T14:36:17.028Z,2026-08-07T14:36:28.000Z,2026-08-07T14:36:28.715Z,local_bridge,Illustrator 28.5,Operation Suite 3.1,windows,SYNTHETIC,false,normal
exec_syn_001074,acct_demo_01,ws_prepress_b,dev_win_02,actor_demo_02,clean-vector-pro,3.6.0,CLEAN ART,failure,VALIDATION_FAILED,5098,2026-08-07T08:50:26.902Z,2026-08-07T08:50:32.000Z,2026-08-07T08:50:32.884Z,local_bridge,Illustrator 28.5,Operation Suite 3.1,windows,SYNTHETIC,false,normal
exec_syn_001075,acct_demo_01,ws_prepress_a,dev_win_01,actor_demo_01,clean-vector-pro,3.6.0,CLEAN ART,success,,3626,2026-08-07T14:10:29.374Z,2026-08-07T14:10:33.000Z,2026-08-07T14:10:34.292Z,local_bridge,Illustrator 28.5,Operation Suite 3.1,windows,SYNTHETIC,false,normal
exec_syn_001076,acct_demo_02,ws_finishing_a,dev_mac_01,actor_demo_03,sepmaker-pro,1.6.0,Apply,success,,48261,2026-08-07T13:33:31.739Z,2026-08-07T13:34:20.000Z,2026-08-07T13:34:21.426Z,local_bridge,Illustrator 29.0,Operation Suite 3.1,macos,SYNTHETIC,true,duration_spike
exec_syn_001077,acct_demo_03,ws_production_a,dev_win_03,actor_demo_04,clean-vector-pro,3.6.0,CLEAN ART,success,,3978,2026-08-07T16:43:07.022Z,2026-08-07T16:43:11.000Z,2026-08-07T16:43:11.930Z,local_bridge,Illustrator 28.5,Operation Suite 3.1,windows,SYNTHETIC,false,normal
exec_syn_001078,acct_demo_02,ws_finishing_a,dev_mac_01,actor_demo_03,clean-vector-pro,3.6.0,CLEAN ART,success,,4069,2026-08-07T15:09:41.931Z,2026-08-07T15:09:46.000Z,2026-08-07T15:09:46.561Z,local_bridge,Illustrator 29.0,Operation Suite 3.1,macos,SYNTHETIC,false,normal
exec_syn_001079,acct_demo_02,ws_finishing_a,dev_mac_01,actor_demo_03,clean-vector-pro,3.6.0,CLEAN ART,failure,PROCESSING_FAILED,2841,2026-08-07T10:22:15.159Z,2026-08-07T10:22:18.000Z,2026-08-07T10:22:18.269Z,local_bridge,Illustrator 29.0,Operation Suite 3.1,macos,SYNTHETIC,false,normal
exec_syn_001080,acct_demo_02,ws_finishing_a,dev_mac_01,actor_demo_03,clean-vector-pro,3.6.0,CLEAN ART,success,,3477,2026-08-07T08:50:58.523Z,2026-08-07T08:51:02.000Z,2026-08-07T08:51:02.870Z,local_bridge,Illustrator 29.0,Operation Suite 3.1,macos,SYNTHETIC,false,normal
exec_syn_001081,acct_demo_01,ws_prepress_a,dev_win_01,actor_demo_01,sepmaker-pro,1.6.0,Apply,success,,9861,2026-08-07T12:49:02.139Z,2026-08-07T12:49:12.000Z,2026-08-07T12:49:13.148Z,local_bridge,Illustrator 28.5,Operation Suite 3.1,windows,SYNTHETIC,false,normal
exec_syn_001082,acct_demo_03,ws_production_a,dev_win_03,actor_demo_04,sepmaker-pro,1.6.0,Apply,success,,11932,2026-08-07T15:12:14.068Z,2026-08-07T15:12:26.000Z,2026-08-07T15:12:26.762Z,local_bridge,Illustrator 28.5,Operation Suite 3.1,windows,SYNTHETIC,false,normal
exec_syn_001083,acct_demo_03,ws_production_a,dev_win_03,actor_demo_04,sepmaker-pro,1.6.0,Apply,success,,18907,2026-08-07T13:49:34.093Z,2026-08-07T13:49:53.000Z,2026-08-07T13:49:53.645Z,local_bridge,Illustrator 28.5,Operation Suite 3.1,windows,SYNTHETIC,false,normal
exec_syn_001084,acct_demo_02,ws_finishing_a,dev_mac_01,actor_demo_03,clean-vector-pro,3.6.0,CLEAN ART,success,,4117,2026-08-07T11:58:44.883Z,2026-08-07T11:58:49.000Z,2026-08-07T11:58:50.195Z,local_bridge,Illustrator 29.0,Operation Suite 3.1,macos,SYNTHETIC,false,normal
exec_syn_001085,acct_demo_02,ws_finishing_a,dev_mac_01,actor_demo_03,clean-vector-pro,3.6.0,CLEAN ART,success,,3340,2026-08-07T17:43:19.660Z,2026-08-07T17:43:23.000Z,2026-08-07T17:43:24.264Z,local_bridge,Illustrator 29.0,Operation Suite 3.1,macos,SYNTHETIC,false,normal
exec_syn_001086,acct_demo_02,ws_finishing_a,dev_mac_01,actor_demo_03,sepmaker-pro,1.6.0,Apply,cancelled,ACTION_CANCELLED,11057,2026-08-07T13:16:52.943Z,2026-08-07T13:17:04.000Z,2026-08-07T13:17:05.135Z,local_bridge,Illustrator 29.0,Operation Suite 3.1,macos,SYNTHETIC,false,normal
exec_syn_001087,acct_demo_01,ws_prepress_b,dev_win_02,actor_demo_02,sepmaker-pro,1.6.0,Apply,success,,18167,2026-08-07T10:33:00.833Z,2026-08-07T10:33:19.000Z,2026-08-07T10:33:20.130Z,local_bridge,Illustrator 28.5,Operation Suite 3.1,windows,SYNTHETIC,false,normal
exec_syn_001088,acct_demo_01,ws_prepress_b,dev_win_02,actor_demo_02,clean-vector-pro,3.6.0,CLEAN ART,success,,3032,2026-08-07T13:42:27.968Z,2026-08-07T13:42:31.000Z,2026-08-07T13:42:32.415Z,local_bridge,Illustrator 28.5,Operation Suite 3.1,windows,SYNTHETIC,false,normal
exec_syn_001089,acct_demo_01,ws_prepress_b,dev_win_02,actor_demo_02,sepmaker-pro,1.6.0,Apply,success,,12700,2026-08-08T12:17:56.300Z,2026-08-08T12:18:09.000Z,2026-08-08T12:18:09.812Z,local_bridge,Illustrator 28.5,Operation Suite 3.1,windows,SYNTHETIC,false,normal
exec_syn_001090,acct_demo_01,ws_prepress_a,dev_win_01,actor_demo_01,clean-vector-pro,3.6.0,CLEAN ART,success,,3356,2026-08-08T14:38:23.644Z,2026-08-08T14:38:27.000Z,2026-08-08T14:38:28.044Z,local_bridge,Illustrator 28.5,Operation Suite 3.1,windows,SYNTHETIC,false,normal
exec_syn_001091,acct_demo_03,ws_production_a,dev_win_03,actor_demo_04,sepmaker-pro,1.6.0,Apply,success,,9847,2026-08-08T13:45:52.153Z,2026-08-08T13:46:02.000Z,2026-08-08T13:46:03.218Z,local_bridge,Illustrator 28.5,Operation Suite 3.1,windows,SYNTHETIC,false,normal
exec_syn_001092,acct_demo_01,ws_prepress_b,dev_win_02,actor_demo_02,sepmaker-pro,1.6.0,Apply,success,,15256,2026-08-08T11:30:04.744Z,2026-08-08T11:30:20.000Z,2026-08-08T11:30:20.251Z,local_bridge,Illustrator 28.5,Operation Suite 3.1,windows,SYNTHETIC,false,normal
exec_syn_001093,acct_demo_02,ws_finishing_a,dev_mac_01,actor_demo_03,sepmaker-pro,1.6.0,Apply,failure,HOST_UNAVAILABLE,9067,2026-08-08T12:10:58.933Z,2026-08-08T12:11:08.000Z,2026-08-08T12:11:08.638Z,local_bridge,Illustrator 29.0,Operation Suite 3.1,macos,SYNTHETIC,false,normal
exec_syn_001094,acct_demo_02,ws_finishing_a,dev_mac_01,actor_demo_03,clean-vector-pro,3.6.0,CLEAN ART,success,,4747,2026-08-08T10:44:01.253Z,2026-08-08T10:44:06.000Z,2026-08-08T10:44:06.718Z,local_bridge,Illustrator 29.0,Operation Suite 3.1,macos,SYNTHETIC,false,normal
exec_syn_001095,acct_demo_01,ws_prepress_a,dev_win_01,actor_demo_01,sepmaker-pro,1.6.0,Apply,success,,38252,2026-08-08T10:13:59.748Z,2026-08-08T10:14:38.000Z,2026-08-08T10:14:38.794Z,local_bridge,Illustrator 28.5,Operation Suite 3.1,windows,SYNTHETIC,true,duration_spike
exec_syn_001096,acct_demo_01,ws_prepress_b,dev_win_02,actor_demo_02,clean-vector-pro,3.6.0,CLEAN ART,success,,4536,2026-08-08T13:28:03.464Z,2026-08-08T13:28:08.000Z,2026-08-08T13:28:08.579Z,local_bridge,Illustrator 28.5,Operation Suite 3.1,windows,SYNTHETIC,false,normal
exec_syn_001097,acct_demo_02,ws_finishing_a,dev_mac_01,actor_demo_03,clean-vector-pro,3.6.0,CLEAN ART,success,,2657,2026-08-08T12:35:46.343Z,2026-08-08T12:35:49.000Z,2026-08-08T12:35:50.008Z,local_bridge,Illustrator 29.0,Operation Suite 3.1,macos,SYNTHETIC,false,normal
exec_syn_001098,acct_demo_01,ws_prepress_a,dev_win_01,actor_demo_01,clean-vector-pro,3.6.0,CLEAN ART,success,,4561,2026-08-08T13:28:35.439Z,2026-08-08T13:28:40.000Z,2026-08-08T13:28:40.755Z,local_bridge,Illustrator 28.5,Operation Suite 3.1,windows,SYNTHETIC,false,normal
exec_syn_001099,acct_demo_03,ws_production_a,dev_win_03,actor_demo_04,sepmaker-pro,1.6.0,Apply,success,,17079,2026-08-08T14:04:18.921Z,2026-08-08T14:04:36.000Z,2026-08-08T14:04:36.706Z,local_bridge,Illustrator 28.5,Operation Suite 3.1,windows,SYNTHETIC,false,normal
exec_syn_001100,acct_demo_01,ws_prepress_b,dev_win_02,actor_demo_02,sepmaker-pro,1.6.0,Apply,success,,17536,2026-08-08T11:07:57.464Z,2026-08-08T11:08:15.000Z,2026-08-08T11:08:15.283Z,local_bridge,Illustrator 28.5,Operation Suite 3.1,windows,SYNTHETIC,false,normal
exec_syn_001101,acct_demo_01,ws_prepress_b,dev_win_02,actor_demo_02,clean-vector-pro,3.6.0,CLEAN ART,success,,3347,2026-08-08T13:13:55.653Z,2026-08-08T13:13:59.000Z,2026-08-08T13:13:59.756Z,local_bridge,Illustrator 28.5,Operation Suite 3.1,windows,SYNTHETIC,false,normal
exec_syn_001102,acct_demo_02,ws_finishing_a,dev_mac_01,actor_demo_03,sepmaker-pro,1.6.0,Apply,success,,8429,2026-08-08T11:47:31.571Z,2026-08-08T11:47:40.000Z,2026-08-08T11:47:40.651Z,local_bridge,Illustrator 29.0,Operation Suite 3.1,macos,SYNTHETIC,false,normal
exec_syn_001103,acct_demo_01,ws_prepress_b,dev_win_02,actor_demo_02,clean-vector-pro,3.6.0,CLEAN ART,success,,4948,2026-08-08T12:30:45.052Z,2026-08-08T12:30:50.000Z,2026-08-08T12:30:50.562Z,local_bridge,Illustrator 28.5,Operation Suite 3.1,windows,SYNTHETIC,false,normal
exec_syn_001104,acct_demo_01,ws_prepress_a,dev_win_01,actor_demo_01,sepmaker-pro,1.6.0,Apply,success,,11503,2026-08-08T11:53:05.497Z,2026-08-08T11:53:17.000Z,2026-08-08T11:53:18.173Z,local_bridge,Illustrator 28.5,Operation Suite 3.1,windows,SYNTHETIC,false,normal
exec_syn_001105,acct_demo_01,ws_prepress_a,dev_win_01,actor_demo_01,sepmaker-pro,1.6.0,Apply,success,,14787,2026-08-09T15:14:38.213Z,2026-08-09T15:14:53.000Z,2026-08-09T15:14:53.499Z,local_bridge,Illustrator 28.5,Operation Suite 3.1,windows,SYNTHETIC,false,normal
exec_syn_001106,acct_demo_03,ws_production_a,dev_win_03,actor_demo_04,clean-vector-pro,3.6.0,CLEAN ART,success,,4865,2026-08-09T12:34:22.135Z,2026-08-09T12:34:27.000Z,2026-08-09T12:34:28.377Z,local_bridge,Illustrator 28.5,Operation Suite 3.1,windows,SYNTHETIC,false,normal
exec_syn_001107,acct_demo_01,ws_prepress_b,dev_win_02,actor_demo_02,sepmaker-pro,1.6.0,Apply,success,,12102,2026-08-09T10:47:31.898Z,2026-08-09T10:47:44.000Z,2026-08-09T10:47:45.289Z,local_bridge,Illustrator 28.5,Operation Suite 3.1,windows,SYNTHETIC,false,normal
exec_syn_001108,acct_demo_02,ws_finishing_a,dev_mac_01,actor_demo_03,clean-vector-pro,3.6.0,CLEAN ART,success,,6327,2026-08-09T11:12:21.673Z,2026-08-09T11:12:28.000Z,2026-08-09T11:12:28.585Z,local_bridge,Illustrator 29.0,Operation Suite 3.1,macos,SYNTHETIC,false,normal
exec_syn_001109,acct_demo_01,ws_prepress_a,dev_win_01,actor_demo_01,clean-vector-pro,3.6.0,CLEAN ART,success,,4065,2026-08-09T15:10:57.935Z,2026-08-09T15:11:02.000Z,2026-08-09T15:11:02.545Z,local_bridge,Illustrator 28.5,Operation Suite 3.1,windows,SYNTHETIC,false,normal
exec_syn_001110,acct_demo_01,ws_prepress_b,dev_win_02,actor_demo_02,sepmaker-pro,1.6.0,Apply,success,,59470,2026-08-09T15:05:14.530Z,2026-08-09T15:06:14.000Z,2026-08-09T15:06:15.329Z,local_bridge,Illustrator 28.5,Operation Suite 3.1,windows,SYNTHETIC,true,duration_spike
exec_syn_001111,acct_demo_01,ws_prepress_b,dev_win_02,actor_demo_02,sepmaker-pro,1.6.0,Apply,success,,16006,2026-08-09T15:17:43.994Z,2026-08-09T15:18:00.000Z,2026-08-09T15:18:00.999Z,local_bridge,Illustrator 28.5,Operation Suite 3.1,windows,SYNTHETIC,false,normal
exec_syn_001112,acct_demo_02,ws_finishing_a,dev_mac_01,actor_demo_03,clean-vector-pro,3.6.0,CLEAN ART,success,,6225,2026-08-09T13:46:22.775Z,2026-08-09T13:46:29.000Z,2026-08-09T13:46:30.186Z,local_bridge,Illustrator 29.0,Operation Suite 3.1,macos,SYNTHETIC,false,normal
exec_syn_001113,acct_demo_02,ws_finishing_a,dev_mac_01,actor_demo_03,clean-vector-pro,3.6.0,CLEAN ART,success,,3776,2026-08-09T15:01:07.224Z,2026-08-09T15:01:11.000Z,2026-08-09T15:01:11.261Z,local_bridge,Illustrator 29.0,Operation Suite 3.1,macos,SYNTHETIC,false,normal
exec_syn_001114,acct_demo_01,ws_prepress_b,dev_win_02,actor_demo_02,sepmaker-pro,1.6.0,Apply,success,,11433,2026-08-09T13:24:23.567Z,2026-08-09T13:24:35.000Z,2026-08-09T13:24:36.167Z,local_bridge,Illustrator 28.5,Operation Suite 3.1,windows,SYNTHETIC,false,normal
exec_syn_001115,acct_demo_02,ws_finishing_a,dev_mac_01,actor_demo_03,sepmaker-pro,1.6.0,Apply,success,,14134,2026-08-09T11:18:36.866Z,2026-08-09T11:18:51.000Z,2026-08-09T11:18:51.878Z,local_bridge,Illustrator 29.0,Operation Suite 3.1,macos,SYNTHETIC,false,normal
exec_syn_001116,acct_demo_01,ws_prepress_b,dev_win_02,actor_demo_02,sepmaker-pro,1.6.0,Apply,success,,10412,2026-08-09T15:09:03.588Z,2026-08-09T15:09:14.000Z,2026-08-09T15:09:15.108Z,local_bridge,Illustrator 28.5,Operation Suite 3.1,windows,SYNTHETIC,false,normal
exec_syn_001117,acct_demo_01,ws_prepress_a,dev_win_01,actor_demo_01,clean-vector-pro,3.6.0,CLEAN ART,success,,4829,2026-08-09T14:53:16.171Z,2026-08-09T14:53:21.000Z,2026-08-09T14:53:22.154Z,local_bridge,Illustrator 28.5,Operation Suite 3.1,windows,SYNTHETIC,false,normal
exec_syn_001118,acct_demo_01,ws_prepress_a,dev_win_01,actor_demo_01,sepmaker-pro,1.6.0,Apply,success,,9824,2026-08-09T10:16:34.176Z,2026-08-09T10:16:44.000Z,2026-08-09T10:16:44.509Z,local_bridge,Illustrator 28.5,Operation Suite 3.1,windows,SYNTHETIC,false,normal
exec_syn_001119,acct_demo_01,ws_prepress_a,dev_win_01,actor_demo_01,sepmaker-pro,1.6.0,Apply,success,,8655,2026-08-09T15:38:37.345Z,2026-08-09T15:38:46.000Z,2026-08-09T15:38:47.464Z,local_bridge,Illustrator 28.5,Operation Suite 3.1,windows,SYNTHETIC,false,normal
exec_syn_001120,acct_demo_02,ws_finishing_a,dev_mac_01,actor_demo_03,sepmaker-pro,1.6.0,Apply,success,,9177,2026-08-09T15:43:56.823Z,2026-08-09T15:44:06.000Z,2026-08-09T15:44:06.332Z,local_bridge,Illustrator 29.0,Operation Suite 3.1,macos,SYNTHETIC,false,normal
exec_syn_001121,acct_demo_02,ws_finishing_a,dev_mac_01,actor_demo_03,clean-vector-pro,3.6.0,CLEAN ART,success,,4387,2026-08-10T14:09:28.613Z,2026-08-10T14:09:33.000Z,2026-08-10T14:09:34.270Z,local_bridge,Illustrator 29.0,Operation Suite 3.1,macos,SYNTHETIC,false,normal
exec_syn_001122,acct_demo_03,ws_production_a,dev_win_03,actor_demo_04,clean-vector-pro,3.6.0,CLEAN ART,success,,3439,2026-08-10T10:01:32.561Z,2026-08-10T10:01:36.000Z,2026-08-10T10:01:37.295Z,local_bridge,Illustrator 28.5,Operation Suite 3.1,windows,SYNTHETIC,false,normal
exec_syn_001123,acct_demo_02,ws_finishing_a,dev_mac_01,actor_demo_03,sepmaker-pro,1.6.0,Apply,success,,10813,2026-08-10T16:30:27.187Z,2026-08-10T16:30:38.000Z,2026-08-10T16:30:38.290Z,local_bridge,Illustrator 29.0,Operation Suite 3.1,macos,SYNTHETIC,false,normal
exec_syn_001124,acct_demo_03,ws_production_a,dev_win_03,actor_demo_04,clean-vector-pro,3.6.0,CLEAN ART,success,,5055,2026-08-10T14:12:30.945Z,2026-08-10T14:12:36.000Z,2026-08-10T14:12:36.830Z,local_bridge,Illustrator 28.5,Operation Suite 3.1,windows,SYNTHETIC,false,normal
exec_syn_001125,acct_demo_02,ws_finishing_a,dev_mac_01,actor_demo_03,sepmaker-pro,1.6.0,Apply,success,,14432,2026-08-10T13:45:48.568Z,2026-08-10T13:46:03.000Z,2026-08-10T13:46:04.109Z,local_bridge,Illustrator 29.0,Operation Suite 3.1,macos,SYNTHETIC,false,normal
exec_syn_001126,acct_demo_03,ws_production_a,dev_win_03,actor_demo_04,sepmaker-pro,1.6.0,Apply,success,,15852,2026-08-10T14:22:02.148Z,2026-08-10T14:22:18.000Z,2026-08-10T14:22:18.873Z,local_bridge,Illustrator 28.5,Operation Suite 3.1,windows,SYNTHETIC,false,normal
exec_syn_001127,acct_demo_02,ws_finishing_a,dev_mac_01,actor_demo_03,clean-vector-pro,3.6.0,CLEAN ART,success,,4369,2026-08-10T15:36:41.631Z,2026-08-10T15:36:46.000Z,2026-08-10T15:36:47.205Z,local_bridge,Illustrator 29.0,Operation Suite 3.1,macos,SYNTHETIC,false,normal
exec_syn_001128,acct_demo_02,ws_finishing_a,dev_mac_01,actor_demo_03,clean-vector-pro,3.6.0,CLEAN ART,success,,4197,2026-08-10T10:48:11.803Z,2026-08-10T10:48:16.000Z,2026-08-10T10:48:17.062Z,local_bridge,Illustrator 29.0,Operation Suite 3.1,macos,SYNTHETIC,false,normal
exec_syn_001129,acct_demo_01,ws_prepress_b,dev_win_02,actor_demo_02,clean-vector-pro,3.6.0,CLEAN ART,success,,4018,2026-08-10T14:11:56.982Z,2026-08-10T14:12:01.000Z,2026-08-10T14:12:02.131Z,local_bridge,Illustrator 28.5,Operation Suite 3.1,windows,SYNTHETIC,false,normal
exec_syn_001130,acct_demo_01,ws_prepress_a,dev_win_01,actor_demo_01,clean-vector-pro,3.6.0,CLEAN ART,success,,4870,2026-08-10T11:41:20.130Z,2026-08-10T11:41:25.000Z,2026-08-10T11:41:26.458Z,local_bridge,Illustrator 28.5,Operation Suite 3.1,windows,SYNTHETIC,false,normal
exec_syn_001131,acct_demo_03,ws_production_a,dev_win_03,actor_demo_04,sepmaker-pro,1.6.0,Apply,cancelled,ACTION_CANCELLED,11154,2026-08-10T14:26:17.846Z,2026-08-10T14:26:29.000Z,2026-08-10T14:26:29.718Z,local_bridge,Illustrator 28.5,Operation Suite 3.1,windows,SYNTHETIC,false,normal
exec_syn_001132,acct_demo_01,ws_prepress_a,dev_win_01,actor_demo_01,clean-vector-pro,3.6.0,CLEAN ART,success,,4998,2026-08-10T12:12:19.002Z,2026-08-10T12:12:24.000Z,2026-08-10T12:12:24.902Z,local_bridge,Illustrator 28.5,Operation Suite 3.1,windows,SYNTHETIC,false,normal
exec_syn_001133,acct_demo_01,ws_prepress_a,dev_win_01,actor_demo_01,clean-vector-pro,3.6.0,CLEAN ART,success,,3867,2026-08-10T11:31:31.133Z,2026-08-10T11:31:35.000Z,2026-08-10T11:31:35.341Z,local_bridge,Illustrator 28.5,Operation Suite 3.1,windows,SYNTHETIC,false,normal
exec_syn_001134,acct_demo_01,ws_prepress_a,dev_win_01,actor_demo_01,sepmaker-pro,1.6.0,Apply,success,,11305,2026-08-10T15:32:57.695Z,2026-08-10T15:33:09.000Z,2026-08-10T15:33:10.110Z,local_bridge,Illustrator 28.5,Operation Suite 3.1,windows,SYNTHETIC,false,normal
exec_syn_001135,acct_demo_01,ws_prepress_b,dev_win_02,actor_demo_02,clean-vector-pro,3.6.0,CLEAN ART,success,,4012,2026-08-10T15:49:52.988Z,2026-08-10T15:49:57.000Z,2026-08-10T15:49:57.565Z,local_bridge,Illustrator 28.5,Operation Suite 3.1,windows,SYNTHETIC,false,normal
exec_syn_001136,acct_demo_01,ws_prepress_a,dev_win_01,actor_demo_01,clean-vector-pro,3.6.0,CLEAN ART,success,,4439,2026-08-10T16:25:35.561Z,2026-08-10T16:25:40.000Z,2026-08-10T16:25:40.720Z,local_bridge,Illustrator 28.5,Operation Suite 3.1,windows,SYNTHETIC,false,normal
exec_syn_001137,acct_demo_02,ws_finishing_a,dev_mac_01,actor_demo_03,sepmaker-pro,1.6.0,Apply,success,,9346,2026-08-11T15:14:05.654Z,2026-08-11T15:14:15.000Z,2026-08-11T15:14:16.414Z,local_bridge,Illustrator 29.0,Operation Suite 3.1,macos,SYNTHETIC,false,normal
exec_syn_001138,acct_demo_01,ws_prepress_b,dev_win_02,actor_demo_02,clean-vector-pro,3.6.0,CLEAN ART,cancelled,ACTION_CANCELLED,16582,2026-08-11T10:59:34.418Z,2026-08-11T10:59:51.000Z,2026-08-11T10:59:52.052Z,local_bridge,Illustrator 28.5,Operation Suite 3.1,windows,SYNTHETIC,true,duration_spike
exec_syn_001139,acct_demo_01,ws_prepress_a,dev_win_01,actor_demo_01,sepmaker-pro,1.6.0,Apply,success,,13258,2026-08-11T12:29:25.742Z,2026-08-11T12:29:39.000Z,2026-08-11T12:29:40.051Z,local_bridge,Illustrator 28.5,Operation Suite 3.1,windows,SYNTHETIC,false,normal
exec_syn_001140,acct_demo_01,ws_prepress_a,dev_win_01,actor_demo_01,sepmaker-pro,1.6.0,Apply,success,,13675,2026-08-11T17:21:58.325Z,2026-08-11T17:22:12.000Z,2026-08-11T17:22:12.584Z,local_bridge,Illustrator 28.5,Operation Suite 3.1,windows,SYNTHETIC,false,normal
exec_syn_001141,acct_demo_01,ws_prepress_a,dev_win_01,actor_demo_01,clean-vector-pro,3.6.0,CLEAN ART,success,,5015,2026-08-11T10:11:38.985Z,2026-08-11T10:11:44.000Z,2026-08-11T10:11:44.971Z,local_bridge,Illustrator 28.5,Operation Suite 3.1,windows,SYNTHETIC,false,normal
exec_syn_001142,acct_demo_03,ws_production_a,dev_win_03,actor_demo_04,sepmaker-pro,1.6.0,Apply,success,,9590,2026-08-11T08:39:39.410Z,2026-08-11T08:39:49.000Z,2026-08-11T08:39:50.197Z,local_bridge,Illustrator 28.5,Operation Suite 3.1,windows,SYNTHETIC,false,normal
exec_syn_001143,acct_demo_03,ws_production_a,dev_win_03,actor_demo_04,sepmaker-pro,1.6.0,Apply,success,,13394,2026-08-11T12:54:39.606Z,2026-08-11T12:54:53.000Z,2026-08-11T12:54:53.360Z,local_bridge,Illustrator 28.5,Operation Suite 3.1,windows,SYNTHETIC,false,normal
exec_syn_001144,acct_demo_02,ws_finishing_a,dev_mac_01,actor_demo_03,sepmaker-pro,1.6.0,Apply,failure,VALIDATION_FAILED,14523,2026-08-11T14:32:58.477Z,2026-08-11T14:33:13.000Z,2026-08-11T14:33:13.486Z,local_bridge,Illustrator 29.0,Operation Suite 3.1,macos,SYNTHETIC,false,normal
exec_syn_001145,acct_demo_01,ws_prepress_b,dev_win_02,actor_demo_02,sepmaker-pro,1.6.0,Apply,success,,9160,2026-08-11T09:29:07.840Z,2026-08-11T09:29:17.000Z,2026-08-11T09:29:17.476Z,local_bridge,Illustrator 28.5,Operation Suite 3.1,windows,SYNTHETIC,false,normal
exec_syn_001146,acct_demo_01,ws_prepress_a,dev_win_01,actor_demo_01,clean-vector-pro,3.6.0,CLEAN ART,success,,2914,2026-08-11T10:13:10.086Z,2026-08-11T10:13:13.000Z,2026-08-11T10:13:14.355Z,local_bridge,Illustrator 28.5,Operation Suite 3.1,windows,SYNTHETIC,false,normal
exec_syn_001147,acct_demo_01,ws_prepress_b,dev_win_02,actor_demo_02,sepmaker-pro,1.6.0,Apply,success,,9597,2026-08-11T09:09:49.403Z,2026-08-11T09:09:59.000Z,2026-08-11T09:09:59.313Z,local_bridge,Illustrator 28.5,Operation Suite 3.1,windows,SYNTHETIC,false,normal
exec_syn_001148,acct_demo_01,ws_prepress_a,dev_win_01,actor_demo_01,sepmaker-pro,1.6.0,Apply,success,,55630,2026-08-11T14:47:57.370Z,2026-08-11T14:48:53.000Z,2026-08-11T14:48:53.359Z,local_bridge,Illustrator 28.5,Operation Suite 3.1,windows,SYNTHETIC,true,duration_spike
exec_syn_001149,acct_demo_01,ws_prepress_a,dev_win_01,actor_demo_01,sepmaker-pro,1.6.0,Apply,success,,15494,2026-08-11T09:00:36.506Z,2026-08-11T09:00:52.000Z,2026-08-11T09:00:52.337Z,local_bridge,Illustrator 28.5,Operation Suite 3.1,windows,SYNTHETIC,false,normal
exec_syn_001150,acct_demo_03,ws_production_a,dev_win_03,actor_demo_04,sepmaker-pro,1.6.0,Apply,success,,16118,2026-08-11T09:02:21.882Z,2026-08-11T09:02:38.000Z,2026-08-11T09:02:39.128Z,local_bridge,Illustrator 28.5,Operation Suite 3.1,windows,SYNTHETIC,false,normal
exec_syn_001151,acct_demo_01,ws_prepress_b,dev_win_02,actor_demo_02,sepmaker-pro,1.6.0,Apply,success,,14457,2026-08-11T10:53:13.543Z,2026-08-11T10:53:28.000Z,2026-08-11T10:53:29.043Z,local_bridge,Illustrator 28.5,Operation Suite 3.1,windows,SYNTHETIC,false,normal
exec_syn_001152,acct_demo_03,ws_production_a,dev_win_03,actor_demo_04,clean-vector-pro,3.6.0,CLEAN ART,success,,4550,2026-08-11T09:15:51.450Z,2026-08-11T09:15:56.000Z,2026-08-11T09:15:56.425Z,local_bridge,Illustrator 28.5,Operation Suite 3.1,windows,SYNTHETIC,false,normal
exec_syn_001153,acct_demo_01,ws_prepress_b,dev_win_02,actor_demo_02,clean-vector-pro,3.6.0,CLEAN ART,success,,4928,2026-08-12T09:24:58.072Z,2026-08-12T09:25:03.000Z,2026-08-12T09:25:03.253Z,local_bridge,Illustrator 28.5,Operation Suite 3.1,windows,SYNTHETIC,false,normal
exec_syn_001154,acct_demo_03,ws_production_a,dev_win_03,actor_demo_04,sepmaker-pro,1.6.0,Apply,success,,13477,2026-08-12T16:36:43.523Z,2026-08-12T16:36:57.000Z,2026-08-12T16:36:58.472Z,local_bridge,Illustrator 28.5,Operation Suite 3.1,windows,SYNTHETIC,false,normal
exec_syn_001155,acct_demo_03,ws_production_a,dev_win_03,actor_demo_04,clean-vector-pro,3.6.0,CLEAN ART,success,,4662,2026-08-12T12:53:37.338Z,2026-08-12T12:53:42.000Z,2026-08-12T12:53:43.052Z,local_bridge,Illustrator 28.5,Operation Suite 3.1,windows,SYNTHETIC,false,normal
exec_syn_001156,acct_demo_01,ws_prepress_b,dev_win_02,actor_demo_02,clean-vector-pro,3.6.0,CLEAN ART,success,,5916,2026-08-12T12:32:25.084Z,2026-08-12T12:32:31.000Z,2026-08-12T12:32:32.390Z,local_bridge,Illustrator 28.5,Operation Suite 3.1,windows,SYNTHETIC,false,normal
exec_syn_001157,acct_demo_03,ws_production_a,dev_win_03,actor_demo_04,clean-vector-pro,3.6.0,CLEAN ART,success,,8242,2026-08-12T09:58:54.758Z,2026-08-12T09:59:03.000Z,2026-08-12T09:59:03.930Z,local_bridge,Illustrator 28.5,Operation Suite 3.1,windows,SYNTHETIC,false,normal
exec_syn_001158,acct_demo_02,ws_finishing_a,dev_mac_01,actor_demo_03,sepmaker-pro,1.6.0,Apply,success,,10493,2026-08-12T10:13:18.507Z,2026-08-12T10:13:29.000Z,2026-08-12T10:13:30.366Z,local_bridge,Illustrator 29.0,Operation Suite 3.1,macos,SYNTHETIC,false,normal
exec_syn_001159,acct_demo_03,ws_production_a,dev_win_03,actor_demo_04,sepmaker-pro,1.6.0,Apply,success,,3192,2026-08-12T10:59:07.808Z,2026-08-12T10:59:11.000Z,2026-08-12T10:59:11.344Z,local_bridge,Illustrator 28.5,Operation Suite 3.1,windows,SYNTHETIC,true,duration_drop
exec_syn_001160,acct_demo_01,ws_prepress_b,dev_win_02,actor_demo_02,sepmaker-pro,1.6.0,Apply,failure,PROCESSING_FAILED,10334,2026-08-12T13:26:54.666Z,2026-08-12T13:27:05.000Z,2026-08-12T13:27:05.499Z,local_bridge,Illustrator 28.5,Operation Suite 3.1,windows,SYNTHETIC,false,normal
exec_syn_001161,acct_demo_03,ws_production_a,dev_win_03,actor_demo_04,sepmaker-pro,1.6.0,Apply,success,,18365,2026-08-12T13:39:03.635Z,2026-08-12T13:39:22.000Z,2026-08-12T13:39:22.933Z,local_bridge,Illustrator 28.5,Operation Suite 3.1,windows,SYNTHETIC,false,normal
exec_syn_001162,acct_demo_01,ws_prepress_a,dev_win_01,actor_demo_01,clean-vector-pro,3.6.0,CLEAN ART,success,,4871,2026-08-12T13:54:05.129Z,2026-08-12T13:54:10.000Z,2026-08-12T13:54:10.582Z,local_bridge,Illustrator 28.5,Operation Suite 3.1,windows,SYNTHETIC,false,normal
exec_syn_001163,acct_demo_01,ws_prepress_a,dev_win_01,actor_demo_01,clean-vector-pro,3.6.0,CLEAN ART,success,,5467,2026-08-12T10:45:58.533Z,2026-08-12T10:46:04.000Z,2026-08-12T10:46:05.369Z,local_bridge,Illustrator 28.5,Operation Suite 3.1,windows,SYNTHETIC,false,normal
exec_syn_001164,acct_demo_01,ws_prepress_a,dev_win_01,actor_demo_01,clean-vector-pro,3.6.0,CLEAN ART,success,,5506,2026-08-12T14:10:52.494Z,2026-08-12T14:10:58.000Z,2026-08-12T14:10:59.326Z,local_bridge,Illustrator 28.5,Operation Suite 3.1,windows,SYNTHETIC,false,normal
exec_syn_001165,acct_demo_01,ws_prepress_a,dev_win_01,actor_demo_01,sepmaker-pro,1.6.0,Apply,success,,9053,2026-08-12T17:11:57.947Z,2026-08-12T17:12:07.000Z,2026-08-12T17:12:07.410Z,local_bridge,Illustrator 28.5,Operation Suite 3.1,windows,SYNTHETIC,false,normal
exec_syn_001166,acct_demo_01,ws_prepress_a,dev_win_01,actor_demo_01,sepmaker-pro,1.6.0,Apply,success,,13997,2026-08-12T10:34:52.003Z,2026-08-12T10:35:06.000Z,2026-08-12T10:35:07.026Z,local_bridge,Illustrator 28.5,Operation Suite 3.1,windows,SYNTHETIC,false,normal
exec_syn_001167,acct_demo_01,ws_prepress_b,dev_win_02,actor_demo_02,sepmaker-pro,1.6.0,Apply,failure,HOST_UNAVAILABLE,44698,2026-08-12T10:42:25.302Z,2026-08-12T10:43:10.000Z,2026-08-12T10:43:10.389Z,local_bridge,Illustrator 28.5,Operation Suite 3.1,windows,SYNTHETIC,true,duration_spike
exec_syn_001168,acct_demo_01,ws_prepress_a,dev_win_01,actor_demo_01,clean-vector-pro,3.6.0,CLEAN ART,cancelled,ACTION_CANCELLED,3442,2026-08-12T13:08:28.558Z,2026-08-12T13:08:32.000Z,2026-08-12T13:08:33.378Z,local_bridge,Illustrator 28.5,Operation Suite 3.1,windows,SYNTHETIC,false,normal
exec_syn_001169,acct_demo_02,ws_finishing_a,dev_mac_01,actor_demo_03,clean-vector-pro,3.6.0,CLEAN ART,success,,3164,2026-08-13T08:01:15.836Z,2026-08-13T08:01:19.000Z,2026-08-13T08:01:20.489Z,local_bridge,Illustrator 29.0,Operation Suite 3.1,macos,SYNTHETIC,false,normal
exec_syn_001170,acct_demo_02,ws_finishing_a,dev_mac_01,actor_demo_03,clean-vector-pro,3.6.0,CLEAN ART,success,,3667,2026-08-13T13:03:56.333Z,2026-08-13T13:04:00.000Z,2026-08-13T13:04:00.680Z,local_bridge,Illustrator 29.0,Operation Suite 3.1,macos,SYNTHETIC,false,normal
exec_syn_001171,acct_demo_02,ws_finishing_a,dev_mac_01,actor_demo_03,sepmaker-pro,1.6.0,Apply,success,,13770,2026-08-13T12:08:23.230Z,2026-08-13T12:08:37.000Z,2026-08-13T12:08:38.201Z,local_bridge,Illustrator 29.0,Operation Suite 3.1,macos,SYNTHETIC,false,normal
exec_syn_001172,acct_demo_01,ws_prepress_a,dev_win_01,actor_demo_01,clean-vector-pro,3.6.0,CLEAN ART,success,,5091,2026-08-13T09:20:10.909Z,2026-08-13T09:20:16.000Z,2026-08-13T09:20:16.343Z,local_bridge,Illustrator 28.5,Operation Suite 3.1,windows,SYNTHETIC,false,normal
exec_syn_001173,acct_demo_02,ws_finishing_a,dev_mac_01,actor_demo_03,sepmaker-pro,1.6.0,Apply,success,,12417,2026-08-13T16:55:58.583Z,2026-08-13T16:56:11.000Z,2026-08-13T16:56:11.600Z,local_bridge,Illustrator 29.0,Operation Suite 3.1,macos,SYNTHETIC,false,normal
exec_syn_001174,acct_demo_01,ws_prepress_a,dev_win_01,actor_demo_01,sepmaker-pro,1.6.0,Apply,success,,11895,2026-08-13T12:26:32.105Z,2026-08-13T12:26:44.000Z,2026-08-13T12:26:44.863Z,local_bridge,Illustrator 28.5,Operation Suite 3.1,windows,SYNTHETIC,false,normal
exec_syn_001175,acct_demo_01,ws_prepress_a,dev_win_01,actor_demo_01,sepmaker-pro,1.6.0,Apply,failure,DOCUMENT_UNAVAILABLE,8497,2026-08-13T11:31:40.503Z,2026-08-13T11:31:49.000Z,2026-08-13T11:31:49.409Z,local_bridge,Illustrator 28.5,Operation Suite 3.1,windows,SYNTHETIC,false,normal
exec_syn_001176,acct_demo_03,ws_production_a,dev_win_03,actor_demo_04,sepmaker-pro,1.6.0,Apply,success,,12150,2026-08-13T13:53:53.850Z,2026-08-13T13:54:06.000Z,2026-08-13T13:54:06.603Z,local_bridge,Illustrator 28.5,Operation Suite 3.1,windows,SYNTHETIC,false,normal
exec_syn_001177,acct_demo_01,ws_prepress_b,dev_win_02,actor_demo_02,clean-vector-pro,3.6.0,CLEAN ART,success,,4746,2026-08-13T12:39:33.254Z,2026-08-13T12:39:38.000Z,2026-08-13T12:39:39.290Z,local_bridge,Illustrator 28.5,Operation Suite 3.1,windows,SYNTHETIC,false,normal
exec_syn_001178,acct_demo_01,ws_prepress_b,dev_win_02,actor_demo_02,sepmaker-pro,1.6.0,Apply,success,,10970,2026-08-13T13:20:22.030Z,2026-08-13T13:20:33.000Z,2026-08-13T13:20:33.595Z,local_bridge,Illustrator 28.5,Operation Suite 3.1,windows,SYNTHETIC,false,normal
exec_syn_001179,acct_demo_03,ws_production_a,dev_win_03,actor_demo_04,sepmaker-pro,1.6.0,Apply,success,,13586,2026-08-13T11:28:50.414Z,2026-08-13T11:29:04.000Z,2026-08-13T11:29:04.530Z,local_bridge,Illustrator 28.5,Operation Suite 3.1,windows,SYNTHETIC,false,normal
exec_syn_001180,acct_demo_01,ws_prepress_a,dev_win_01,actor_demo_01,clean-vector-pro,3.6.0,CLEAN ART,success,,3961,2026-08-13T08:43:51.039Z,2026-08-13T08:43:55.000Z,2026-08-13T08:43:55.282Z,local_bridge,Illustrator 28.5,Operation Suite 3.1,windows,SYNTHETIC,false,normal
exec_syn_001181,acct_demo_03,ws_production_a,dev_win_03,actor_demo_04,clean-vector-pro,3.6.0,CLEAN ART,success,,4505,2026-08-13T15:46:22.495Z,2026-08-13T15:46:27.000Z,2026-08-13T15:46:27.697Z,local_bridge,Illustrator 28.5,Operation Suite 3.1,windows,SYNTHETIC,false,normal
exec_syn_001182,acct_demo_02,ws_finishing_a,dev_mac_01,actor_demo_03,clean-vector-pro,3.6.0,CLEAN ART,success,,3908,2026-08-13T10:18:59.092Z,2026-08-13T10:19:03.000Z,2026-08-13T10:19:04.027Z,local_bridge,Illustrator 29.0,Operation Suite 3.1,macos,SYNTHETIC,false,normal
exec_syn_001183,acct_demo_03,ws_production_a,dev_win_03,actor_demo_04,clean-vector-pro,3.6.0,CLEAN ART,success,,4798,2026-08-13T17:07:07.202Z,2026-08-13T17:07:12.000Z,2026-08-13T17:07:12.609Z,local_bridge,Illustrator 28.5,Operation Suite 3.1,windows,SYNTHETIC,false,normal
exec_syn_001184,acct_demo_03,ws_production_a,dev_win_03,actor_demo_04,sepmaker-pro,1.6.0,Apply,success,,11838,2026-08-13T10:17:56.162Z,2026-08-13T10:18:08.000Z,2026-08-13T10:18:08.853Z,local_bridge,Illustrator 28.5,Operation Suite 3.1,windows,SYNTHETIC,false,normal
exec_syn_001185,acct_demo_03,ws_production_a,dev_win_03,actor_demo_04,sepmaker-pro,1.6.0,Apply,success,,18735,2026-08-14T08:47:36.265Z,2026-08-14T08:47:55.000Z,2026-08-14T08:47:55.995Z,local_bridge,Illustrator 28.5,Operation Suite 3.1,windows,SYNTHETIC,false,normal
exec_syn_001186,acct_demo_02,ws_finishing_a,dev_mac_01,actor_demo_03,clean-vector-pro,3.6.0,CLEAN ART,success,,4075,2026-08-14T12:24:52.925Z,2026-08-14T12:24:57.000Z,2026-08-14T12:24:58.325Z,local_bridge,Illustrator 29.0,Operation Suite 3.1,macos,SYNTHETIC,false,normal
exec_syn_001187,acct_demo_03,ws_production_a,dev_win_03,actor_demo_04,clean-vector-pro,3.6.0,CLEAN ART,success,,6888,2026-08-14T14:44:47.112Z,2026-08-14T14:44:54.000Z,2026-08-14T14:44:54.257Z,local_bridge,Illustrator 28.5,Operation Suite 3.1,windows,SYNTHETIC,false,normal
exec_syn_001188,acct_demo_01,ws_prepress_a,dev_win_01,actor_demo_01,sepmaker-pro,1.6.0,Apply,success,,9661,2026-08-14T13:52:03.339Z,2026-08-14T13:52:13.000Z,2026-08-14T13:52:14.464Z,local_bridge,Illustrator 28.5,Operation Suite 3.1,windows,SYNTHETIC,false,normal
exec_syn_001189,acct_demo_03,ws_production_a,dev_win_03,actor_demo_04,clean-vector-pro,3.6.0,CLEAN ART,success,,4515,2026-08-14T13:38:44.485Z,2026-08-14T13:38:49.000Z,2026-08-14T13:38:49.311Z,local_bridge,Illustrator 28.5,Operation Suite 3.1,windows,SYNTHETIC,false,normal
exec_syn_001190,acct_demo_03,ws_production_a,dev_win_03,actor_demo_04,sepmaker-pro,1.6.0,Apply,success,,61466,2026-08-14T13:33:32.534Z,2026-08-14T13:34:34.000Z,2026-08-14T13:34:35.244Z,local_bridge,Illustrator 28.5,Operation Suite 3.1,windows,SYNTHETIC,true,duration_spike
exec_syn_001191,acct_demo_01,ws_prepress_a,dev_win_01,actor_demo_01,clean-vector-pro,3.6.0,CLEAN ART,success,,4768,2026-08-14T13:06:52.232Z,2026-08-14T13:06:57.000Z,2026-08-14T13:06:58.215Z,local_bridge,Illustrator 28.5,Operation Suite 3.1,windows,SYNTHETIC,false,normal
exec_syn_001192,acct_demo_03,ws_production_a,dev_win_03,actor_demo_04,sepmaker-pro,1.6.0,Apply,success,,10487,2026-08-14T16:38:02.513Z,2026-08-14T16:38:13.000Z,2026-08-14T16:38:13.997Z,local_bridge,Illustrator 28.5,Operation Suite 3.1,windows,SYNTHETIC,false,normal
exec_syn_001193,acct_demo_02,ws_finishing_a,dev_mac_01,actor_demo_03,sepmaker-pro,1.6.0,Apply,success,,7869,2026-08-14T13:04:43.131Z,2026-08-14T13:04:51.000Z,2026-08-14T13:04:51.816Z,local_bridge,Illustrator 29.0,Operation Suite 3.1,macos,SYNTHETIC,false,normal
exec_syn_001194,acct_demo_01,ws_prepress_b,dev_win_02,actor_demo_02,sepmaker-pro,1.6.0,Apply,success,,11465,2026-08-14T13:34:19.535Z,2026-08-14T13:34:31.000Z,2026-08-14T13:34:31.774Z,local_bridge,Illustrator 28.5,Operation Suite 3.1,windows,SYNTHETIC,false,normal
exec_syn_001195,acct_demo_02,ws_finishing_a,dev_mac_01,actor_demo_03,clean-vector-pro,3.6.0,CLEAN ART,success,,4292,2026-08-14T14:01:54.708Z,2026-08-14T14:01:59.000Z,2026-08-14T14:01:59.820Z,local_bridge,Illustrator 29.0,Operation Suite 3.1,macos,SYNTHETIC,false,normal
exec_syn_001196,acct_demo_03,ws_production_a,dev_win_03,actor_demo_04,sepmaker-pro,1.6.0,Apply,success,,10104,2026-08-14T09:45:44.896Z,2026-08-14T09:45:55.000Z,2026-08-14T09:45:55.388Z,local_bridge,Illustrator 28.5,Operation Suite 3.1,windows,SYNTHETIC,false,normal
exec_syn_001197,acct_demo_02,ws_finishing_a,dev_mac_01,actor_demo_03,clean-vector-pro,3.6.0,CLEAN ART,success,,4386,2026-08-14T08:00:33.614Z,2026-08-14T08:00:38.000Z,2026-08-14T08:00:39.496Z,local_bridge,Illustrator 29.0,Operation Suite 3.1,macos,SYNTHETIC,false,normal
exec_syn_001198,acct_demo_01,ws_prepress_b,dev_win_02,actor_demo_02,clean-vector-pro,3.6.0,CLEAN ART,success,,6907,2026-08-14T11:13:35.093Z,2026-08-14T11:13:42.000Z,2026-08-14T11:13:42.658Z,local_bridge,Illustrator 28.5,Operation Suite 3.1,windows,SYNTHETIC,false,normal
exec_syn_001199,acct_demo_03,ws_production_a,dev_win_03,actor_demo_04,sepmaker-pro,1.6.0,Apply,success,,16004,2026-08-14T13:28:05.996Z,2026-08-14T13:28:22.000Z,2026-08-14T13:28:22.335Z,local_bridge,Illustrator 28.5,Operation Suite 3.1,windows,SYNTHETIC,false,normal
exec_syn_001200,acct_demo_01,ws_prepress_b,dev_win_02,actor_demo_02,sepmaker-pro,1.6.0,Apply,success,,9049,2026-08-14T14:21:52.951Z,2026-08-14T14:22:02.000Z,2026-08-14T14:22:03.291Z,local_bridge,Illustrator 28.5,Operation Suite 3.1,windows,SYNTHETIC,false,normal
exec_syn_001201,acct_demo_02,ws_finishing_a,dev_mac_01,actor_demo_03,sepmaker-pro,1.6.0,Apply,success,,13541,2026-08-15T15:37:42.459Z,2026-08-15T15:37:56.000Z,2026-08-15T15:37:56.740Z,local_bridge,Illustrator 29.0,Operation Suite 3.1,macos,SYNTHETIC,false,normal
exec_syn_001202,acct_demo_03,ws_production_a,dev_win_03,actor_demo_04,sepmaker-pro,1.6.0,Apply,success,,11262,2026-08-15T15:45:14.738Z,2026-08-15T15:45:26.000Z,2026-08-15T15:45:27.319Z,local_bridge,Illustrator 28.5,Operation Suite 3.1,windows,SYNTHETIC,false,normal
exec_syn_001203,acct_demo_03,ws_production_a,dev_win_03,actor_demo_04,clean-vector-pro,3.6.0,CLEAN ART,success,,9704,2026-08-15T11:38:38.296Z,2026-08-15T11:38:48.000Z,2026-08-15T11:38:49.200Z,local_bridge,Illustrator 28.5,Operation Suite 3.1,windows,SYNTHETIC,true,duration_spike
exec_syn_001204,acct_demo_03,ws_production_a,dev_win_03,actor_demo_04,clean-vector-pro,3.6.0,CLEAN ART,success,,4793,2026-08-15T11:59:15.207Z,2026-08-15T11:59:20.000Z,2026-08-15T11:59:21.446Z,local_bridge,Illustrator 28.5,Operation Suite 3.1,windows,SYNTHETIC,false,normal
exec_syn_001205,acct_demo_03,ws_production_a,dev_win_03,actor_demo_04,sepmaker-pro,1.6.0,Apply,success,,16433,2026-08-15T14:35:26.567Z,2026-08-15T14:35:43.000Z,2026-08-15T14:35:43.664Z,local_bridge,Illustrator 28.5,Operation Suite 3.1,windows,SYNTHETIC,false,normal
exec_syn_001206,acct_demo_01,ws_prepress_a,dev_win_01,actor_demo_01,sepmaker-pro,1.6.0,Apply,failure,VALIDATION_FAILED,9601,2026-08-15T11:47:23.399Z,2026-08-15T11:47:33.000Z,2026-08-15T11:47:34.455Z,local_bridge,Illustrator 28.5,Operation Suite 3.1,windows,SYNTHETIC,false,normal
exec_syn_001207,acct_demo_03,ws_production_a,dev_win_03,actor_demo_04,sepmaker-pro,1.6.0,Apply,success,,8575,2026-08-15T10:00:45.425Z,2026-08-15T10:00:54.000Z,2026-08-15T10:00:54.945Z,local_bridge,Illustrator 28.5,Operation Suite 3.1,windows,SYNTHETIC,false,normal
exec_syn_001208,acct_demo_01,ws_prepress_b,dev_win_02,actor_demo_02,sepmaker-pro,1.6.0,Apply,success,,8727,2026-08-15T10:25:58.273Z,2026-08-15T10:26:07.000Z,2026-08-15T10:26:08.087Z,local_bridge,Illustrator 28.5,Operation Suite 3.1,windows,SYNTHETIC,false,normal
exec_syn_001209,acct_demo_01,ws_prepress_a,dev_win_01,actor_demo_01,clean-vector-pro,3.6.0,CLEAN ART,success,,3614,2026-08-15T10:14:50.386Z,2026-08-15T10:14:54.000Z,2026-08-15T10:14:54.805Z,local_bridge,Illustrator 28.5,Operation Suite 3.1,windows,SYNTHETIC,false,normal
exec_syn_001210,acct_demo_03,ws_production_a,dev_win_03,actor_demo_04,sepmaker-pro,1.6.0,Apply,success,,11439,2026-08-15T15:36:13.561Z,2026-08-15T15:36:25.000Z,2026-08-15T15:36:25.821Z,local_bridge,Illustrator 28.5,Operation Suite 3.1,windows,SYNTHETIC,false,normal
exec_syn_001211,acct_demo_02,ws_finishing_a,dev_mac_01,actor_demo_03,sepmaker-pro,1.6.0,Apply,success,,14866,2026-08-15T14:02:50.134Z,2026-08-15T14:03:05.000Z,2026-08-15T14:03:05.939Z,local_bridge,Illustrator 29.0,Operation Suite 3.1,macos,SYNTHETIC,false,normal
exec_syn_001212,acct_demo_02,ws_finishing_a,dev_mac_01,actor_demo_03,sepmaker-pro,1.6.0,Apply,success,,10481,2026-08-15T12:31:55.519Z,2026-08-15T12:32:06.000Z,2026-08-15T12:32:07.021Z,local_bridge,Illustrator 29.0,Operation Suite 3.1,macos,SYNTHETIC,false,normal
exec_syn_001213,acct_demo_03,ws_production_a,dev_win_03,actor_demo_04,sepmaker-pro,1.6.0,Apply,success,,13051,2026-08-15T13:56:36.949Z,2026-08-15T13:56:50.000Z,2026-08-15T13:56:51.463Z,local_bridge,Illustrator 28.5,Operation Suite 3.1,windows,SYNTHETIC,false,normal
exec_syn_001214,acct_demo_01,ws_prepress_a,dev_win_01,actor_demo_01,clean-vector-pro,3.6.0,CLEAN ART,success,,4390,2026-08-15T13:33:19.610Z,2026-08-15T13:33:24.000Z,2026-08-15T13:33:25.048Z,local_bridge,Illustrator 28.5,Operation Suite 3.1,windows,SYNTHETIC,false,normal
exec_syn_001215,acct_demo_01,ws_prepress_b,dev_win_02,actor_demo_02,clean-vector-pro,3.6.0,CLEAN ART,success,,4225,2026-08-15T12:51:04.775Z,2026-08-15T12:51:09.000Z,2026-08-15T12:51:10.139Z,local_bridge,Illustrator 28.5,Operation Suite 3.1,windows,SYNTHETIC,false,normal
exec_syn_001216,acct_demo_01,ws_prepress_b,dev_win_02,actor_demo_02,clean-vector-pro,3.6.0,CLEAN ART,success,,8361,2026-08-15T12:45:05.639Z,2026-08-15T12:45:14.000Z,2026-08-15T12:45:15.448Z,local_bridge,Illustrator 28.5,Operation Suite 3.1,windows,SYNTHETIC,false,normal
exec_syn_001217,acct_demo_03,ws_production_a,dev_win_03,actor_demo_04,clean-vector-pro,3.6.0,CLEAN ART,success,,6861,2026-08-16T12:05:00.139Z,2026-08-16T12:05:07.000Z,2026-08-16T12:05:07.713Z,local_bridge,Illustrator 28.5,Operation Suite 3.1,windows,SYNTHETIC,false,normal
exec_syn_001218,acct_demo_01,ws_prepress_a,dev_win_01,actor_demo_01,sepmaker-pro,1.6.0,Apply,success,,12952,2026-08-16T15:39:29.048Z,2026-08-16T15:39:42.000Z,2026-08-16T15:39:42.611Z,local_bridge,Illustrator 28.5,Operation Suite 3.1,windows,SYNTHETIC,false,normal
exec_syn_001219,acct_demo_01,ws_prepress_b,dev_win_02,actor_demo_02,clean-vector-pro,3.6.0,CLEAN ART,success,,6700,2026-08-16T14:37:34.300Z,2026-08-16T14:37:41.000Z,2026-08-16T14:37:41.886Z,local_bridge,Illustrator 28.5,Operation Suite 3.1,windows,SYNTHETIC,false,normal
exec_syn_001220,acct_demo_01,ws_prepress_a,dev_win_01,actor_demo_01,clean-vector-pro,3.6.0,CLEAN ART,success,,4077,2026-08-16T13:20:25.923Z,2026-08-16T13:20:30.000Z,2026-08-16T13:20:31.155Z,local_bridge,Illustrator 28.5,Operation Suite 3.1,windows,SYNTHETIC,false,normal
exec_syn_001221,acct_demo_01,ws_prepress_b,dev_win_02,actor_demo_02,clean-vector-pro,3.6.0,CLEAN ART,success,,3902,2026-08-16T11:10:03.098Z,2026-08-16T11:10:07.000Z,2026-08-16T11:10:07.480Z,local_bridge,Illustrator 28.5,Operation Suite 3.1,windows,SYNTHETIC,false,normal
exec_syn_001222,acct_demo_01,ws_prepress_b,dev_win_02,actor_demo_02,clean-vector-pro,3.6.0,CLEAN ART,success,,8328,2026-08-16T11:40:46.672Z,2026-08-16T11:40:55.000Z,2026-08-16T11:40:56.220Z,local_bridge,Illustrator 28.5,Operation Suite 3.1,windows,SYNTHETIC,false,normal
exec_syn_001223,acct_demo_03,ws_production_a,dev_win_03,actor_demo_04,sepmaker-pro,1.6.0,Apply,success,,12037,2026-08-16T15:31:29.963Z,2026-08-16T15:31:42.000Z,2026-08-16T15:31:42.854Z,local_bridge,Illustrator 28.5,Operation Suite 3.1,windows,SYNTHETIC,false,normal
exec_syn_001224,acct_demo_02,ws_finishing_a,dev_mac_01,actor_demo_03,sepmaker-pro,1.6.0,Apply,success,,32524,2026-08-16T12:57:43.476Z,2026-08-16T12:58:16.000Z,2026-08-16T12:58:17.316Z,local_bridge,Illustrator 29.0,Operation Suite 3.1,macos,SYNTHETIC,true,duration_spike
exec_syn_001225,acct_demo_01,ws_prepress_a,dev_win_01,actor_demo_01,sepmaker-pro,1.6.0,Apply,success,,10862,2026-08-16T12:12:11.138Z,2026-08-16T12:12:22.000Z,2026-08-16T12:12:22.348Z,local_bridge,Illustrator 28.5,Operation Suite 3.1,windows,SYNTHETIC,false,normal
exec_syn_001226,acct_demo_01,ws_prepress_b,dev_win_02,actor_demo_02,sepmaker-pro,1.6.0,Apply,success,,13025,2026-08-16T15:04:01.975Z,2026-08-16T15:04:15.000Z,2026-08-16T15:04:15.312Z,local_bridge,Illustrator 28.5,Operation Suite 3.1,windows,SYNTHETIC,false,normal
exec_syn_001227,acct_demo_03,ws_production_a,dev_win_03,actor_demo_04,sepmaker-pro,1.6.0,Apply,success,,8924,2026-08-16T13:23:01.076Z,2026-08-16T13:23:10.000Z,2026-08-16T13:23:10.385Z,local_bridge,Illustrator 28.5,Operation Suite 3.1,windows,SYNTHETIC,false,normal
exec_syn_001228,acct_demo_01,ws_prepress_a,dev_win_01,actor_demo_01,sepmaker-pro,1.6.0,Apply,success,,11856,2026-08-16T13:34:03.144Z,2026-08-16T13:34:15.000Z,2026-08-16T13:34:16.226Z,local_bridge,Illustrator 28.5,Operation Suite 3.1,windows,SYNTHETIC,false,normal
exec_syn_001229,acct_demo_01,ws_prepress_a,dev_win_01,actor_demo_01,sepmaker-pro,1.6.0,Apply,failure,HOST_UNAVAILABLE,10239,2026-08-16T12:13:35.761Z,2026-08-16T12:13:46.000Z,2026-08-16T12:13:46.370Z,local_bridge,Illustrator 28.5,Operation Suite 3.1,windows,SYNTHETIC,false,normal
exec_syn_001230,acct_demo_02,ws_finishing_a,dev_mac_01,actor_demo_03,sepmaker-pro,1.6.0,Apply,success,,10565,2026-08-16T13:01:28.435Z,2026-08-16T13:01:39.000Z,2026-08-16T13:01:39.752Z,local_bridge,Illustrator 29.0,Operation Suite 3.1,macos,SYNTHETIC,false,normal
exec_syn_001231,acct_demo_03,ws_production_a,dev_win_03,actor_demo_04,sepmaker-pro,1.6.0,Apply,success,,13371,2026-08-16T13:02:40.629Z,2026-08-16T13:02:54.000Z,2026-08-16T13:02:54.986Z,local_bridge,Illustrator 28.5,Operation Suite 3.1,windows,SYNTHETIC,false,normal
exec_syn_001232,acct_demo_01,ws_prepress_a,dev_win_01,actor_demo_01,clean-vector-pro,3.6.0,CLEAN ART,success,,3803,2026-08-16T12:48:36.197Z,2026-08-16T12:48:40.000Z,2026-08-16T12:48:41.423Z,local_bridge,Illustrator 28.5,Operation Suite 3.1,windows,SYNTHETIC,false,normal
exec_syn_001233,acct_demo_01,ws_prepress_a,dev_win_01,actor_demo_01,sepmaker-pro,1.6.0,Apply,success,,9708,2026-08-17T09:17:46.292Z,2026-08-17T09:17:56.000Z,2026-08-17T09:17:56.539Z,local_bridge,Illustrator 28.5,Operation Suite 3.1,windows,SYNTHETIC,false,normal
exec_syn_001234,acct_demo_01,ws_prepress_a,dev_win_01,actor_demo_01,clean-vector-pro,3.6.0,CLEAN ART,success,,4181,2026-08-17T16:30:15.819Z,2026-08-17T16:30:20.000Z,2026-08-17T16:30:21.178Z,local_bridge,Illustrator 28.5,Operation Suite 3.1,windows,SYNTHETIC,false,normal
exec_syn_001235,acct_demo_01,ws_prepress_b,dev_win_02,actor_demo_02,clean-vector-pro,3.6.0,CLEAN ART,success,,5181,2026-08-17T13:15:22.819Z,2026-08-17T13:15:28.000Z,2026-08-17T13:15:28.782Z,local_bridge,Illustrator 28.5,Operation Suite 3.1,windows,SYNTHETIC,false,normal
exec_syn_001236,acct_demo_01,ws_prepress_a,dev_win_01,actor_demo_01,sepmaker-pro,1.6.0,Apply,success,,12623,2026-08-17T15:37:31.377Z,2026-08-17T15:37:44.000Z,2026-08-17T15:37:44.977Z,local_bridge,Illustrator 28.5,Operation Suite 3.1,windows,SYNTHETIC,false,normal
exec_syn_001237,acct_demo_01,ws_prepress_b,dev_win_02,actor_demo_02,sepmaker-pro,1.6.0,Apply,success,,19323,2026-08-17T12:33:02.677Z,2026-08-17T12:33:22.000Z,2026-08-17T12:33:22.278Z,local_bridge,Illustrator 28.5,Operation Suite 3.1,windows,SYNTHETIC,false,normal
exec_syn_001238,acct_demo_03,ws_production_a,dev_win_03,actor_demo_04,sepmaker-pro,1.6.0,Apply,success,,11607,2026-08-17T17:01:44.393Z,2026-08-17T17:01:56.000Z,2026-08-17T17:01:57.108Z,local_bridge,Illustrator 28.5,Operation Suite 3.1,windows,SYNTHETIC,false,normal
exec_syn_001239,acct_demo_03,ws_production_a,dev_win_03,actor_demo_04,sepmaker-pro,1.6.0,Apply,success,,9684,2026-08-17T17:01:17.316Z,2026-08-17T17:01:27.000Z,2026-08-17T17:01:28.265Z,local_bridge,Illustrator 28.5,Operation Suite 3.1,windows,SYNTHETIC,false,normal
exec_syn_001240,acct_demo_03,ws_production_a,dev_win_03,actor_demo_04,sepmaker-pro,1.6.0,Apply,success,,15098,2026-08-17T09:37:28.902Z,2026-08-17T09:37:44.000Z,2026-08-17T09:37:45.377Z,local_bridge,Illustrator 28.5,Operation Suite 3.1,windows,SYNTHETIC,false,normal
exec_syn_001241,acct_demo_01,ws_prepress_b,dev_win_02,actor_demo_02,sepmaker-pro,1.6.0,Apply,success,,17167,2026-08-17T15:10:01.833Z,2026-08-17T15:10:19.000Z,2026-08-17T15:10:20.359Z,local_bridge,Illustrator 28.5,Operation Suite 3.1,windows,SYNTHETIC,false,normal
exec_syn_001242,acct_demo_03,ws_production_a,dev_win_03,actor_demo_04,clean-vector-pro,3.6.0,CLEAN ART,success,,4130,2026-08-17T16:10:54.870Z,2026-08-17T16:10:59.000Z,2026-08-17T16:11:00.152Z,local_bridge,Illustrator 28.5,Operation Suite 3.1,windows,SYNTHETIC,false,normal
exec_syn_001243,acct_demo_03,ws_production_a,dev_win_03,actor_demo_04,clean-vector-pro,3.6.0,CLEAN ART,success,,5520,2026-08-17T15:59:24.480Z,2026-08-17T15:59:30.000Z,2026-08-17T15:59:30.956Z,local_bridge,Illustrator 28.5,Operation Suite 3.1,windows,SYNTHETIC,false,normal
exec_syn_001244,acct_demo_01,ws_prepress_a,dev_win_01,actor_demo_01,sepmaker-pro,1.6.0,Apply,success,,11939,2026-08-17T14:38:40.061Z,2026-08-17T14:38:52.000Z,2026-08-17T14:38:53.283Z,local_bridge,Illustrator 28.5,Operation Suite 3.1,windows,SYNTHETIC,false,normal
exec_syn_001245,acct_demo_01,ws_prepress_b,dev_win_02,actor_demo_02,sepmaker-pro,1.6.0,Apply,success,,13829,2026-08-17T10:36:30.171Z,2026-08-17T10:36:44.000Z,2026-08-17T10:36:45.359Z,local_bridge,Illustrator 28.5,Operation Suite 3.1,windows,SYNTHETIC,false,normal
exec_syn_001246,acct_demo_02,ws_finishing_a,dev_mac_01,actor_demo_03,sepmaker-pro,1.6.0,Apply,success,,15884,2026-08-17T12:35:28.116Z,2026-08-17T12:35:44.000Z,2026-08-17T12:35:44.545Z,local_bridge,Illustrator 29.0,Operation Suite 3.1,macos,SYNTHETIC,false,normal
exec_syn_001247,acct_demo_03,ws_production_a,dev_win_03,actor_demo_04,sepmaker-pro,1.6.0,Apply,success,,14383,2026-08-17T12:11:44.617Z,2026-08-17T12:11:59.000Z,2026-08-17T12:11:59.885Z,local_bridge,Illustrator 28.5,Operation Suite 3.1,windows,SYNTHETIC,false,normal
exec_syn_001248,acct_demo_03,ws_production_a,dev_win_03,actor_demo_04,clean-vector-pro,3.6.0,CLEAN ART,success,,3698,2026-08-17T15:46:16.302Z,2026-08-17T15:46:20.000Z,2026-08-17T15:46:20.897Z,local_bridge,Illustrator 28.5,Operation Suite 3.1,windows,SYNTHETIC,false,normal
exec_syn_001249,acct_demo_01,ws_prepress_a,dev_win_01,actor_demo_01,clean-vector-pro,3.6.0,CLEAN ART,success,,3835,2026-08-18T11:32:44.165Z,2026-08-18T11:32:48.000Z,2026-08-18T11:32:48.774Z,local_bridge,Illustrator 28.5,Operation Suite 3.1,windows,SYNTHETIC,false,normal
exec_syn_001250,acct_demo_02,ws_finishing_a,dev_mac_01,actor_demo_03,sepmaker-pro,1.6.0,Apply,failure,DOCUMENT_UNAVAILABLE,10939,2026-08-18T15:04:32.061Z,2026-08-18T15:04:43.000Z,2026-08-18T15:04:43.319Z,local_bridge,Illustrator 29.0,Operation Suite 3.1,macos,SYNTHETIC,false,normal
exec_syn_001251,acct_demo_03,ws_production_a,dev_win_03,actor_demo_04,sepmaker-pro,1.6.0,Apply,success,,18640,2026-08-18T13:46:37.360Z,2026-08-18T13:46:56.000Z,2026-08-18T13:46:56.654Z,local_bridge,Illustrator 28.5,Operation Suite 3.1,windows,SYNTHETIC,false,normal
exec_syn_001252,acct_demo_02,ws_finishing_a,dev_mac_01,actor_demo_03,clean-vector-pro,3.6.0,CLEAN ART,success,,4402,2026-08-18T11:00:31.598Z,2026-08-18T11:00:36.000Z,2026-08-18T11:00:37.160Z,local_bridge,Illustrator 29.0,Operation Suite 3.1,macos,SYNTHETIC,false,normal
exec_syn_001253,acct_demo_02,ws_finishing_a,dev_mac_01,actor_demo_03,sepmaker-pro,1.6.0,Apply,success,,34580,2026-08-18T17:53:29.420Z,2026-08-18T17:54:04.000Z,2026-08-18T17:54:04.345Z,local_bridge,Illustrator 29.0,Operation Suite 3.1,macos,SYNTHETIC,true,duration_spike
exec_syn_001254,acct_demo_01,ws_prepress_b,dev_win_02,actor_demo_02,sepmaker-pro,1.6.0,Apply,success,,10473,2026-08-18T13:06:59.527Z,2026-08-18T13:07:10.000Z,2026-08-18T13:07:10.251Z,local_bridge,Illustrator 28.5,Operation Suite 3.1,windows,SYNTHETIC,false,normal
exec_syn_001255,acct_demo_01,ws_prepress_a,dev_win_01,actor_demo_01,sepmaker-pro,1.6.0,Apply,cancelled,ACTION_CANCELLED,11256,2026-08-18T15:39:25.744Z,2026-08-18T15:39:37.000Z,2026-08-18T15:39:38.475Z,local_bridge,Illustrator 28.5,Operation Suite 3.1,windows,SYNTHETIC,false,normal
exec_syn_001256,acct_demo_03,ws_production_a,dev_win_03,actor_demo_04,clean-vector-pro,3.6.0,CLEAN ART,success,,3949,2026-08-18T14:26:58.051Z,2026-08-18T14:27:02.000Z,2026-08-18T14:27:03.132Z,local_bridge,Illustrator 28.5,Operation Suite 3.1,windows,SYNTHETIC,false,normal
exec_syn_001257,acct_demo_01,ws_prepress_a,dev_win_01,actor_demo_01,sepmaker-pro,1.6.0,Apply,success,,54699,2026-08-18T14:23:08.301Z,2026-08-18T14:24:03.000Z,2026-08-18T14:24:04.364Z,local_bridge,Illustrator 28.5,Operation Suite 3.1,windows,SYNTHETIC,true,duration_spike
exec_syn_001258,acct_demo_01,ws_prepress_a,dev_win_01,actor_demo_01,sepmaker-pro,1.6.0,Apply,success,,8732,2026-08-18T14:40:57.268Z,2026-08-18T14:41:06.000Z,2026-08-18T14:41:06.530Z,local_bridge,Illustrator 28.5,Operation Suite 3.1,windows,SYNTHETIC,false,normal
exec_syn_001259,acct_demo_01,ws_prepress_b,dev_win_02,actor_demo_02,sepmaker-pro,1.6.0,Apply,success,,14753,2026-08-18T13:33:38.247Z,2026-08-18T13:33:53.000Z,2026-08-18T13:33:54.131Z,local_bridge,Illustrator 28.5,Operation Suite 3.1,windows,SYNTHETIC,false,normal
exec_syn_001260,acct_demo_01,ws_prepress_a,dev_win_01,actor_demo_01,sepmaker-pro,1.6.0,Apply,success,,10456,2026-08-18T12:37:11.544Z,2026-08-18T12:37:22.000Z,2026-08-18T12:37:22.450Z,local_bridge,Illustrator 28.5,Operation Suite 3.1,windows,SYNTHETIC,false,normal
exec_syn_001261,acct_demo_03,ws_production_a,dev_win_03,actor_demo_04,sepmaker-pro,1.6.0,Apply,success,,8911,2026-08-18T12:06:57.089Z,2026-08-18T12:07:06.000Z,2026-08-18T12:07:07.229Z,local_bridge,Illustrator 28.5,Operation Suite 3.1,windows,SYNTHETIC,false,normal
exec_syn_001262,acct_demo_01,ws_prepress_a,dev_win_01,actor_demo_01,sepmaker-pro,1.6.0,Apply,success,,35877,2026-08-18T08:10:07.123Z,2026-08-18T08:10:43.000Z,2026-08-18T08:10:43.413Z,local_bridge,Illustrator 28.5,Operation Suite 3.1,windows,SYNTHETIC,true,duration_spike
exec_syn_001263,acct_demo_01,ws_prepress_b,dev_win_02,actor_demo_02,clean-vector-pro,3.6.0,CLEAN ART,failure,PROCESSING_FAILED,3438,2026-08-18T13:25:57.562Z,2026-08-18T13:26:01.000Z,2026-08-18T13:26:02.385Z,local_bridge,Illustrator 28.5,Operation Suite 3.1,windows,SYNTHETIC,false,normal
exec_syn_001264,acct_demo_01,ws_prepress_a,dev_win_01,actor_demo_01,sepmaker-pro,1.6.0,Apply,success,,10650,2026-08-18T14:49:13.350Z,2026-08-18T14:49:24.000Z,2026-08-18T14:49:24.301Z,local_bridge,Illustrator 28.5,Operation Suite 3.1,windows,SYNTHETIC,false,normal
exec_syn_001265,acct_demo_01,ws_prepress_a,dev_win_01,actor_demo_01,sepmaker-pro,1.6.0,Apply,success,,12207,2026-08-19T11:55:14.793Z,2026-08-19T11:55:27.000Z,2026-08-19T11:55:27.339Z,local_bridge,Illustrator 28.5,Operation Suite 3.1,windows,SYNTHETIC,false,normal
exec_syn_001266,acct_demo_03,ws_production_a,dev_win_03,actor_demo_04,clean-vector-pro,3.6.0,CLEAN ART,success,,5946,2026-08-19T16:40:12.054Z,2026-08-19T16:40:18.000Z,2026-08-19T16:40:18.658Z,local_bridge,Illustrator 28.5,Operation Suite 3.1,windows,SYNTHETIC,false,normal
exec_syn_001267,acct_demo_02,ws_finishing_a,dev_mac_01,actor_demo_03,sepmaker-pro,1.6.0,Apply,success,,10162,2026-08-19T08:12:16.838Z,2026-08-19T08:12:27.000Z,2026-08-19T08:12:27.755Z,local_bridge,Illustrator 29.0,Operation Suite 3.1,macos,SYNTHETIC,false,normal
exec_syn_001268,acct_demo_03,ws_production_a,dev_win_03,actor_demo_04,sepmaker-pro,1.6.0,Apply,success,,17857,2026-08-19T14:21:04.143Z,2026-08-19T14:21:22.000Z,2026-08-19T14:21:22.881Z,local_bridge,Illustrator 28.5,Operation Suite 3.1,windows,SYNTHETIC,false,normal
exec_syn_001269,acct_demo_01,ws_prepress_a,dev_win_01,actor_demo_01,clean-vector-pro,3.6.0,CLEAN ART,success,,3895,2026-08-19T11:27:53.105Z,2026-08-19T11:27:57.000Z,2026-08-19T11:27:57.566Z,local_bridge,Illustrator 28.5,Operation Suite 3.1,windows,SYNTHETIC,false,normal
exec_syn_001270,acct_demo_01,ws_prepress_b,dev_win_02,actor_demo_02,sepmaker-pro,1.6.0,Apply,success,,8550,2026-08-19T17:16:55.450Z,2026-08-19T17:17:04.000Z,2026-08-19T17:17:05.171Z,local_bridge,Illustrator 28.5,Operation Suite 3.1,windows,SYNTHETIC,false,normal
exec_syn_001271,acct_demo_02,ws_finishing_a,dev_mac_01,actor_demo_03,sepmaker-pro,1.6.0,Apply,success,,9458,2026-08-19T08:22:37.542Z,2026-08-19T08:22:47.000Z,2026-08-19T08:22:47.746Z,local_bridge,Illustrator 29.0,Operation Suite 3.1,macos,SYNTHETIC,false,normal
exec_syn_001272,acct_demo_02,ws_finishing_a,dev_mac_01,actor_demo_03,sepmaker-pro,1.6.0,Apply,success,,10249,2026-08-19T09:52:48.751Z,2026-08-19T09:52:59.000Z,2026-08-19T09:52:59.315Z,local_bridge,Illustrator 29.0,Operation Suite 3.1,macos,SYNTHETIC,false,normal
exec_syn_001273,acct_demo_02,ws_finishing_a,dev_mac_01,actor_demo_03,clean-vector-pro,3.6.0,CLEAN ART,success,,4387,2026-08-19T12:26:22.613Z,2026-08-19T12:26:27.000Z,2026-08-19T12:26:28.423Z,local_bridge,Illustrator 29.0,Operation Suite 3.1,macos,SYNTHETIC,false,normal
exec_syn_001274,acct_demo_01,ws_prepress_a,dev_win_01,actor_demo_01,clean-vector-pro,3.6.0,CLEAN ART,success,,3292,2026-08-19T17:57:16.708Z,2026-08-19T17:57:20.000Z,2026-08-19T17:57:20.755Z,local_bridge,Illustrator 28.5,Operation Suite 3.1,windows,SYNTHETIC,false,normal
exec_syn_001275,acct_demo_02,ws_finishing_a,dev_mac_01,actor_demo_03,sepmaker-pro,1.6.0,Apply,success,,6238,2026-08-19T16:56:59.762Z,2026-08-19T16:57:06.000Z,2026-08-19T16:57:06.448Z,local_bridge,Illustrator 29.0,Operation Suite 3.1,macos,SYNTHETIC,false,normal
exec_syn_001276,acct_demo_02,ws_finishing_a,dev_mac_01,actor_demo_03,sepmaker-pro,1.6.0,Apply,success,,16601,2026-08-19T08:37:39.399Z,2026-08-19T08:37:56.000Z,2026-08-19T08:37:56.658Z,local_bridge,Illustrator 29.0,Operation Suite 3.1,macos,SYNTHETIC,false,normal
exec_syn_001277,acct_demo_01,ws_prepress_a,dev_win_01,actor_demo_01,sepmaker-pro,1.6.0,Apply,success,,12241,2026-08-19T17:19:46.759Z,2026-08-19T17:19:59.000Z,2026-08-19T17:19:59.939Z,local_bridge,Illustrator 28.5,Operation Suite 3.1,windows,SYNTHETIC,false,normal
exec_syn_001278,acct_demo_02,ws_finishing_a,dev_mac_01,actor_demo_03,sepmaker-pro,1.6.0,Apply,success,,9375,2026-08-19T12:24:26.625Z,2026-08-19T12:24:36.000Z,2026-08-19T12:24:36.725Z,local_bridge,Illustrator 29.0,Operation Suite 3.1,macos,SYNTHETIC,false,normal
exec_syn_001279,acct_demo_01,ws_prepress_b,dev_win_02,actor_demo_02,sepmaker-pro,1.6.0,Apply,success,,8648,2026-08-19T15:58:13.352Z,2026-08-19T15:58:22.000Z,2026-08-19T15:58:22.820Z,local_bridge,Illustrator 28.5,Operation Suite 3.1,windows,SYNTHETIC,false,normal
exec_syn_001280,acct_demo_02,ws_finishing_a,dev_mac_01,actor_demo_03,clean-vector-pro,3.6.0,CLEAN ART,success,,4204,2026-08-19T13:22:27.796Z,2026-08-19T13:22:32.000Z,2026-08-19T13:22:33.089Z,local_bridge,Illustrator 29.0,Operation Suite 3.1,macos,SYNTHETIC,false,normal
exec_syn_001281,acct_demo_02,ws_finishing_a,dev_mac_01,actor_demo_03,sepmaker-pro,1.6.0,Apply,success,,40952,2026-08-20T09:41:56.048Z,2026-08-20T09:42:37.000Z,2026-08-20T09:42:37.399Z,local_bridge,Illustrator 29.0,Operation Suite 3.1,macos,SYNTHETIC,true,duration_spike
exec_syn_001282,acct_demo_01,ws_prepress_a,dev_win_01,actor_demo_01,clean-vector-pro,3.6.0,CLEAN ART,success,,3307,2026-08-20T14:58:48.693Z,2026-08-20T14:58:52.000Z,2026-08-20T14:58:52.497Z,local_bridge,Illustrator 28.5,Operation Suite 3.1,windows,SYNTHETIC,false,normal
exec_syn_001283,acct_demo_02,ws_finishing_a,dev_mac_01,actor_demo_03,sepmaker-pro,1.6.0,Apply,success,,12373,2026-08-20T08:21:32.627Z,2026-08-20T08:21:45.000Z,2026-08-20T08:21:46.429Z,local_bridge,Illustrator 29.0,Operation Suite 3.1,macos,SYNTHETIC,false,normal
exec_syn_001284,acct_demo_03,ws_production_a,dev_win_03,actor_demo_04,clean-vector-pro,3.6.0,CLEAN ART,success,,5683,2026-08-20T12:27:38.317Z,2026-08-20T12:27:44.000Z,2026-08-20T12:27:44.454Z,local_bridge,Illustrator 28.5,Operation Suite 3.1,windows,SYNTHETIC,false,normal
exec_syn_001285,acct_demo_02,ws_finishing_a,dev_mac_01,actor_demo_03,clean-vector-pro,3.6.0,CLEAN ART,success,,4972,2026-08-20T11:32:37.028Z,2026-08-20T11:32:42.000Z,2026-08-20T11:32:42.989Z,local_bridge,Illustrator 29.0,Operation Suite 3.1,macos,SYNTHETIC,false,normal
exec_syn_001286,acct_demo_01,ws_prepress_a,dev_win_01,actor_demo_01,clean-vector-pro,3.6.0,CLEAN ART,success,,3905,2026-08-20T17:56:14.095Z,2026-08-20T17:56:18.000Z,2026-08-20T17:56:19.015Z,local_bridge,Illustrator 28.5,Operation Suite 3.1,windows,SYNTHETIC,false,normal
exec_syn_001287,acct_demo_02,ws_finishing_a,dev_mac_01,actor_demo_03,clean-vector-pro,3.6.0,CLEAN ART,success,,3699,2026-08-20T17:39:20.301Z,2026-08-20T17:39:24.000Z,2026-08-20T17:39:24.291Z,local_bridge,Illustrator 29.0,Operation Suite 3.1,macos,SYNTHETIC,false,normal
exec_syn_001288,acct_demo_02,ws_finishing_a,dev_mac_01,actor_demo_03,sepmaker-pro,1.6.0,Apply,success,,9984,2026-08-20T08:21:12.016Z,2026-08-20T08:21:22.000Z,2026-08-20T08:21:22.447Z,local_bridge,Illustrator 29.0,Operation Suite 3.1,macos,SYNTHETIC,false,normal
exec_syn_001289,acct_demo_03,ws_production_a,dev_win_03,actor_demo_04,sepmaker-pro,1.6.0,Apply,success,,60402,2026-08-20T09:12:59.598Z,2026-08-20T09:14:00.000Z,2026-08-20T09:14:00.541Z,local_bridge,Illustrator 28.5,Operation Suite 3.1,windows,SYNTHETIC,true,duration_spike
exec_syn_001290,acct_demo_02,ws_finishing_a,dev_mac_01,actor_demo_03,clean-vector-pro,3.6.0,CLEAN ART,success,,2633,2026-08-20T12:41:52.367Z,2026-08-20T12:41:55.000Z,2026-08-20T12:41:56.244Z,local_bridge,Illustrator 29.0,Operation Suite 3.1,macos,SYNTHETIC,false,normal
exec_syn_001291,acct_demo_01,ws_prepress_b,dev_win_02,actor_demo_02,clean-vector-pro,3.6.0,CLEAN ART,success,,5220,2026-08-20T12:59:37.780Z,2026-08-20T12:59:43.000Z,2026-08-20T12:59:44.318Z,local_bridge,Illustrator 28.5,Operation Suite 3.1,windows,SYNTHETIC,false,normal
exec_syn_001292,acct_demo_01,ws_prepress_b,dev_win_02,actor_demo_02,clean-vector-pro,3.6.0,CLEAN ART,success,,4567,2026-08-20T16:11:15.433Z,2026-08-20T16:11:20.000Z,2026-08-20T16:11:21.036Z,local_bridge,Illustrator 28.5,Operation Suite 3.1,windows,SYNTHETIC,false,normal
exec_syn_001293,acct_demo_02,ws_finishing_a,dev_mac_01,actor_demo_03,sepmaker-pro,1.6.0,Apply,success,,11058,2026-08-20T08:45:32.942Z,2026-08-20T08:45:44.000Z,2026-08-20T08:45:44.535Z,local_bridge,Illustrator 29.0,Operation Suite 3.1,macos,SYNTHETIC,false,normal
exec_syn_001294,acct_demo_01,ws_prepress_b,dev_win_02,actor_demo_02,clean-vector-pro,3.6.0,CLEAN ART,success,,4018,2026-08-20T10:23:22.982Z,2026-08-20T10:23:27.000Z,2026-08-20T10:23:27.250Z,local_bridge,Illustrator 28.5,Operation Suite 3.1,windows,SYNTHETIC,false,normal
exec_syn_001295,acct_demo_01,ws_prepress_a,dev_win_01,actor_demo_01,clean-vector-pro,3.6.0,CLEAN ART,success,,8725,2026-08-20T08:45:57.275Z,2026-08-20T08:46:06.000Z,2026-08-20T08:46:06.340Z,local_bridge,Illustrator 28.5,Operation Suite 3.1,windows,SYNTHETIC,false,normal
exec_syn_001296,acct_demo_02,ws_finishing_a,dev_mac_01,actor_demo_03,sepmaker-pro,1.6.0,Apply,success,,7194,2026-08-20T14:06:13.806Z,2026-08-20T14:06:21.000Z,2026-08-20T14:06:21.977Z,local_bridge,Illustrator 29.0,Operation Suite 3.1,macos,SYNTHETIC,false,normal
exec_syn_001297,acct_demo_03,ws_production_a,dev_win_03,actor_demo_04,clean-vector-pro,3.6.0,CLEAN ART,success,,3633,2026-08-21T15:19:36.367Z,2026-08-21T15:19:40.000Z,2026-08-21T15:19:40.962Z,local_bridge,Illustrator 28.5,Operation Suite 3.1,windows,SYNTHETIC,false,normal
exec_syn_001298,acct_demo_02,ws_finishing_a,dev_mac_01,actor_demo_03,clean-vector-pro,3.6.0,CLEAN ART,success,,3666,2026-08-21T15:18:14.334Z,2026-08-21T15:18:18.000Z,2026-08-21T15:18:18.387Z,local_bridge,Illustrator 29.0,Operation Suite 3.1,macos,SYNTHETIC,false,normal
exec_syn_001299,acct_demo_01,ws_prepress_a,dev_win_01,actor_demo_01,clean-vector-pro,3.6.0,CLEAN ART,failure,HOST_UNAVAILABLE,4135,2026-08-21T12:34:20.865Z,2026-08-21T12:34:25.000Z,2026-08-21T12:34:25.352Z,local_bridge,Illustrator 28.5,Operation Suite 3.1,windows,SYNTHETIC,false,normal
exec_syn_001300,acct_demo_01,ws_prepress_b,dev_win_02,actor_demo_02,clean-vector-pro,3.6.0,CLEAN ART,success,,3402,2026-08-21T10:43:10.598Z,2026-08-21T10:43:14.000Z,2026-08-21T10:43:14.871Z,local_bridge,Illustrator 28.5,Operation Suite 3.1,windows,SYNTHETIC,false,normal
exec_syn_001301,acct_demo_01,ws_prepress_a,dev_win_01,actor_demo_01,clean-vector-pro,3.6.0,CLEAN ART,success,,6219,2026-08-21T10:51:54.781Z,2026-08-21T10:52:01.000Z,2026-08-21T10:52:02.108Z,local_bridge,Illustrator 28.5,Operation Suite 3.1,windows,SYNTHETIC,false,normal
exec_syn_001302,acct_demo_02,ws_finishing_a,dev_mac_01,actor_demo_03,sepmaker-pro,1.6.0,Apply,success,,10741,2026-08-21T10:26:38.259Z,2026-08-21T10:26:49.000Z,2026-08-21T10:26:50.229Z,local_bridge,Illustrator 29.0,Operation Suite 3.1,macos,SYNTHETIC,false,normal
exec_syn_001303,acct_demo_01,ws_prepress_a,dev_win_01,actor_demo_01,clean-vector-pro,3.6.0,CLEAN ART,success,,4340,2026-08-21T16:37:02.660Z,2026-08-21T16:37:07.000Z,2026-08-21T16:37:08.319Z,local_bridge,Illustrator 28.5,Operation Suite 3.1,windows,SYNTHETIC,false,normal
exec_syn_001304,acct_demo_03,ws_production_a,dev_win_03,actor_demo_04,sepmaker-pro,1.6.0,Apply,success,,16853,2026-08-21T15:36:34.147Z,2026-08-21T15:36:51.000Z,2026-08-21T15:36:51.601Z,local_bridge,Illustrator 28.5,Operation Suite 3.1,windows,SYNTHETIC,false,normal
exec_syn_001305,acct_demo_01,ws_prepress_b,dev_win_02,actor_demo_02,clean-vector-pro,3.6.0,CLEAN ART,success,,5531,2026-08-21T15:18:13.469Z,2026-08-21T15:18:19.000Z,2026-08-21T15:18:19.465Z,local_bridge,Illustrator 28.5,Operation Suite 3.1,windows,SYNTHETIC,false,normal
exec_syn_001306,acct_demo_03,ws_production_a,dev_win_03,actor_demo_04,clean-vector-pro,3.6.0,CLEAN ART,success,,5177,2026-08-21T13:22:57.823Z,2026-08-21T13:23:03.000Z,2026-08-21T13:23:04.438Z,local_bridge,Illustrator 28.5,Operation Suite 3.1,windows,SYNTHETIC,false,normal
exec_syn_001307,acct_demo_02,ws_finishing_a,dev_mac_01,actor_demo_03,sepmaker-pro,1.6.0,Apply,success,,9233,2026-08-21T13:40:23.767Z,2026-08-21T13:40:33.000Z,2026-08-21T13:40:33.262Z,local_bridge,Illustrator 29.0,Operation Suite 3.1,macos,SYNTHETIC,false,normal
exec_syn_001308,acct_demo_01,ws_prepress_b,dev_win_02,actor_demo_02,clean-vector-pro,3.6.0,CLEAN ART,success,,6213,2026-08-21T16:34:38.787Z,2026-08-21T16:34:45.000Z,2026-08-21T16:34:45.483Z,local_bridge,Illustrator 28.5,Operation Suite 3.1,windows,SYNTHETIC,false,normal
exec_syn_001309,acct_demo_01,ws_prepress_b,dev_win_02,actor_demo_02,clean-vector-pro,3.6.0,CLEAN ART,success,,4614,2026-08-21T09:33:04.386Z,2026-08-21T09:33:09.000Z,2026-08-21T09:33:09.300Z,local_bridge,Illustrator 28.5,Operation Suite 3.1,windows,SYNTHETIC,false,normal
exec_syn_001310,acct_demo_01,ws_prepress_a,dev_win_01,actor_demo_01,clean-vector-pro,3.6.0,CLEAN ART,failure,DOCUMENT_UNAVAILABLE,4489,2026-08-21T16:53:18.511Z,2026-08-21T16:53:23.000Z,2026-08-21T16:53:24.095Z,local_bridge,Illustrator 28.5,Operation Suite 3.1,windows,SYNTHETIC,false,normal
exec_syn_001311,acct_demo_01,ws_prepress_b,dev_win_02,actor_demo_02,clean-vector-pro,3.6.0,CLEAN ART,success,,3855,2026-08-21T09:22:40.145Z,2026-08-21T09:22:44.000Z,2026-08-21T09:22:45.269Z,local_bridge,Illustrator 28.5,Operation Suite 3.1,windows,SYNTHETIC,false,normal
exec_syn_001312,acct_demo_01,ws_prepress_a,dev_win_01,actor_demo_01,clean-vector-pro,3.6.0,CLEAN ART,success,,5315,2026-08-21T14:00:34.685Z,2026-08-21T14:00:40.000Z,2026-08-21T14:00:40.573Z,local_bridge,Illustrator 28.5,Operation Suite 3.1,windows,SYNTHETIC,false,normal
exec_syn_001313,acct_demo_02,ws_finishing_a,dev_mac_01,actor_demo_03,sepmaker-pro,1.6.0,Apply,failure,HOST_UNAVAILABLE,12416,2026-08-22T11:40:52.584Z,2026-08-22T11:41:05.000Z,2026-08-22T11:41:05.252Z,local_bridge,Illustrator 29.0,Operation Suite 3.1,macos,SYNTHETIC,false,normal
exec_syn_001314,acct_demo_01,ws_prepress_a,dev_win_01,actor_demo_01,sepmaker-pro,1.6.0,Apply,success,,10507,2026-08-22T13:50:50.493Z,2026-08-22T13:51:01.000Z,2026-08-22T13:51:02.318Z,local_bridge,Illustrator 28.5,Operation Suite 3.1,windows,SYNTHETIC,false,normal
exec_syn_001315,acct_demo_03,ws_production_a,dev_win_03,actor_demo_04,sepmaker-pro,1.6.0,Apply,success,,7621,2026-08-22T11:22:30.379Z,2026-08-22T11:22:38.000Z,2026-08-22T11:22:38.707Z,local_bridge,Illustrator 28.5,Operation Suite 3.1,windows,SYNTHETIC,false,normal
exec_syn_001316,acct_demo_01,ws_prepress_b,dev_win_02,actor_demo_02,clean-vector-pro,3.6.0,CLEAN ART,success,,6888,2026-08-22T12:23:46.112Z,2026-08-22T12:23:53.000Z,2026-08-22T12:23:54.175Z,local_bridge,Illustrator 28.5,Operation Suite 3.1,windows,SYNTHETIC,false,normal
exec_syn_001317,acct_demo_03,ws_production_a,dev_win_03,actor_demo_04,sepmaker-pro,1.6.0,Apply,success,,14023,2026-08-22T14:10:27.977Z,2026-08-22T14:10:42.000Z,2026-08-22T14:10:43.482Z,local_bridge,Illustrator 28.5,Operation Suite 3.1,windows,SYNTHETIC,false,normal
exec_syn_001318,acct_demo_01,ws_prepress_b,dev_win_02,actor_demo_02,sepmaker-pro,1.6.0,Apply,success,,12741,2026-08-22T11:04:27.259Z,2026-08-22T11:04:40.000Z,2026-08-22T11:04:40.252Z,local_bridge,Illustrator 28.5,Operation Suite 3.1,windows,SYNTHETIC,false,normal
exec_syn_001319,acct_demo_01,ws_prepress_a,dev_win_01,actor_demo_01,sepmaker-pro,1.6.0,Apply,success,,11960,2026-08-22T14:28:56.040Z,2026-08-22T14:29:08.000Z,2026-08-22T14:29:08.883Z,local_bridge,Illustrator 28.5,Operation Suite 3.1,windows,SYNTHETIC,false,normal
exec_syn_001320,acct_demo_01,ws_prepress_b,dev_win_02,actor_demo_02,sepmaker-pro,1.6.0,Apply,success,,14980,2026-08-22T15:03:34.020Z,2026-08-22T15:03:49.000Z,2026-08-22T15:03:50.443Z,local_bridge,Illustrator 28.5,Operation Suite 3.1,windows,SYNTHETIC,false,normal
exec_syn_001321,acct_demo_01,ws_prepress_a,dev_win_01,actor_demo_01,sepmaker-pro,1.6.0,Apply,success,,5907,2026-08-22T11:50:03.093Z,2026-08-22T11:50:09.000Z,2026-08-22T11:50:10.461Z,local_bridge,Illustrator 28.5,Operation Suite 3.1,windows,SYNTHETIC,false,normal
exec_syn_001322,acct_demo_01,ws_prepress_b,dev_win_02,actor_demo_02,clean-vector-pro,3.6.0,CLEAN ART,success,,4938,2026-08-22T12:02:04.062Z,2026-08-22T12:02:09.000Z,2026-08-22T12:02:10.336Z,local_bridge,Illustrator 28.5,Operation Suite 3.1,windows,SYNTHETIC,false,normal
exec_syn_001323,acct_demo_03,ws_production_a,dev_win_03,actor_demo_04,sepmaker-pro,1.6.0,Apply,success,,14394,2026-08-22T10:08:54.606Z,2026-08-22T10:09:09.000Z,2026-08-22T10:09:09.985Z,local_bridge,Illustrator 28.5,Operation Suite 3.1,windows,SYNTHETIC,false,normal
exec_syn_001324,acct_demo_02,ws_finishing_a,dev_mac_01,actor_demo_03,sepmaker-pro,1.6.0,Apply,success,,14218,2026-08-22T12:54:32.782Z,2026-08-22T12:54:47.000Z,2026-08-22T12:54:47.324Z,local_bridge,Illustrator 29.0,Operation Suite 3.1,macos,SYNTHETIC,false,normal
exec_syn_001325,acct_demo_03,ws_production_a,dev_win_03,actor_demo_04,sepmaker-pro,1.6.0,Apply,success,,8851,2026-08-22T10:20:47.149Z,2026-08-22T10:20:56.000Z,2026-08-22T10:20:56.565Z,local_bridge,Illustrator 28.5,Operation Suite 3.1,windows,SYNTHETIC,false,normal
exec_syn_001326,acct_demo_01,ws_prepress_a,dev_win_01,actor_demo_01,clean-vector-pro,3.6.0,CLEAN ART,success,,5900,2026-08-22T10:57:00.100Z,2026-08-22T10:57:06.000Z,2026-08-22T10:57:07.419Z,local_bridge,Illustrator 28.5,Operation Suite 3.1,windows,SYNTHETIC,false,normal
exec_syn_001327,acct_demo_03,ws_production_a,dev_win_03,actor_demo_04,clean-vector-pro,3.6.0,CLEAN ART,success,,5254,2026-08-22T13:34:45.746Z,2026-08-22T13:34:51.000Z,2026-08-22T13:34:52.346Z,local_bridge,Illustrator 28.5,Operation Suite 3.1,windows,SYNTHETIC,false,normal
exec_syn_001328,acct_demo_03,ws_production_a,dev_win_03,actor_demo_04,sepmaker-pro,1.6.0,Apply,success,,9098,2026-08-22T14:53:53.902Z,2026-08-22T14:54:03.000Z,2026-08-22T14:54:04.408Z,local_bridge,Illustrator 28.5,Operation Suite 3.1,windows,SYNTHETIC,false,normal
exec_syn_001329,acct_demo_02,ws_finishing_a,dev_mac_01,actor_demo_03,sepmaker-pro,1.6.0,Apply,failure,VALIDATION_FAILED,7881,2026-08-23T11:36:51.119Z,2026-08-23T11:36:59.000Z,2026-08-23T11:36:59.305Z,local_bridge,Illustrator 29.0,Operation Suite 3.1,macos,SYNTHETIC,false,normal
exec_syn_001330,acct_demo_01,ws_prepress_b,dev_win_02,actor_demo_02,sepmaker-pro,1.6.0,Apply,success,,64006,2026-08-23T14:51:19.994Z,2026-08-23T14:52:24.000Z,2026-08-23T14:52:24.356Z,local_bridge,Illustrator 28.5,Operation Suite 3.1,windows,SYNTHETIC,true,duration_spike
exec_syn_001331,acct_demo_01,ws_prepress_b,dev_win_02,actor_demo_02,sepmaker-pro,1.6.0,Apply,success,,13907,2026-08-23T14:10:25.093Z,2026-08-23T14:10:39.000Z,2026-08-23T14:10:40.465Z,local_bridge,Illustrator 28.5,Operation Suite 3.1,windows,SYNTHETIC,false,normal
exec_syn_001332,acct_demo_03,ws_production_a,dev_win_03,actor_demo_04,clean-vector-pro,3.6.0,CLEAN ART,failure,HOST_UNAVAILABLE,4750,2026-08-23T12:34:13.250Z,2026-08-23T12:34:18.000Z,2026-08-23T12:34:18.706Z,local_bridge,Illustrator 28.5,Operation Suite 3.1,windows,SYNTHETIC,false,normal
exec_syn_001333,acct_demo_02,ws_finishing_a,dev_mac_01,actor_demo_03,clean-vector-pro,3.6.0,CLEAN ART,success,,3861,2026-08-23T12:32:46.139Z,2026-08-23T12:32:50.000Z,2026-08-23T12:32:50.713Z,local_bridge,Illustrator 29.0,Operation Suite 3.1,macos,SYNTHETIC,false,normal
exec_syn_001334,acct_demo_03,ws_production_a,dev_win_03,actor_demo_04,sepmaker-pro,1.6.0,Apply,success,,20131,2026-08-23T10:15:12.869Z,2026-08-23T10:15:33.000Z,2026-08-23T10:15:34.365Z,local_bridge,Illustrator 28.5,Operation Suite 3.1,windows,SYNTHETIC,false,normal
exec_syn_001335,acct_demo_03,ws_production_a,dev_win_03,actor_demo_04,sepmaker-pro,1.6.0,Apply,success,,15760,2026-08-23T12:15:25.240Z,2026-08-23T12:15:41.000Z,2026-08-23T12:15:42.412Z,local_bridge,Illustrator 28.5,Operation Suite 3.1,windows,SYNTHETIC,false,normal
exec_syn_001336,acct_demo_01,ws_prepress_b,dev_win_02,actor_demo_02,clean-vector-pro,3.6.0,CLEAN ART,success,,4614,2026-08-23T10:52:10.386Z,2026-08-23T10:52:15.000Z,2026-08-23T10:52:16.355Z,local_bridge,Illustrator 28.5,Operation Suite 3.1,windows,SYNTHETIC,false,normal
exec_syn_001337,acct_demo_01,ws_prepress_b,dev_win_02,actor_demo_02,clean-vector-pro,3.6.0,CLEAN ART,success,,6021,2026-08-23T13:47:59.979Z,2026-08-23T13:48:06.000Z,2026-08-23T13:48:07.484Z,local_bridge,Illustrator 28.5,Operation Suite 3.1,windows,SYNTHETIC,false,normal
exec_syn_001338,acct_demo_01,ws_prepress_a,dev_win_01,actor_demo_01,clean-vector-pro,3.6.0,CLEAN ART,cancelled,ACTION_CANCELLED,6887,2026-08-23T15:34:53.113Z,2026-08-23T15:35:00.000Z,2026-08-23T15:35:01.225Z,local_bridge,Illustrator 28.5,Operation Suite 3.1,windows,SYNTHETIC,false,normal
exec_syn_001339,acct_demo_02,ws_finishing_a,dev_mac_01,actor_demo_03,clean-vector-pro,3.6.0,CLEAN ART,success,,4501,2026-08-23T13:52:12.499Z,2026-08-23T13:52:17.000Z,2026-08-23T13:52:18.250Z,local_bridge,Illustrator 29.0,Operation Suite 3.1,macos,SYNTHETIC,false,normal
exec_syn_001340,acct_demo_03,ws_production_a,dev_win_03,actor_demo_04,sepmaker-pro,1.6.0,Apply,success,,14748,2026-08-23T14:38:21.252Z,2026-08-23T14:38:36.000Z,2026-08-23T14:38:37.376Z,local_bridge,Illustrator 28.5,Operation Suite 3.1,windows,SYNTHETIC,false,normal
exec_syn_001341,acct_demo_01,ws_prepress_b,dev_win_02,actor_demo_02,clean-vector-pro,3.6.0,CLEAN ART,success,,5321,2026-08-23T12:06:24.679Z,2026-08-23T12:06:30.000Z,2026-08-23T12:06:30.860Z,local_bridge,Illustrator 28.5,Operation Suite 3.1,windows,SYNTHETIC,false,normal
exec_syn_001342,acct_demo_02,ws_finishing_a,dev_mac_01,actor_demo_03,sepmaker-pro,1.6.0,Apply,success,,9794,2026-08-23T13:42:35.206Z,2026-08-23T13:42:45.000Z,2026-08-23T13:42:46.369Z,local_bridge,Illustrator 29.0,Operation Suite 3.1,macos,SYNTHETIC,false,normal
exec_syn_001343,acct_demo_01,ws_prepress_a,dev_win_01,actor_demo_01,clean-vector-pro,3.6.0,CLEAN ART,success,,3618,2026-08-23T14:20:05.382Z,2026-08-23T14:20:09.000Z,2026-08-23T14:20:10.329Z,local_bridge,Illustrator 28.5,Operation Suite 3.1,windows,SYNTHETIC,false,normal
exec_syn_001344,acct_demo_01,ws_prepress_b,dev_win_02,actor_demo_02,sepmaker-pro,1.6.0,Apply,success,,9776,2026-08-23T14:33:36.224Z,2026-08-23T14:33:46.000Z,2026-08-23T14:33:47.476Z,local_bridge,Illustrator 28.5,Operation Suite 3.1,windows,SYNTHETIC,false,normal
exec_syn_001345,acct_demo_01,ws_prepress_a,dev_win_01,actor_demo_01,sepmaker-pro,1.6.0,Apply,success,,15016,2026-08-24T09:00:56.984Z,2026-08-24T09:01:12.000Z,2026-08-24T09:01:13.145Z,local_bridge,Illustrator 28.5,Operation Suite 3.1,windows,SYNTHETIC,false,normal
exec_syn_001346,acct_demo_01,ws_prepress_a,dev_win_01,actor_demo_01,clean-vector-pro,3.6.0,CLEAN ART,success,,4886,2026-08-24T16:07:26.114Z,2026-08-24T16:07:31.000Z,2026-08-24T16:07:31.716Z,local_bridge,Illustrator 28.5,Operation Suite 3.1,windows,SYNTHETIC,false,normal
exec_syn_001347,acct_demo_02,ws_finishing_a,dev_mac_01,actor_demo_03,clean-vector-pro,3.6.0,CLEAN ART,success,,3959,2026-08-24T09:00:38.041Z,2026-08-24T09:00:42.000Z,2026-08-24T09:00:43.228Z,local_bridge,Illustrator 29.0,Operation Suite 3.1,macos,SYNTHETIC,false,normal
exec_syn_001348,acct_demo_03,ws_production_a,dev_win_03,actor_demo_04,sepmaker-pro,1.6.0,Apply,success,,13351,2026-08-24T14:28:16.649Z,2026-08-24T14:28:30.000Z,2026-08-24T14:28:30.531Z,local_bridge,Illustrator 28.5,Operation Suite 3.1,windows,SYNTHETIC,false,normal
exec_syn_001349,acct_demo_02,ws_finishing_a,dev_mac_01,actor_demo_03,sepmaker-pro,1.6.0,Apply,success,,6974,2026-08-24T08:40:39.026Z,2026-08-24T08:40:46.000Z,2026-08-24T08:40:47.281Z,local_bridge,Illustrator 29.0,Operation Suite 3.1,macos,SYNTHETIC,false,normal
exec_syn_001350,acct_demo_03,ws_production_a,dev_win_03,actor_demo_04,sepmaker-pro,1.6.0,Apply,success,,9873,2026-08-24T12:02:17.127Z,2026-08-24T12:02:27.000Z,2026-08-24T12:02:28.048Z,local_bridge,Illustrator 28.5,Operation Suite 3.1,windows,SYNTHETIC,false,normal
exec_syn_001351,acct_demo_01,ws_prepress_b,dev_win_02,actor_demo_02,sepmaker-pro,1.6.0,Apply,success,,10298,2026-08-24T13:13:32.702Z,2026-08-24T13:13:43.000Z,2026-08-24T13:13:44.092Z,local_bridge,Illustrator 28.5,Operation Suite 3.1,windows,SYNTHETIC,false,normal
exec_syn_001352,acct_demo_01,ws_prepress_a,dev_win_01,actor_demo_01,clean-vector-pro,3.6.0,CLEAN ART,success,,4396,2026-08-24T10:47:53.604Z,2026-08-24T10:47:58.000Z,2026-08-24T10:47:58.638Z,local_bridge,Illustrator 28.5,Operation Suite 3.1,windows,SYNTHETIC,false,normal
exec_syn_001353,acct_demo_01,ws_prepress_b,dev_win_02,actor_demo_02,clean-vector-pro,3.6.0,CLEAN ART,success,,5942,2026-08-24T16:23:11.058Z,2026-08-24T16:23:17.000Z,2026-08-24T16:23:17.342Z,local_bridge,Illustrator 28.5,Operation Suite 3.1,windows,SYNTHETIC,false,normal
exec_syn_001354,acct_demo_01,ws_prepress_a,dev_win_01,actor_demo_01,sepmaker-pro,1.6.0,Apply,success,,10270,2026-08-24T11:57:58.730Z,2026-08-24T11:58:09.000Z,2026-08-24T11:58:10.049Z,local_bridge,Illustrator 28.5,Operation Suite 3.1,windows,SYNTHETIC,false,normal
exec_syn_001355,acct_demo_01,ws_prepress_a,dev_win_01,actor_demo_01,clean-vector-pro,3.6.0,CLEAN ART,success,,5338,2026-08-24T08:10:13.662Z,2026-08-24T08:10:19.000Z,2026-08-24T08:10:19.637Z,local_bridge,Illustrator 28.5,Operation Suite 3.1,windows,SYNTHETIC,false,normal
exec_syn_001356,acct_demo_01,ws_prepress_a,dev_win_01,actor_demo_01,clean-vector-pro,3.6.0,CLEAN ART,success,,3716,2026-08-24T09:48:20.284Z,2026-08-24T09:48:24.000Z,2026-08-24T09:48:25.326Z,local_bridge,Illustrator 28.5,Operation Suite 3.1,windows,SYNTHETIC,false,normal
exec_syn_001357,acct_demo_01,ws_prepress_a,dev_win_01,actor_demo_01,clean-vector-pro,3.6.0,CLEAN ART,success,,3506,2026-08-24T13:59:39.494Z,2026-08-24T13:59:43.000Z,2026-08-24T13:59:43.379Z,local_bridge,Illustrator 28.5,Operation Suite 3.1,windows,SYNTHETIC,false,normal
exec_syn_001358,acct_demo_01,ws_prepress_a,dev_win_01,actor_demo_01,sepmaker-pro,1.6.0,Apply,cancelled,ACTION_CANCELLED,7980,2026-08-24T09:29:01.020Z,2026-08-24T09:29:09.000Z,2026-08-24T09:29:09.741Z,local_bridge,Illustrator 28.5,Operation Suite 3.1,windows,SYNTHETIC,false,normal
exec_syn_001359,acct_demo_01,ws_prepress_b,dev_win_02,actor_demo_02,sepmaker-pro,1.6.0,Apply,success,,15483,2026-08-24T09:39:25.517Z,2026-08-24T09:39:41.000Z,2026-08-24T09:39:41.261Z,local_bridge,Illustrator 28.5,Operation Suite 3.1,windows,SYNTHETIC,false,normal
exec_syn_001360,acct_demo_01,ws_prepress_b,dev_win_02,actor_demo_02,clean-vector-pro,3.6.0,CLEAN ART,success,,3377,2026-08-24T09:29:13.623Z,2026-08-24T09:29:17.000Z,2026-08-24T09:29:17.377Z,local_bridge,Illustrator 28.5,Operation Suite 3.1,windows,SYNTHETIC,false,normal
exec_syn_001361,acct_demo_01,ws_prepress_a,dev_win_01,actor_demo_01,sepmaker-pro,1.6.0,Apply,success,,15003,2026-08-25T10:23:34.997Z,2026-08-25T10:23:50.000Z,2026-08-25T10:23:51.418Z,local_bridge,Illustrator 28.5,Operation Suite 3.1,windows,SYNTHETIC,false,normal
exec_syn_001362,acct_demo_01,ws_prepress_a,dev_win_01,actor_demo_01,sepmaker-pro,1.6.0,Apply,success,,8487,2026-08-25T11:22:20.513Z,2026-08-25T11:22:29.000Z,2026-08-25T11:22:30.345Z,local_bridge,Illustrator 28.5,Operation Suite 3.1,windows,SYNTHETIC,false,normal
exec_syn_001363,acct_demo_01,ws_prepress_a,dev_win_01,actor_demo_01,sepmaker-pro,1.6.0,Apply,success,,11053,2026-08-25T11:38:52.947Z,2026-08-25T11:39:04.000Z,2026-08-25T11:39:04.839Z,local_bridge,Illustrator 28.5,Operation Suite 3.1,windows,SYNTHETIC,false,normal
exec_syn_001364,acct_demo_01,ws_prepress_b,dev_win_02,actor_demo_02,clean-vector-pro,3.6.0,CLEAN ART,success,,2565,2026-08-25T10:24:16.435Z,2026-08-25T10:24:19.000Z,2026-08-25T10:24:19.501Z,local_bridge,Illustrator 28.5,Operation Suite 3.1,windows,SYNTHETIC,false,normal
exec_syn_001365,acct_demo_02,ws_finishing_a,dev_mac_01,actor_demo_03,sepmaker-pro,1.6.0,Apply,success,,10811,2026-08-25T09:01:22.189Z,2026-08-25T09:01:33.000Z,2026-08-25T09:01:33.607Z,local_bridge,Illustrator 29.0,Operation Suite 3.1,macos,SYNTHETIC,false,normal
exec_syn_001366,acct_demo_03,ws_production_a,dev_win_03,actor_demo_04,sepmaker-pro,1.6.0,Apply,success,,10293,2026-08-25T13:54:01.707Z,2026-08-25T13:54:12.000Z,2026-08-25T13:54:13.150Z,local_bridge,Illustrator 28.5,Operation Suite 3.1,windows,SYNTHETIC,false,normal
exec_syn_001367,acct_demo_02,ws_finishing_a,dev_mac_01,actor_demo_03,sepmaker-pro,1.6.0,Apply,success,,9352,2026-08-25T10:32:23.648Z,2026-08-25T10:32:33.000Z,2026-08-25T10:32:33.770Z,local_bridge,Illustrator 29.0,Operation Suite 3.1,macos,SYNTHETIC,false,normal
exec_syn_001368,acct_demo_01,ws_prepress_a,dev_win_01,actor_demo_01,clean-vector-pro,3.6.0,CLEAN ART,success,,7561,2026-08-25T16:08:36.439Z,2026-08-25T16:08:44.000Z,2026-08-25T16:08:45.381Z,local_bridge,Illustrator 28.5,Operation Suite 3.1,windows,SYNTHETIC,false,normal
exec_syn_001369,acct_demo_01,ws_prepress_a,dev_win_01,actor_demo_01,clean-vector-pro,3.6.0,CLEAN ART,success,,4432,2026-08-25T17:05:49.568Z,2026-08-25T17:05:54.000Z,2026-08-25T17:05:54.376Z,local_bridge,Illustrator 28.5,Operation Suite 3.1,windows,SYNTHETIC,false,normal
exec_syn_001370,acct_demo_01,ws_prepress_a,dev_win_01,actor_demo_01,clean-vector-pro,3.6.0,CLEAN ART,success,,3244,2026-08-25T15:00:37.756Z,2026-08-25T15:00:41.000Z,2026-08-25T15:00:41.901Z,local_bridge,Illustrator 28.5,Operation Suite 3.1,windows,SYNTHETIC,false,normal
exec_syn_001371,acct_demo_01,ws_prepress_a,dev_win_01,actor_demo_01,sepmaker-pro,1.6.0,Apply,success,,10362,2026-08-25T15:56:20.638Z,2026-08-25T15:56:31.000Z,2026-08-25T15:56:31.413Z,local_bridge,Illustrator 28.5,Operation Suite 3.1,windows,SYNTHETIC,false,normal
exec_syn_001372,acct_demo_03,ws_production_a,dev_win_03,actor_demo_04,sepmaker-pro,1.6.0,Apply,success,,18074,2026-08-25T09:38:36.926Z,2026-08-25T09:38:55.000Z,2026-08-25T09:38:55.663Z,local_bridge,Illustrator 28.5,Operation Suite 3.1,windows,SYNTHETIC,false,normal
exec_syn_001373,acct_demo_01,ws_prepress_b,dev_win_02,actor_demo_02,clean-vector-pro,3.6.0,CLEAN ART,success,,4303,2026-08-25T10:57:19.697Z,2026-08-25T10:57:24.000Z,2026-08-25T10:57:24.406Z,local_bridge,Illustrator 28.5,Operation Suite 3.1,windows,SYNTHETIC,false,normal
exec_syn_001374,acct_demo_01,ws_prepress_a,dev_win_01,actor_demo_01,sepmaker-pro,1.6.0,Apply,success,,7708,2026-08-25T11:09:15.292Z,2026-08-25T11:09:23.000Z,2026-08-25T11:09:24.119Z,local_bridge,Illustrator 28.5,Operation Suite 3.1,windows,SYNTHETIC,false,normal
exec_syn_001375,acct_demo_02,ws_finishing_a,dev_mac_01,actor_demo_03,clean-vector-pro,3.6.0,CLEAN ART,success,,6187,2026-08-25T12:05:48.813Z,2026-08-25T12:05:55.000Z,2026-08-25T12:05:56.081Z,local_bridge,Illustrator 29.0,Operation Suite 3.1,macos,SYNTHETIC,false,normal
exec_syn_001376,acct_demo_01,ws_prepress_b,dev_win_02,actor_demo_02,clean-vector-pro,3.6.0,CLEAN ART,success,,4199,2026-08-25T14:40:06.801Z,2026-08-25T14:40:11.000Z,2026-08-25T14:40:12.280Z,local_bridge,Illustrator 28.5,Operation Suite 3.1,windows,SYNTHETIC,false,normal
exec_syn_001377,acct_demo_01,ws_prepress_a,dev_win_01,actor_demo_01,sepmaker-pro,1.6.0,Apply,success,,9274,2026-08-26T08:47:28.726Z,2026-08-26T08:47:38.000Z,2026-08-26T08:47:38.430Z,local_bridge,Illustrator 28.5,Operation Suite 3.1,windows,SYNTHETIC,false,normal
exec_syn_001378,acct_demo_01,ws_prepress_b,dev_win_02,actor_demo_02,clean-vector-pro,3.6.0,CLEAN ART,success,,3506,2026-08-26T14:06:13.494Z,2026-08-26T14:06:17.000Z,2026-08-26T14:06:17.438Z,local_bridge,Illustrator 28.5,Operation Suite 3.1,windows,SYNTHETIC,false,normal
exec_syn_001379,acct_demo_02,ws_finishing_a,dev_mac_01,actor_demo_03,sepmaker-pro,1.6.0,Apply,success,,14260,2026-08-26T11:46:37.740Z,2026-08-26T11:46:52.000Z,2026-08-26T11:46:52.421Z,local_bridge,Illustrator 29.0,Operation Suite 3.1,macos,SYNTHETIC,false,normal
exec_syn_001380,acct_demo_01,ws_prepress_a,dev_win_01,actor_demo_01,clean-vector-pro,3.6.0,CLEAN ART,failure,HOST_UNAVAILABLE,16114,2026-08-26T16:24:26.886Z,2026-08-26T16:24:43.000Z,2026-08-26T16:24:43.870Z,local_bridge,Illustrator 28.5,Operation Suite 3.1,windows,SYNTHETIC,true,duration_spike
exec_syn_001381,acct_demo_01,ws_prepress_a,dev_win_01,actor_demo_01,sepmaker-pro,1.6.0,Apply,success,,12584,2026-08-26T15:24:32.416Z,2026-08-26T15:24:45.000Z,2026-08-26T15:24:45.469Z,local_bridge,Illustrator 28.5,Operation Suite 3.1,windows,SYNTHETIC,false,normal
exec_syn_001382,acct_demo_01,ws_prepress_b,dev_win_02,actor_demo_02,clean-vector-pro,3.6.0,CLEAN ART,success,,4924,2026-08-26T15:34:12.076Z,2026-08-26T15:34:17.000Z,2026-08-26T15:34:18.080Z,local_bridge,Illustrator 28.5,Operation Suite 3.1,windows,SYNTHETIC,false,normal
exec_syn_001383,acct_demo_01,ws_prepress_a,dev_win_01,actor_demo_01,sepmaker-pro,1.6.0,Apply,success,,10906,2026-08-26T10:50:42.094Z,2026-08-26T10:50:53.000Z,2026-08-26T10:50:53.393Z,local_bridge,Illustrator 28.5,Operation Suite 3.1,windows,SYNTHETIC,false,normal
exec_syn_001384,acct_demo_01,ws_prepress_a,dev_win_01,actor_demo_01,sepmaker-pro,1.6.0,Apply,success,,10114,2026-08-26T12:32:28.886Z,2026-08-26T12:32:39.000Z,2026-08-26T12:32:39.444Z,local_bridge,Illustrator 28.5,Operation Suite 3.1,windows,SYNTHETIC,false,normal
exec_syn_001385,acct_demo_01,ws_prepress_a,dev_win_01,actor_demo_01,clean-vector-pro,3.6.0,CLEAN ART,success,,3227,2026-08-26T14:46:32.773Z,2026-08-26T14:46:36.000Z,2026-08-26T14:46:37.397Z,local_bridge,Illustrator 28.5,Operation Suite 3.1,windows,SYNTHETIC,false,normal
exec_syn_001386,acct_demo_01,ws_prepress_a,dev_win_01,actor_demo_01,sepmaker-pro,1.6.0,Apply,success,,10458,2026-08-26T08:26:59.542Z,2026-08-26T08:27:10.000Z,2026-08-26T08:27:10.271Z,local_bridge,Illustrator 28.5,Operation Suite 3.1,windows,SYNTHETIC,false,normal
exec_syn_001387,acct_demo_01,ws_prepress_a,dev_win_01,actor_demo_01,sepmaker-pro,1.6.0,Apply,success,,10634,2026-08-26T16:32:14.366Z,2026-08-26T16:32:25.000Z,2026-08-26T16:32:25.526Z,local_bridge,Illustrator 28.5,Operation Suite 3.1,windows,SYNTHETIC,false,normal
exec_syn_001388,acct_demo_03,ws_production_a,dev_win_03,actor_demo_04,sepmaker-pro,1.6.0,Apply,success,,10819,2026-08-26T14:31:24.181Z,2026-08-26T14:31:35.000Z,2026-08-26T14:31:36.408Z,local_bridge,Illustrator 28.5,Operation Suite 3.1,windows,SYNTHETIC,false,normal
exec_syn_001389,acct_demo_03,ws_production_a,dev_win_03,actor_demo_04,sepmaker-pro,1.6.0,Apply,success,,17057,2026-08-26T16:52:52.943Z,2026-08-26T16:53:10.000Z,2026-08-26T16:53:11.446Z,local_bridge,Illustrator 28.5,Operation Suite 3.1,windows,SYNTHETIC,false,normal
exec_syn_001390,acct_demo_01,ws_prepress_a,dev_win_01,actor_demo_01,sepmaker-pro,1.6.0,Apply,success,,13618,2026-08-26T11:16:01.382Z,2026-08-26T11:16:15.000Z,2026-08-26T11:16:16.027Z,local_bridge,Illustrator 28.5,Operation Suite 3.1,windows,SYNTHETIC,false,normal
exec_syn_001391,acct_demo_01,ws_prepress_a,dev_win_01,actor_demo_01,sepmaker-pro,1.6.0,Apply,success,,12502,2026-08-26T09:25:11.498Z,2026-08-26T09:25:24.000Z,2026-08-26T09:25:25.358Z,local_bridge,Illustrator 28.5,Operation Suite 3.1,windows,SYNTHETIC,false,normal
exec_syn_001392,acct_demo_03,ws_production_a,dev_win_03,actor_demo_04,clean-vector-pro,3.6.0,CLEAN ART,failure,VALIDATION_FAILED,6530,2026-08-26T10:27:32.470Z,2026-08-26T10:27:39.000Z,2026-08-26T10:27:39.627Z,local_bridge,Illustrator 28.5,Operation Suite 3.1,windows,SYNTHETIC,false,normal
exec_syn_001393,acct_demo_02,ws_finishing_a,dev_mac_01,actor_demo_03,clean-vector-pro,3.6.0,CLEAN ART,success,,4343,2026-08-27T11:10:38.657Z,2026-08-27T11:10:43.000Z,2026-08-27T11:10:43.321Z,local_bridge,Illustrator 29.0,Operation Suite 3.1,macos,SYNTHETIC,false,normal
exec_syn_001394,acct_demo_01,ws_prepress_b,dev_win_02,actor_demo_02,clean-vector-pro,3.6.0,CLEAN ART,success,,3891,2026-08-27T17:55:36.109Z,2026-08-27T17:55:40.000Z,2026-08-27T17:55:40.343Z,local_bridge,Illustrator 28.5,Operation Suite 3.1,windows,SYNTHETIC,false,normal
exec_syn_001395,acct_demo_01,ws_prepress_b,dev_win_02,actor_demo_02,clean-vector-pro,3.6.0,CLEAN ART,success,,11399,2026-08-27T12:46:02.601Z,2026-08-27T12:46:14.000Z,2026-08-27T12:46:15.480Z,local_bridge,Illustrator 28.5,Operation Suite 3.1,windows,SYNTHETIC,true,duration_spike
exec_syn_001396,acct_demo_03,ws_production_a,dev_win_03,actor_demo_04,clean-vector-pro,3.6.0,CLEAN ART,success,,6571,2026-08-27T09:06:21.429Z,2026-08-27T09:06:28.000Z,2026-08-27T09:06:29.491Z,local_bridge,Illustrator 28.5,Operation Suite 3.1,windows,SYNTHETIC,false,normal
exec_syn_001397,acct_demo_03,ws_production_a,dev_win_03,actor_demo_04,clean-vector-pro,3.6.0,CLEAN ART,success,,4856,2026-08-27T09:23:45.144Z,2026-08-27T09:23:50.000Z,2026-08-27T09:23:50.626Z,local_bridge,Illustrator 28.5,Operation Suite 3.1,windows,SYNTHETIC,false,normal
exec_syn_001398,acct_demo_01,ws_prepress_b,dev_win_02,actor_demo_02,sepmaker-pro,1.6.0,Apply,success,,7790,2026-08-27T17:51:16.210Z,2026-08-27T17:51:24.000Z,2026-08-27T17:51:25.327Z,local_bridge,Illustrator 28.5,Operation Suite 3.1,windows,SYNTHETIC,false,normal
exec_syn_001399,acct_demo_02,ws_finishing_a,dev_mac_01,actor_demo_03,clean-vector-pro,3.6.0,CLEAN ART,success,,2954,2026-08-27T14:40:16.046Z,2026-08-27T14:40:19.000Z,2026-08-27T14:40:20.045Z,local_bridge,Illustrator 29.0,Operation Suite 3.1,macos,SYNTHETIC,false,normal
exec_syn_001400,acct_demo_01,ws_prepress_b,dev_win_02,actor_demo_02,clean-vector-pro,3.6.0,CLEAN ART,success,,3601,2026-08-27T15:55:18.399Z,2026-08-27T15:55:22.000Z,2026-08-27T15:55:22.978Z,local_bridge,Illustrator 28.5,Operation Suite 3.1,windows,SYNTHETIC,false,normal
exec_syn_001401,acct_demo_03,ws_production_a,dev_win_03,actor_demo_04,clean-vector-pro,3.6.0,CLEAN ART,success,,4310,2026-08-27T10:15:26.690Z,2026-08-27T10:15:31.000Z,2026-08-27T10:15:32.385Z,local_bridge,Illustrator 28.5,Operation Suite 3.1,windows,SYNTHETIC,false,normal
exec_syn_001402,acct_demo_02,ws_finishing_a,dev_mac_01,actor_demo_03,clean-vector-pro,3.6.0,CLEAN ART,success,,3662,2026-08-27T14:48:21.338Z,2026-08-27T14:48:25.000Z,2026-08-27T14:48:26.332Z,local_bridge,Illustrator 29.0,Operation Suite 3.1,macos,SYNTHETIC,false,normal
exec_syn_001403,acct_demo_01,ws_prepress_a,dev_win_01,actor_demo_01,clean-vector-pro,3.6.0,CLEAN ART,success,,4331,2026-08-27T16:05:49.669Z,2026-08-27T16:05:54.000Z,2026-08-27T16:05:54.323Z,local_bridge,Illustrator 28.5,Operation Suite 3.1,windows,SYNTHETIC,false,normal
exec_syn_001404,acct_demo_01,ws_prepress_b,dev_win_02,actor_demo_02,clean-vector-pro,3.6.0,CLEAN ART,success,,3406,2026-08-27T16:51:23.594Z,2026-08-27T16:51:27.000Z,2026-08-27T16:51:27.432Z,local_bridge,Illustrator 28.5,Operation Suite 3.1,windows,SYNTHETIC,false,normal
exec_syn_001405,acct_demo_01,ws_prepress_a,dev_win_01,actor_demo_01,sepmaker-pro,1.6.0,Apply,success,,10497,2026-08-27T14:44:15.503Z,2026-08-27T14:44:26.000Z,2026-08-27T14:44:27.126Z,local_bridge,Illustrator 28.5,Operation Suite 3.1,windows,SYNTHETIC,false,normal
exec_syn_001406,acct_demo_01,ws_prepress_a,dev_win_01,actor_demo_01,sepmaker-pro,1.6.0,Apply,success,,11648,2026-08-27T11:11:45.352Z,2026-08-27T11:11:57.000Z,2026-08-27T11:11:58.486Z,local_bridge,Illustrator 28.5,Operation Suite 3.1,windows,SYNTHETIC,false,normal
exec_syn_001407,acct_demo_01,ws_prepress_b,dev_win_02,actor_demo_02,clean-vector-pro,3.6.0,CLEAN ART,success,,3373,2026-08-27T17:58:07.627Z,2026-08-27T17:58:11.000Z,2026-08-27T17:58:12.078Z,local_bridge,Illustrator 28.5,Operation Suite 3.1,windows,SYNTHETIC,false,normal
exec_syn_001408,acct_demo_02,ws_finishing_a,dev_mac_01,actor_demo_03,clean-vector-pro,3.6.0,CLEAN ART,success,,4635,2026-08-27T12:24:04.365Z,2026-08-27T12:24:09.000Z,2026-08-27T12:24:09.493Z,local_bridge,Illustrator 29.0,Operation Suite 3.1,macos,SYNTHETIC,false,normal
exec_syn_001409,acct_demo_03,ws_production_a,dev_win_03,actor_demo_04,sepmaker-pro,1.6.0,Apply,failure,DOCUMENT_UNAVAILABLE,10802,2026-08-28T11:57:52.198Z,2026-08-28T11:58:03.000Z,2026-08-28T11:58:03.727Z,local_bridge,Illustrator 28.5,Operation Suite 3.1,windows,SYNTHETIC,false,normal
exec_syn_001410,acct_demo_01,ws_prepress_a,dev_win_01,actor_demo_01,sepmaker-pro,1.6.0,Apply,success,,11203,2026-08-28T08:44:29.797Z,2026-08-28T08:44:41.000Z,2026-08-28T08:44:41.982Z,local_bridge,Illustrator 28.5,Operation Suite 3.1,windows,SYNTHETIC,false,normal
exec_syn_001411,acct_demo_01,ws_prepress_b,dev_win_02,actor_demo_02,clean-vector-pro,3.6.0,CLEAN ART,success,,3997,2026-08-28T14:08:42.003Z,2026-08-28T14:08:46.000Z,2026-08-28T14:08:46.257Z,local_bridge,Illustrator 28.5,Operation Suite 3.1,windows,SYNTHETIC,false,normal
exec_syn_001412,acct_demo_01,ws_prepress_b,dev_win_02,actor_demo_02,sepmaker-pro,1.6.0,Apply,success,,14066,2026-08-28T12:14:35.934Z,2026-08-28T12:14:50.000Z,2026-08-28T12:14:50.820Z,local_bridge,Illustrator 28.5,Operation Suite 3.1,windows,SYNTHETIC,false,normal
exec_syn_001413,acct_demo_01,ws_prepress_a,dev_win_01,actor_demo_01,sepmaker-pro,1.6.0,Apply,success,,11186,2026-08-28T13:54:53.814Z,2026-08-28T13:55:05.000Z,2026-08-28T13:55:05.815Z,local_bridge,Illustrator 28.5,Operation Suite 3.1,windows,SYNTHETIC,false,normal
exec_syn_001414,acct_demo_01,ws_prepress_a,dev_win_01,actor_demo_01,clean-vector-pro,3.6.0,CLEAN ART,success,,15523,2026-08-28T08:04:50.477Z,2026-08-28T08:05:06.000Z,2026-08-28T08:05:06.874Z,local_bridge,Illustrator 28.5,Operation Suite 3.1,windows,SYNTHETIC,true,duration_spike
exec_syn_001415,acct_demo_01,ws_prepress_a,dev_win_01,actor_demo_01,clean-vector-pro,3.6.0,CLEAN ART,success,,3889,2026-08-28T09:08:15.111Z,2026-08-28T09:08:19.000Z,2026-08-28T09:08:19.476Z,local_bridge,Illustrator 28.5,Operation Suite 3.1,windows,SYNTHETIC,false,normal
exec_syn_001416,acct_demo_01,ws_prepress_b,dev_win_02,actor_demo_02,sepmaker-pro,1.6.0,Apply,success,,11937,2026-08-28T08:59:52.063Z,2026-08-28T09:00:04.000Z,2026-08-28T09:00:04.594Z,local_bridge,Illustrator 28.5,Operation Suite 3.1,windows,SYNTHETIC,false,normal
exec_syn_001417,acct_demo_01,ws_prepress_b,dev_win_02,actor_demo_02,clean-vector-pro,3.6.0,CLEAN ART,success,,4645,2026-08-28T11:35:43.355Z,2026-08-28T11:35:48.000Z,2026-08-28T11:35:48.855Z,local_bridge,Illustrator 28.5,Operation Suite 3.1,windows,SYNTHETIC,false,normal
exec_syn_001418,acct_demo_03,ws_production_a,dev_win_03,actor_demo_04,sepmaker-pro,1.6.0,Apply,success,,11866,2026-08-28T10:36:59.134Z,2026-08-28T10:37:11.000Z,2026-08-28T10:37:11.700Z,local_bridge,Illustrator 28.5,Operation Suite 3.1,windows,SYNTHETIC,false,normal
exec_syn_001419,acct_demo_03,ws_production_a,dev_win_03,actor_demo_04,clean-vector-pro,3.6.0,CLEAN ART,success,,4251,2026-08-28T13:46:14.749Z,2026-08-28T13:46:19.000Z,2026-08-28T13:46:19.992Z,local_bridge,Illustrator 28.5,Operation Suite 3.1,windows,SYNTHETIC,false,normal
exec_syn_001420,acct_demo_01,ws_prepress_a,dev_win_01,actor_demo_01,clean-vector-pro,3.6.0,CLEAN ART,success,,4097,2026-08-28T17:32:16.903Z,2026-08-28T17:32:21.000Z,2026-08-28T17:32:22.023Z,local_bridge,Illustrator 28.5,Operation Suite 3.1,windows,SYNTHETIC,false,normal
exec_syn_001421,acct_demo_01,ws_prepress_b,dev_win_02,actor_demo_02,sepmaker-pro,1.6.0,Apply,success,,11500,2026-08-28T15:26:40.500Z,2026-08-28T15:26:52.000Z,2026-08-28T15:26:52.749Z,local_bridge,Illustrator 28.5,Operation Suite 3.1,windows,SYNTHETIC,false,normal
exec_syn_001422,acct_demo_01,ws_prepress_a,dev_win_01,actor_demo_01,clean-vector-pro,3.6.0,CLEAN ART,success,,4089,2026-08-28T10:18:12.911Z,2026-08-28T10:18:17.000Z,2026-08-28T10:18:17.695Z,local_bridge,Illustrator 28.5,Operation Suite 3.1,windows,SYNTHETIC,false,normal
exec_syn_001423,acct_demo_01,ws_prepress_a,dev_win_01,actor_demo_01,clean-vector-pro,3.6.0,CLEAN ART,success,,694,2026-08-28T08:44:21.306Z,2026-08-28T08:44:22.000Z,2026-08-28T08:44:23.253Z,local_bridge,Illustrator 28.5,Operation Suite 3.1,windows,SYNTHETIC,true,duration_drop
exec_syn_001424,acct_demo_02,ws_finishing_a,dev_mac_01,actor_demo_03,clean-vector-pro,3.6.0,CLEAN ART,success,,3855,2026-08-28T15:10:29.145Z,2026-08-28T15:10:33.000Z,2026-08-28T15:10:33.781Z,local_bridge,Illustrator 29.0,Operation Suite 3.1,macos,SYNTHETIC,false,normal
exec_syn_001425,acct_demo_03,ws_production_a,dev_win_03,actor_demo_04,sepmaker-pro,1.6.0,Apply,failure,PROCESSING_FAILED,10527,2026-08-29T15:49:08.473Z,2026-08-29T15:49:19.000Z,2026-08-29T15:49:20.311Z,local_bridge,Illustrator 28.5,Operation Suite 3.1,windows,SYNTHETIC,false,normal
exec_syn_001426,acct_demo_01,ws_prepress_a,dev_win_01,actor_demo_01,clean-vector-pro,3.6.0,CLEAN ART,success,,3156,2026-08-29T10:05:06.844Z,2026-08-29T10:05:10.000Z,2026-08-29T10:05:10.614Z,local_bridge,Illustrator 28.5,Operation Suite 3.1,windows,SYNTHETIC,false,normal
exec_syn_001427,acct_demo_01,ws_prepress_a,dev_win_01,actor_demo_01,clean-vector-pro,3.6.0,CLEAN ART,success,,4677,2026-08-29T14:30:41.323Z,2026-08-29T14:30:46.000Z,2026-08-29T14:30:46.915Z,local_bridge,Illustrator 28.5,Operation Suite 3.1,windows,SYNTHETIC,false,normal
exec_syn_001428,acct_demo_02,ws_finishing_a,dev_mac_01,actor_demo_03,clean-vector-pro,3.6.0,CLEAN ART,success,,4468,2026-08-29T10:31:44.532Z,2026-08-29T10:31:49.000Z,2026-08-29T10:31:49.848Z,local_bridge,Illustrator 29.0,Operation Suite 3.1,macos,SYNTHETIC,false,normal
exec_syn_001429,acct_demo_02,ws_finishing_a,dev_mac_01,actor_demo_03,clean-vector-pro,3.6.0,CLEAN ART,success,,3868,2026-08-29T12:25:22.132Z,2026-08-29T12:25:26.000Z,2026-08-29T12:25:27.484Z,local_bridge,Illustrator 29.0,Operation Suite 3.1,macos,SYNTHETIC,false,normal
exec_syn_001430,acct_demo_02,ws_finishing_a,dev_mac_01,actor_demo_03,sepmaker-pro,1.6.0,Apply,success,,11780,2026-08-29T12:19:24.220Z,2026-08-29T12:19:36.000Z,2026-08-29T12:19:36.532Z,local_bridge,Illustrator 29.0,Operation Suite 3.1,macos,SYNTHETIC,false,normal
exec_syn_001431,acct_demo_03,ws_production_a,dev_win_03,actor_demo_04,clean-vector-pro,3.6.0,CLEAN ART,failure,DOCUMENT_UNAVAILABLE,4332,2026-08-29T10:14:12.668Z,2026-08-29T10:14:17.000Z,2026-08-29T10:14:17.448Z,local_bridge,Illustrator 28.5,Operation Suite 3.1,windows,SYNTHETIC,false,normal
exec_syn_001432,acct_demo_01,ws_prepress_b,dev_win_02,actor_demo_02,clean-vector-pro,3.6.0,CLEAN ART,success,,4895,2026-08-29T12:38:58.105Z,2026-08-29T12:39:03.000Z,2026-08-29T12:39:04.380Z,local_bridge,Illustrator 28.5,Operation Suite 3.1,windows,SYNTHETIC,false,normal
exec_syn_001433,acct_demo_02,ws_finishing_a,dev_mac_01,actor_demo_03,clean-vector-pro,3.6.0,CLEAN ART,success,,3456,2026-08-29T12:53:38.544Z,2026-08-29T12:53:42.000Z,2026-08-29T12:53:43.031Z,local_bridge,Illustrator 29.0,Operation Suite 3.1,macos,SYNTHETIC,false,normal
exec_syn_001434,acct_demo_02,ws_finishing_a,dev_mac_01,actor_demo_03,clean-vector-pro,3.6.0,CLEAN ART,success,,4433,2026-08-29T14:34:23.567Z,2026-08-29T14:34:28.000Z,2026-08-29T14:34:28.540Z,local_bridge,Illustrator 29.0,Operation Suite 3.1,macos,SYNTHETIC,false,normal
exec_syn_001435,acct_demo_02,ws_finishing_a,dev_mac_01,actor_demo_03,sepmaker-pro,1.6.0,Apply,failure,VALIDATION_FAILED,4714,2026-08-29T15:07:54.286Z,2026-08-29T15:07:59.000Z,2026-08-29T15:08:00.385Z,local_bridge,Illustrator 29.0,Operation Suite 3.1,macos,SYNTHETIC,true,duration_drop
exec_syn_001436,acct_demo_03,ws_production_a,dev_win_03,actor_demo_04,clean-vector-pro,3.6.0,CLEAN ART,success,,5120,2026-08-29T10:36:53.880Z,2026-08-29T10:36:59.000Z,2026-08-29T10:36:59.331Z,local_bridge,Illustrator 28.5,Operation Suite 3.1,windows,SYNTHETIC,false,normal
exec_syn_001437,acct_demo_02,ws_finishing_a,dev_mac_01,actor_demo_03,sepmaker-pro,1.6.0,Apply,success,,9071,2026-08-29T10:57:00.929Z,2026-08-29T10:57:10.000Z,2026-08-29T10:57:10.662Z,local_bridge,Illustrator 29.0,Operation Suite 3.1,macos,SYNTHETIC,false,normal
exec_syn_001438,acct_demo_01,ws_prepress_a,dev_win_01,actor_demo_01,clean-vector-pro,3.6.0,CLEAN ART,success,,6469,2026-08-29T10:07:22.531Z,2026-08-29T10:07:29.000Z,2026-08-29T10:07:29.852Z,local_bridge,Illustrator 28.5,Operation Suite 3.1,windows,SYNTHETIC,false,normal
exec_syn_001439,acct_demo_01,ws_prepress_a,dev_win_01,actor_demo_01,sepmaker-pro,1.6.0,Apply,success,,31838,2026-08-29T14:22:25.162Z,2026-08-29T14:22:57.000Z,2026-08-29T14:22:58.166Z,local_bridge,Illustrator 28.5,Operation Suite 3.1,windows,SYNTHETIC,true,duration_spike
exec_syn_001440,acct_demo_03,ws_production_a,dev_win_03,actor_demo_04,sepmaker-pro,1.6.0,Apply,success,,13741,2026-08-29T14:02:45.259Z,2026-08-29T14:02:59.000Z,2026-08-29T14:03:00.256Z,local_bridge,Illustrator 28.5,Operation Suite 3.1,windows,SYNTHETIC,false,normal
