execution_id,account_id,workspace_id,device_id,actor_uid,tool_id,tool_version,action,status,error_code,duration_ms,started_at,completed_at,received_at,source,host_version,suite_version,device_platform,data_origin,expected_anomaly,synthetic_pattern,duration_seconds,log_duration,hour_of_day,day_of_week,hour_sin,hour_cos,day_sin,day_cos,model_id,anomaly_score,anomaly_threshold,is_anomaly,severity,baseline_mad_flag
exec_syn_001000,acct_demo_02,ws_finishing_a,dev_mac_01,actor_demo_03,clean-vector-pro,3.6.0,CLEAN ART,success,,5715,2026-08-02T14:18:58.285Z,2026-08-02T14:19:04.000Z,2026-08-02T14:19:04.445Z,local_bridge,Illustrator 29.0,Operation Suite 3.1,macos,SYNTHETIC,false,normal,5.715,8.651025,14,0,-0.500000,-0.866025,0.000000,1.000000,clean-vector-pro__CLEAN ART,0.419572,0.588939,false,low,false
exec_syn_000993,acct_demo_01,ws_prepress_b,dev_win_02,actor_demo_02,clean-vector-pro,3.6.0,CLEAN ART,success,,6150,2026-08-02T15:18:18.850Z,2026-08-02T15:18:25.000Z,2026-08-02T15:18:25.937Z,local_bridge,Illustrator 28.5,Operation Suite 3.1,windows,SYNTHETIC,false,normal,6.150,8.724370,15,0,-0.707107,-0.707107,0.000000,1.000000,clean-vector-pro__CLEAN ART,0.441284,0.588939,false,low,false
exec_syn_000994,acct_demo_01,ws_prepress_a,dev_win_01,actor_demo_01,clean-vector-pro,3.6.0,CLEAN ART,success,,3085,2026-08-02T15:22:36.915Z,2026-08-02T15:22:40.000Z,2026-08-02T15:22:40.581Z,local_bridge,Illustrator 28.5,Operation Suite 3.1,windows,SYNTHETIC,false,normal,3.085,8.034631,15,0,-0.707107,-0.707107,0.000000,1.000000,clean-vector-pro__CLEAN ART,0.482111,0.588939,false,low,false
exec_syn_001008,acct_demo_01,ws_prepress_a,dev_win_01,actor_demo_01,clean-vector-pro,3.6.0,CLEAN ART,success,,5427,2026-08-02T15:33:06.573Z,2026-08-02T15:33:12.000Z,2026-08-02T15:33:12.963Z,local_bridge,Illustrator 28.5,Operation Suite 3.1,windows,SYNTHETIC,false,normal,5.427,8.599326,15,0,-0.707107,-0.707107,0.000000,1.000000,clean-vector-pro__CLEAN ART,0.422634,0.588939,false,low,false
exec_syn_001021,acct_demo_01,ws_prepress_b,dev_win_02,actor_demo_02,clean-vector-pro,3.6.0,CLEAN ART,success,,4088,2026-08-03T09:48:17.912Z,2026-08-03T09:48:22.000Z,2026-08-03T09:48:23.495Z,local_bridge,Illustrator 28.5,Operation Suite 3.1,windows,SYNTHETIC,false,normal,4.088,8.316056,9,1,0.707107,-0.707107,0.781831,0.623490,clean-vector-pro__CLEAN ART,0.394092,0.588939,false,low,false
exec_syn_001010,acct_demo_01,ws_prepress_a,dev_win_01,actor_demo_01,clean-vector-pro,3.6.0,CLEAN ART,failure,HOST_UNAVAILABLE,4410,2026-08-03T10:03:06.590Z,2026-08-03T10:03:11.000Z,2026-08-03T10:03:11.920Z,local_bridge,Illustrator 28.5,Operation Suite 3.1,windows,SYNTHETIC,false,normal,4.410,8.391857,10,1,0.500000,-0.866025,0.781831,0.623490,clean-vector-pro__CLEAN ART,0.394893,0.588939,false,low,false
exec_syn_001023,acct_demo_01,ws_prepress_a,dev_win_01,actor_demo_01,clean-vector-pro,3.6.0,CLEAN ART,success,,4758,2026-08-03T13:53:17.242Z,2026-08-03T13:53:22.000Z,2026-08-03T13:53:22.315Z,local_bridge,Illustrator 28.5,Operation Suite 3.1,windows,SYNTHETIC,false,normal,4.758,8.467793,13,1,-0.258819,-0.965926,0.781831,0.623490,clean-vector-pro__CLEAN ART,0.394118,0.588939,false,low,false
exec_syn_001020,acct_demo_01,ws_prepress_a,dev_win_01,actor_demo_01,clean-vector-pro,3.6.0,CLEAN ART,success,,3430,2026-08-03T14:55:35.570Z,2026-08-03T14:55:39.000Z,2026-08-03T14:55:39.931Z,local_bridge,Illustrator 28.5,Operation Suite 3.1,windows,SYNTHETIC,false,normal,3.430,8.140607,14,1,-0.500000,-0.866025,0.781831,0.623490,clean-vector-pro__CLEAN ART,0.433648,0.588939,false,low,false
exec_syn_001011,acct_demo_03,ws_production_a,dev_win_03,actor_demo_04,clean-vector-pro,3.6.0,CLEAN ART,success,,5007,2026-08-03T15:07:57.993Z,2026-08-03T15:08:03.000Z,2026-08-03T15:08:03.726Z,local_bridge,Illustrator 28.5,Operation Suite 3.1,windows,SYNTHETIC,false,normal,5.007,8.518792,15,1,-0.707107,-0.707107,0.781831,0.623490,clean-vector-pro__CLEAN ART,0.415774,0.588939,false,low,false
exec_syn_001012,acct_demo_03,ws_production_a,dev_win_03,actor_demo_04,clean-vector-pro,3.6.0,CLEAN ART,success,,3555,2026-08-03T17:48:44.445Z,2026-08-03T17:48:48.000Z,2026-08-03T17:48:48.463Z,local_bridge,Illustrator 28.5,Operation Suite 3.1,windows,SYNTHETIC,false,normal,3.555,8.176392,17,1,-0.965926,-0.258819,0.781831,0.623490,clean-vector-pro__CLEAN ART,0.429271,0.588939,false,low,false
exec_syn_001037,acct_demo_01,ws_prepress_b,dev_win_02,actor_demo_02,clean-vector-pro,3.6.0,CLEAN ART,success,,4750,2026-08-04T09:04:50.250Z,2026-08-04T09:04:55.000Z,2026-08-04T09:04:55.644Z,local_bridge,Illustrator 28.5,Operation Suite 3.1,windows,SYNTHETIC,false,normal,4.750,8.466110,9,2,0.707107,-0.707107,0.974928,-0.222521,clean-vector-pro__CLEAN ART,0.395542,0.588939,false,low,false
exec_syn_001030,acct_demo_02,ws_finishing_a,dev_mac_01,actor_demo_03,clean-vector-pro,3.6.0,CLEAN ART,success,,3193,2026-08-04T13:10:44.807Z,2026-08-04T13:10:48.000Z,2026-08-04T13:10:48.496Z,local_bridge,Illustrator 29.0,Operation Suite 3.1,macos,SYNTHETIC,false,normal,3.193,8.069029,13,2,-0.258819,-0.965926,0.974928,-0.222521,clean-vector-pro__CLEAN ART,0.457339,0.588939,false,low,false
exec_syn_001027,acct_demo_03,ws_production_a,dev_win_03,actor_demo_04,clean-vector-pro,3.6.0,CLEAN ART,success,,4681,2026-08-04T14:39:41.319Z,2026-08-04T14:39:46.000Z,2026-08-04T14:39:46.463Z,local_bridge,Illustrator 28.5,Operation Suite 3.1,windows,SYNTHETIC,false,normal,4.681,8.451481,14,2,-0.500000,-0.866025,0.974928,-0.222521,clean-vector-pro__CLEAN ART,0.400485,0.588939,false,low,false
exec_syn_001038,acct_demo_01,ws_prepress_b,dev_win_02,actor_demo_02,clean-vector-pro,3.6.0,CLEAN ART,success,,3759,2026-08-04T17:11:15.241Z,2026-08-04T17:11:19.000Z,2026-08-04T17:11:19.920Z,local_bridge,Illustrator 28.5,Operation Suite 3.1,windows,SYNTHETIC,false,normal,3.759,8.232174,17,2,-0.965926,-0.258819,0.974928,-0.222521,clean-vector-pro__CLEAN ART,0.433674,0.588939,false,low,false
exec_syn_001025,acct_demo_01,ws_prepress_a,dev_win_01,actor_demo_01,clean-vector-pro,3.6.0,CLEAN ART,success,,3772,2026-08-04T17:39:28.228Z,2026-08-04T17:39:32.000Z,2026-08-04T17:39:33.064Z,local_bridge,Illustrator 28.5,Operation Suite 3.1,windows,SYNTHETIC,false,normal,3.772,8.235626,17,2,-0.965926,-0.258819,0.974928,-0.222521,clean-vector-pro__CLEAN ART,0.429822,0.588939,false,low,false
exec_syn_001049,acct_demo_01,ws_prepress_a,dev_win_01,actor_demo_01,clean-vector-pro,3.6.0,CLEAN ART,success,,4953,2026-08-05T11:53:39.047Z,2026-08-05T11:53:44.000Z,2026-08-05T11:53:45.306Z,local_bridge,Illustrator 28.5,Operation Suite 3.1,windows,SYNTHETIC,false,normal,4.953,8.507951,11,3,0.258819,-0.965926,0.433884,-0.900969,clean-vector-pro__CLEAN ART,0.421758,0.588939,false,low,false
exec_syn_001048,acct_demo_01,ws_prepress_b,dev_win_02,actor_demo_02,clean-vector-pro,3.6.0,CLEAN ART,success,,3673,2026-08-05T13:49:49.327Z,2026-08-05T13:49:53.000Z,2026-08-05T13:49:53.774Z,local_bridge,Illustrator 28.5,Operation Suite 3.1,windows,SYNTHETIC,false,normal,3.673,8.209036,13,3,-0.258819,-0.965926,0.433884,-0.900969,clean-vector-pro__CLEAN ART,0.426879,0.588939,false,low,false
exec_syn_001051,acct_demo_03,ws_production_a,dev_win_03,actor_demo_04,clean-vector-pro,3.6.0,CLEAN ART,success,,5846,2026-08-05T13:56:28.154Z,2026-08-05T13:56:34.000Z,2026-08-05T13:56:34.470Z,local_bridge,Illustrator 28.5,Operation Suite 3.1,windows,SYNTHETIC,false,normal,5.846,8.673684,13,3,-0.258819,-0.965926,0.433884,-0.900969,clean-vector-pro__CLEAN ART,0.426389,0.588939,false,low,false
exec_syn_001043,acct_demo_03,ws_production_a,dev_win_03,actor_demo_04,clean-vector-pro,3.6.0,CLEAN ART,success,,4238,2026-08-05T15:29:07.762Z,2026-08-05T15:29:12.000Z,2026-08-05T15:29:12.700Z,local_bridge,Illustrator 28.5,Operation Suite 3.1,windows,SYNTHETIC,false,normal,4.238,8.352083,15,3,-0.707107,-0.707107,0.433884,-0.900969,clean-vector-pro__CLEAN ART,0.390773,0.588939,false,low,false
exec_syn_001053,acct_demo_01,ws_prepress_b,dev_win_02,actor_demo_02,clean-vector-pro,3.6.0,CLEAN ART,success,,5744,2026-08-05T15:52:39.256Z,2026-08-05T15:52:45.000Z,2026-08-05T15:52:45.602Z,local_bridge,Illustrator 28.5,Operation Suite 3.1,windows,SYNTHETIC,false,normal,5.744,8.656085,15,3,-0.707107,-0.707107,0.433884,-0.900969,clean-vector-pro__CLEAN ART,0.418847,0.588939,false,low,false
exec_syn_001064,acct_demo_01,ws_prepress_a,dev_win_01,actor_demo_01,clean-vector-pro,3.6.0,CLEAN ART,success,,4375,2026-08-06T08:54:18.625Z,2026-08-06T08:54:23.000Z,2026-08-06T08:54:23.491Z,local_bridge,Illustrator 28.5,Operation Suite 3.1,windows,SYNTHETIC,false,normal,4.375,8.383890,8,4,0.866025,-0.500000,-0.433884,-0.900969,clean-vector-pro__CLEAN ART,0.393382,0.588939,false,low,false
exec_syn_001067,acct_demo_03,ws_production_a,dev_win_03,actor_demo_04,clean-vector-pro,3.6.0,CLEAN ART,success,,4403,2026-08-06T10:33:58.597Z,2026-08-06T10:34:03.000Z,2026-08-06T10:34:04.091Z,local_bridge,Illustrator 28.5,Operation Suite 3.1,windows,SYNTHETIC,false,normal,4.403,8.390268,10,4,0.500000,-0.866025,-0.433884,-0.900969,clean-vector-pro__CLEAN ART,0.396494,0.588939,false,low,false
exec_syn_001063,acct_demo_03,ws_production_a,dev_win_03,actor_demo_04,clean-vector-pro,3.6.0,CLEAN ART,success,,5448,2026-08-06T10:37:16.552Z,2026-08-06T10:37:22.000Z,2026-08-06T10:37:23.396Z,local_bridge,Illustrator 28.5,Operation Suite 3.1,windows,SYNTHETIC,false,normal,5.448,8.603187,10,4,0.500000,-0.866025,-0.433884,-0.900969,clean-vector-pro__CLEAN ART,0.420629,0.588939,false,low,false
exec_syn_001070,acct_demo_03,ws_production_a,dev_win_03,actor_demo_04,clean-vector-pro,3.6.0,CLEAN ART,success,,4188,2026-08-06T12:50:38.812Z,2026-08-06T12:50:43.000Z,2026-08-06T12:50:43.795Z,local_bridge,Illustrator 28.5,Operation Suite 3.1,windows,SYNTHETIC,false,normal,4.188,8.340217,12,4,0.000000,-1.000000,-0.433884,-0.900969,clean-vector-pro__CLEAN ART,0.393326,0.588939,false,low,false
exec_syn_001069,acct_demo_03,ws_production_a,dev_win_03,actor_demo_04,clean-vector-pro,3.6.0,CLEAN ART,success,,4402,2026-08-06T13:13:57.598Z,2026-08-06T13:14:02.000Z,2026-08-06T13:14:03.440Z,local_bridge,Illustrator 28.5,Operation Suite 3.1,windows,SYNTHETIC,false,normal,4.402,8.390041,13,4,-0.258819,-0.965926,-0.433884,-0.900969,clean-vector-pro__CLEAN ART,0.395917,0.588939,false,low,false
exec_syn_001065,acct_demo_01,ws_prepress_a,dev_win_01,actor_demo_01,clean-vector-pro,3.6.0,CLEAN ART,success,,2915,2026-08-06T14:51:14.085Z,2026-08-06T14:51:17.000Z,2026-08-06T14:51:18.338Z,local_bridge,Illustrator 28.5,Operation Suite 3.1,windows,SYNTHETIC,false,normal,2.915,7.977968,14,4,-0.500000,-0.866025,-0.433884,-0.900969,clean-vector-pro__CLEAN ART,0.517508,0.588939,false,low,false
exec_syn_001057,acct_demo_02,ws_finishing_a,dev_mac_01,actor_demo_03,clean-vector-pro,3.6.0,CLEAN ART,success,,3200,2026-08-06T15:10:00.800Z,2026-08-06T15:10:04.000Z,2026-08-06T15:10:04.651Z,local_bridge,Illustrator 29.0,Operation Suite 3.1,macos,SYNTHETIC,false,normal,3.200,8.071219,15,4,-0.707107,-0.707107,-0.433884,-0.900969,clean-vector-pro__CLEAN ART,0.457839,0.588939,false,low,false
exec_syn_001072,acct_demo_03,ws_production_a,dev_win_03,actor_demo_04,clean-vector-pro,3.6.0,CLEAN ART,success,,5343,2026-08-06T16:56:01.657Z,2026-08-06T16:56:07.000Z,2026-08-06T16:56:07.426Z,local_bridge,Illustrator 28.5,Operation Suite 3.1,windows,SYNTHETIC,false,normal,5.343,8.583730,16,4,-0.866025,-0.500000,-0.433884,-0.900969,clean-vector-pro__CLEAN ART,0.420829,0.588939,false,low,false
exec_syn_001074,acct_demo_01,ws_prepress_b,dev_win_02,actor_demo_02,clean-vector-pro,3.6.0,CLEAN ART,failure,VALIDATION_FAILED,5098,2026-08-07T08:50:26.902Z,2026-08-07T08:50:32.000Z,2026-08-07T08:50:32.884Z,local_bridge,Illustrator 28.5,Operation Suite 3.1,windows,SYNTHETIC,false,normal,5.098,8.536800,8,5,0.866025,-0.500000,-0.974928,-0.222521,clean-vector-pro__CLEAN ART,0.409151,0.588939,false,low,false
exec_syn_001080,acct_demo_02,ws_finishing_a,dev_mac_01,actor_demo_03,clean-vector-pro,3.6.0,CLEAN ART,success,,3477,2026-08-07T08:50:58.523Z,2026-08-07T08:51:02.000Z,2026-08-07T08:51:02.870Z,local_bridge,Illustrator 29.0,Operation Suite 3.1,macos,SYNTHETIC,false,normal,3.477,8.154213,8,5,0.866025,-0.500000,-0.974928,-0.222521,clean-vector-pro__CLEAN ART,0.436616,0.588939,false,low,false
exec_syn_001079,acct_demo_02,ws_finishing_a,dev_mac_01,actor_demo_03,clean-vector-pro,3.6.0,CLEAN ART,failure,PROCESSING_FAILED,2841,2026-08-07T10:22:15.159Z,2026-08-07T10:22:18.000Z,2026-08-07T10:22:18.269Z,local_bridge,Illustrator 29.0,Operation Suite 3.1,macos,SYNTHETIC,false,normal,2.841,7.952263,10,5,0.500000,-0.866025,-0.974928,-0.222521,clean-vector-pro__CLEAN ART,0.523530,0.588939,false,low,false
exec_syn_001084,acct_demo_02,ws_finishing_a,dev_mac_01,actor_demo_03,clean-vector-pro,3.6.0,CLEAN ART,success,,4117,2026-08-07T11:58:44.883Z,2026-08-07T11:58:49.000Z,2026-08-07T11:58:50.195Z,local_bridge,Illustrator 29.0,Operation Suite 3.1,macos,SYNTHETIC,false,normal,4.117,8.323123,11,5,0.258819,-0.965926,-0.974928,-0.222521,clean-vector-pro__CLEAN ART,0.394465,0.588939,false,low,false
exec_syn_001088,acct_demo_01,ws_prepress_b,dev_win_02,actor_demo_02,clean-vector-pro,3.6.0,CLEAN ART,success,,3032,2026-08-07T13:42:27.968Z,2026-08-07T13:42:31.000Z,2026-08-07T13:42:32.415Z,local_bridge,Illustrator 28.5,Operation Suite 3.1,windows,SYNTHETIC,false,normal,3.032,8.017308,13,5,-0.258819,-0.965926,-0.974928,-0.222521,clean-vector-pro__CLEAN ART,0.485306,0.588939,false,low,false
exec_syn_001075,acct_demo_01,ws_prepress_a,dev_win_01,actor_demo_01,clean-vector-pro,3.6.0,CLEAN ART,success,,3626,2026-08-07T14:10:29.374Z,2026-08-07T14:10:33.000Z,2026-08-07T14:10:34.292Z,local_bridge,Illustrator 28.5,Operation Suite 3.1,windows,SYNTHETIC,false,normal,3.626,8.196161,14,5,-0.500000,-0.866025,-0.974928,-0.222521,clean-vector-pro__CLEAN ART,0.425832,0.588939,false,low,false
exec_syn_001078,acct_demo_02,ws_finishing_a,dev_mac_01,actor_demo_03,clean-vector-pro,3.6.0,CLEAN ART,success,,4069,2026-08-07T15:09:41.931Z,2026-08-07T15:09:46.000Z,2026-08-07T15:09:46.561Z,local_bridge,Illustrator 29.0,Operation Suite 3.1,macos,SYNTHETIC,false,normal,4.069,8.311398,15,5,-0.707107,-0.707107,-0.974928,-0.222521,clean-vector-pro__CLEAN ART,0.391063,0.588939,false,low,false
exec_syn_001077,acct_demo_03,ws_production_a,dev_win_03,actor_demo_04,clean-vector-pro,3.6.0,CLEAN ART,success,,3978,2026-08-07T16:43:07.022Z,2026-08-07T16:43:11.000Z,2026-08-07T16:43:11.930Z,local_bridge,Illustrator 28.5,Operation Suite 3.1,windows,SYNTHETIC,false,normal,3.978,8.288786,16,5,-0.866025,-0.500000,-0.974928,-0.222521,clean-vector-pro__CLEAN ART,0.392139,0.588939,false,low,false
exec_syn_001085,acct_demo_02,ws_finishing_a,dev_mac_01,actor_demo_03,clean-vector-pro,3.6.0,CLEAN ART,success,,3340,2026-08-07T17:43:19.660Z,2026-08-07T17:43:23.000Z,2026-08-07T17:43:24.264Z,local_bridge,Illustrator 29.0,Operation Suite 3.1,macos,SYNTHETIC,false,normal,3.340,8.114025,17,5,-0.965926,-0.258819,-0.974928,-0.222521,clean-vector-pro__CLEAN ART,0.448080,0.588939,false,low,false
exec_syn_001094,acct_demo_02,ws_finishing_a,dev_mac_01,actor_demo_03,clean-vector-pro,3.6.0,CLEAN ART,success,,4747,2026-08-08T10:44:01.253Z,2026-08-08T10:44:06.000Z,2026-08-08T10:44:06.718Z,local_bridge,Illustrator 29.0,Operation Suite 3.1,macos,SYNTHETIC,false,normal,4.747,8.465479,10,6,0.500000,-0.866025,-0.781831,0.623490,clean-vector-pro__CLEAN ART,0.395083,0.588939,false,low,false
exec_syn_001103,acct_demo_01,ws_prepress_b,dev_win_02,actor_demo_02,clean-vector-pro,3.6.0,CLEAN ART,success,,4948,2026-08-08T12:30:45.052Z,2026-08-08T12:30:50.000Z,2026-08-08T12:30:50.562Z,local_bridge,Illustrator 28.5,Operation Suite 3.1,windows,SYNTHETIC,false,normal,4.948,8.506941,12,6,0.000000,-1.000000,-0.781831,0.623490,clean-vector-pro__CLEAN ART,0.419668,0.588939,false,low,false
exec_syn_001097,acct_demo_02,ws_finishing_a,dev_mac_01,actor_demo_03,clean-vector-pro,3.6.0,CLEAN ART,success,,2657,2026-08-08T12:35:46.343Z,2026-08-08T12:35:49.000Z,2026-08-08T12:35:50.008Z,local_bridge,Illustrator 29.0,Operation Suite 3.1,macos,SYNTHETIC,false,normal,2.657,7.885329,12,6,0.000000,-1.000000,-0.781831,0.623490,clean-vector-pro__CLEAN ART,0.568640,0.588939,false,low,false
exec_syn_001101,acct_demo_01,ws_prepress_b,dev_win_02,actor_demo_02,clean-vector-pro,3.6.0,CLEAN ART,success,,3347,2026-08-08T13:13:55.653Z,2026-08-08T13:13:59.000Z,2026-08-08T13:13:59.756Z,local_bridge,Illustrator 28.5,Operation Suite 3.1,windows,SYNTHETIC,false,normal,3.347,8.116118,13,6,-0.258819,-0.965926,-0.781831,0.623490,clean-vector-pro__CLEAN ART,0.446587,0.588939,false,low,false
exec_syn_001096,acct_demo_01,ws_prepress_b,dev_win_02,actor_demo_02,clean-vector-pro,3.6.0,CLEAN ART,success,,4536,2026-08-08T13:28:03.464Z,2026-08-08T13:28:08.000Z,2026-08-08T13:28:08.579Z,local_bridge,Illustrator 28.5,Operation Suite 3.1,windows,SYNTHETIC,false,normal,4.536,8.420021,13,6,-0.258819,-0.965926,-0.781831,0.623490,clean-vector-pro__CLEAN ART,0.402293,0.588939,false,low,false
exec_syn_001098,acct_demo_01,ws_prepress_a,dev_win_01,actor_demo_01,clean-vector-pro,3.6.0,CLEAN ART,success,,4561,2026-08-08T13:28:35.439Z,2026-08-08T13:28:40.000Z,2026-08-08T13:28:40.755Z,local_bridge,Illustrator 28.5,Operation Suite 3.1,windows,SYNTHETIC,false,normal,4.561,8.425516,13,6,-0.258819,-0.965926,-0.781831,0.623490,clean-vector-pro__CLEAN ART,0.401559,0.588939,false,low,false
exec_syn_001090,acct_demo_01,ws_prepress_a,dev_win_01,actor_demo_01,clean-vector-pro,3.6.0,CLEAN ART,success,,3356,2026-08-08T14:38:23.644Z,2026-08-08T14:38:27.000Z,2026-08-08T14:38:28.044Z,local_bridge,Illustrator 28.5,Operation Suite 3.1,windows,SYNTHETIC,false,normal,3.356,8.118803,14,6,-0.500000,-0.866025,-0.781831,0.623490,clean-vector-pro__CLEAN ART,0.443568,0.588939,false,low,false
exec_syn_001108,acct_demo_02,ws_finishing_a,dev_mac_01,actor_demo_03,clean-vector-pro,3.6.0,CLEAN ART,success,,6327,2026-08-09T11:12:21.673Z,2026-08-09T11:12:28.000Z,2026-08-09T11:12:28.585Z,local_bridge,Illustrator 29.0,Operation Suite 3.1,macos,SYNTHETIC,false,normal,6.327,8.752740,11,0,0.258819,-0.965926,0.000000,1.000000,clean-vector-pro__CLEAN ART,0.453928,0.588939,false,low,false
exec_syn_001106,acct_demo_03,ws_production_a,dev_win_03,actor_demo_04,clean-vector-pro,3.6.0,CLEAN ART,success,,4865,2026-08-09T12:34:22.135Z,2026-08-09T12:34:27.000Z,2026-08-09T12:34:28.377Z,local_bridge,Illustrator 28.5,Operation Suite 3.1,windows,SYNTHETIC,false,normal,4.865,8.490028,12,0,0.000000,-1.000000,0.000000,1.000000,clean-vector-pro__CLEAN ART,0.405641,0.588939,false,low,false
exec_syn_001112,acct_demo_02,ws_finishing_a,dev_mac_01,actor_demo_03,clean-vector-pro,3.6.0,CLEAN ART,success,,6225,2026-08-09T13:46:22.775Z,2026-08-09T13:46:29.000Z,2026-08-09T13:46:30.186Z,local_bridge,Illustrator 29.0,Operation Suite 3.1,macos,SYNTHETIC,false,normal,6.225,8.736489,13,0,-0.258819,-0.965926,0.000000,1.000000,clean-vector-pro__CLEAN ART,0.438222,0.588939,false,low,false
exec_syn_001117,acct_demo_01,ws_prepress_a,dev_win_01,actor_demo_01,clean-vector-pro,3.6.0,CLEAN ART,success,,4829,2026-08-09T14:53:16.171Z,2026-08-09T14:53:21.000Z,2026-08-09T14:53:22.154Z,local_bridge,Illustrator 28.5,Operation Suite 3.1,windows,SYNTHETIC,false,normal,4.829,8.482602,14,0,-0.500000,-0.866025,0.000000,1.000000,clean-vector-pro__CLEAN ART,0.404002,0.588939,false,low,false
exec_syn_001113,acct_demo_02,ws_finishing_a,dev_mac_01,actor_demo_03,clean-vector-pro,3.6.0,CLEAN ART,success,,3776,2026-08-09T15:01:07.224Z,2026-08-09T15:01:11.000Z,2026-08-09T15:01:11.261Z,local_bridge,Illustrator 29.0,Operation Suite 3.1,macos,SYNTHETIC,false,normal,3.776,8.236685,15,0,-0.707107,-0.707107,0.000000,1.000000,clean-vector-pro__CLEAN ART,0.427418,0.588939,false,low,false
exec_syn_001109,acct_demo_01,ws_prepress_a,dev_win_01,actor_demo_01,clean-vector-pro,3.6.0,CLEAN ART,success,,4065,2026-08-09T15:10:57.935Z,2026-08-09T15:11:02.000Z,2026-08-09T15:11:02.545Z,local_bridge,Illustrator 28.5,Operation Suite 3.1,windows,SYNTHETIC,false,normal,4.065,8.310415,15,0,-0.707107,-0.707107,0.000000,1.000000,clean-vector-pro__CLEAN ART,0.391418,0.588939,false,low,false
exec_syn_001122,acct_demo_03,ws_production_a,dev_win_03,actor_demo_04,clean-vector-pro,3.6.0,CLEAN ART,success,,3439,2026-08-10T10:01:32.561Z,2026-08-10T10:01:36.000Z,2026-08-10T10:01:37.295Z,local_bridge,Illustrator 28.5,Operation Suite 3.1,windows,SYNTHETIC,false,normal,3.439,8.143227,10,1,0.500000,-0.866025,0.781831,0.623490,clean-vector-pro__CLEAN ART,0.431900,0.588939,false,low,false
exec_syn_001128,acct_demo_02,ws_finishing_a,dev_mac_01,actor_demo_03,clean-vector-pro,3.6.0,CLEAN ART,success,,4197,2026-08-10T10:48:11.803Z,2026-08-10T10:48:16.000Z,2026-08-10T10:48:17.062Z,local_bridge,Illustrator 29.0,Operation Suite 3.1,macos,SYNTHETIC,false,normal,4.197,8.342364,10,1,0.500000,-0.866025,0.781831,0.623490,clean-vector-pro__CLEAN ART,0.392524,0.588939,false,low,false
exec_syn_001133,acct_demo_01,ws_prepress_a,dev_win_01,actor_demo_01,clean-vector-pro,3.6.0,CLEAN ART,success,,3867,2026-08-10T11:31:31.133Z,2026-08-10T11:31:35.000Z,2026-08-10T11:31:35.341Z,local_bridge,Illustrator 28.5,Operation Suite 3.1,windows,SYNTHETIC,false,normal,3.867,8.260493,11,1,0.258819,-0.965926,0.781831,0.623490,clean-vector-pro__CLEAN ART,0.392626,0.588939,false,low,false
exec_syn_001130,acct_demo_01,ws_prepress_a,dev_win_01,actor_demo_01,clean-vector-pro,3.6.0,CLEAN ART,success,,4870,2026-08-10T11:41:20.130Z,2026-08-10T11:41:25.000Z,2026-08-10T11:41:26.458Z,local_bridge,Illustrator 28.5,Operation Suite 3.1,windows,SYNTHETIC,false,normal,4.870,8.491055,11,1,0.258819,-0.965926,0.781831,0.623490,clean-vector-pro__CLEAN ART,0.405329,0.588939,false,low,false
exec_syn_001132,acct_demo_01,ws_prepress_a,dev_win_01,actor_demo_01,clean-vector-pro,3.6.0,CLEAN ART,success,,4998,2026-08-10T12:12:19.002Z,2026-08-10T12:12:24.000Z,2026-08-10T12:12:24.902Z,local_bridge,Illustrator 28.5,Operation Suite 3.1,windows,SYNTHETIC,false,normal,4.998,8.516993,12,1,0.000000,-1.000000,0.781831,0.623490,clean-vector-pro__CLEAN ART,0.419342,0.588939,false,low,false
exec_syn_001121,acct_demo_02,ws_finishing_a,dev_mac_01,actor_demo_03,clean-vector-pro,3.6.0,CLEAN ART,success,,4387,2026-08-10T14:09:28.613Z,2026-08-10T14:09:33.000Z,2026-08-10T14:09:34.270Z,local_bridge,Illustrator 29.0,Operation Suite 3.1,macos,SYNTHETIC,false,normal,4.387,8.386629,14,1,-0.500000,-0.866025,0.781831,0.623490,clean-vector-pro__CLEAN ART,0.397284,0.588939,false,low,false
exec_syn_001129,acct_demo_01,ws_prepress_b,dev_win_02,actor_demo_02,clean-vector-pro,3.6.0,CLEAN ART,success,,4018,2026-08-10T14:11:56.982Z,2026-08-10T14:12:01.000Z,2026-08-10T14:12:02.131Z,local_bridge,Illustrator 28.5,Operation Suite 3.1,windows,SYNTHETIC,false,normal,4.018,8.298788,14,1,-0.500000,-0.866025,0.781831,0.623490,clean-vector-pro__CLEAN ART,0.385513,0.588939,false,low,false
exec_syn_001124,acct_demo_03,ws_production_a,dev_win_03,actor_demo_04,clean-vector-pro,3.6.0,CLEAN ART,success,,5055,2026-08-10T14:12:30.945Z,2026-08-10T14:12:36.000Z,2026-08-10T14:12:36.830Z,local_bridge,Illustrator 28.5,Operation Suite 3.1,windows,SYNTHETIC,false,normal,5.055,8.528331,14,1,-0.500000,-0.866025,0.781831,0.623490,clean-vector-pro__CLEAN ART,0.410284,0.588939,false,low,false
exec_syn_001127,acct_demo_02,ws_finishing_a,dev_mac_01,actor_demo_03,clean-vector-pro,3.6.0,CLEAN ART,success,,4369,2026-08-10T15:36:41.631Z,2026-08-10T15:36:46.000Z,2026-08-10T15:36:47.205Z,local_bridge,Illustrator 29.0,Operation Suite 3.1,macos,SYNTHETIC,false,normal,4.369,8.382518,15,1,-0.707107,-0.707107,0.781831,0.623490,clean-vector-pro__CLEAN ART,0.392058,0.588939,false,low,false
exec_syn_001135,acct_demo_01,ws_prepress_b,dev_win_02,actor_demo_02,clean-vector-pro,3.6.0,CLEAN ART,success,,4012,2026-08-10T15:49:52.988Z,2026-08-10T15:49:57.000Z,2026-08-10T15:49:57.565Z,local_bridge,Illustrator 28.5,Operation Suite 3.1,windows,SYNTHETIC,false,normal,4.012,8.297294,15,1,-0.707107,-0.707107,0.781831,0.623490,clean-vector-pro__CLEAN ART,0.385083,0.588939,false,low,false
exec_syn_001136,acct_demo_01,ws_prepress_a,dev_win_01,actor_demo_01,clean-vector-pro,3.6.0,CLEAN ART,success,,4439,2026-08-10T16:25:35.561Z,2026-08-10T16:25:40.000Z,2026-08-10T16:25:40.720Z,local_bridge,Illustrator 28.5,Operation Suite 3.1,windows,SYNTHETIC,false,normal,4.439,8.398410,16,1,-0.866025,-0.500000,0.781831,0.623490,clean-vector-pro__CLEAN ART,0.398613,0.588939,false,low,false
exec_syn_001152,acct_demo_03,ws_production_a,dev_win_03,actor_demo_04,clean-vector-pro,3.6.0,CLEAN ART,success,,4550,2026-08-11T09:15:51.450Z,2026-08-11T09:15:56.000Z,2026-08-11T09:15:56.425Z,local_bridge,Illustrator 28.5,Operation Suite 3.1,windows,SYNTHETIC,false,normal,4.550,8.423102,9,2,0.707107,-0.707107,0.974928,-0.222521,clean-vector-pro__CLEAN ART,0.400790,0.588939,false,low,false
exec_syn_001141,acct_demo_01,ws_prepress_a,dev_win_01,actor_demo_01,clean-vector-pro,3.6.0,CLEAN ART,success,,5015,2026-08-11T10:11:38.985Z,2026-08-11T10:11:44.000Z,2026-08-11T10:11:44.971Z,local_bridge,Illustrator 28.5,Operation Suite 3.1,windows,SYNTHETIC,false,normal,5.015,8.520388,10,2,0.500000,-0.866025,0.974928,-0.222521,clean-vector-pro__CLEAN ART,0.418707,0.588939,false,low,false
exec_syn_001146,acct_demo_01,ws_prepress_a,dev_win_01,actor_demo_01,clean-vector-pro,3.6.0,CLEAN ART,success,,2914,2026-08-11T10:13:10.086Z,2026-08-11T10:13:13.000Z,2026-08-11T10:13:14.355Z,local_bridge,Illustrator 28.5,Operation Suite 3.1,windows,SYNTHETIC,false,normal,2.914,7.977625,10,2,0.500000,-0.866025,0.974928,-0.222521,clean-vector-pro__CLEAN ART,0.517508,0.588939,false,low,false
exec_syn_001138,acct_demo_01,ws_prepress_b,dev_win_02,actor_demo_02,clean-vector-pro,3.6.0,CLEAN ART,cancelled,ACTION_CANCELLED,16582,2026-08-11T10:59:34.418Z,2026-08-11T10:59:51.000Z,2026-08-11T10:59:52.052Z,local_bridge,Illustrator 28.5,Operation Suite 3.1,windows,SYNTHETIC,true,duration_spike,16.582,9.716133,10,2,0.500000,-0.866025,0.974928,-0.222521,clean-vector-pro__CLEAN ART,0.579138,0.588939,false,low,true
exec_syn_001153,acct_demo_01,ws_prepress_b,dev_win_02,actor_demo_02,clean-vector-pro,3.6.0,CLEAN ART,success,,4928,2026-08-12T09:24:58.072Z,2026-08-12T09:25:03.000Z,2026-08-12T09:25:03.253Z,local_bridge,Illustrator 28.5,Operation Suite 3.1,windows,SYNTHETIC,false,normal,4.928,8.502891,9,3,0.707107,-0.707107,0.433884,-0.900969,clean-vector-pro__CLEAN ART,0.414506,0.588939,false,low,false
exec_syn_001157,acct_demo_03,ws_production_a,dev_win_03,actor_demo_04,clean-vector-pro,3.6.0,CLEAN ART,success,,8242,2026-08-12T09:58:54.758Z,2026-08-12T09:59:03.000Z,2026-08-12T09:59:03.930Z,local_bridge,Illustrator 28.5,Operation Suite 3.1,windows,SYNTHETIC,false,normal,8.242,9.017120,9,3,0.707107,-0.707107,0.433884,-0.900969,clean-vector-pro__CLEAN ART,0.605274,0.588939,true,low,false
exec_syn_001163,acct_demo_01,ws_prepress_a,dev_win_01,actor_demo_01,clean-vector-pro,3.6.0,CLEAN ART,success,,5467,2026-08-12T10:45:58.533Z,2026-08-12T10:46:04.000Z,2026-08-12T10:46:05.369Z,local_bridge,Illustrator 28.5,Operation Suite 3.1,windows,SYNTHETIC,false,normal,5.467,8.606668,10,3,0.500000,-0.866025,0.433884,-0.900969,clean-vector-pro__CLEAN ART,0.419162,0.588939,false,low,false
exec_syn_001156,acct_demo_01,ws_prepress_b,dev_win_02,actor_demo_02,clean-vector-pro,3.6.0,CLEAN ART,success,,5916,2026-08-12T12:32:25.084Z,2026-08-12T12:32:31.000Z,2026-08-12T12:32:32.390Z,local_bridge,Illustrator 28.5,Operation Suite 3.1,windows,SYNTHETIC,false,normal,5.916,8.685585,12,3,0.000000,-1.000000,0.433884,-0.900969,clean-vector-pro__CLEAN ART,0.422107,0.588939,false,low,false
exec_syn_001155,acct_demo_03,ws_production_a,dev_win_03,actor_demo_04,clean-vector-pro,3.6.0,CLEAN ART,success,,4662,2026-08-12T12:53:37.338Z,2026-08-12T12:53:42.000Z,2026-08-12T12:53:43.052Z,local_bridge,Illustrator 28.5,Operation Suite 3.1,windows,SYNTHETIC,false,normal,4.662,8.447414,12,3,0.000000,-1.000000,0.433884,-0.900969,clean-vector-pro__CLEAN ART,0.398456,0.588939,false,low,false
exec_syn_001168,acct_demo_01,ws_prepress_a,dev_win_01,actor_demo_01,clean-vector-pro,3.6.0,CLEAN ART,cancelled,ACTION_CANCELLED,3442,2026-08-12T13:08:28.558Z,2026-08-12T13:08:32.000Z,2026-08-12T13:08:33.378Z,local_bridge,Illustrator 28.5,Operation Suite 3.1,windows,SYNTHETIC,false,normal,3.442,8.144098,13,3,-0.258819,-0.965926,0.433884,-0.900969,clean-vector-pro__CLEAN ART,0.431272,0.588939,false,low,false
exec_syn_001162,acct_demo_01,ws_prepress_a,dev_win_01,actor_demo_01,clean-vector-pro,3.6.0,CLEAN ART,success,,4871,2026-08-12T13:54:05.129Z,2026-08-12T13:54:10.000Z,2026-08-12T13:54:10.582Z,local_bridge,Illustrator 28.5,Operation Suite 3.1,windows,SYNTHETIC,false,normal,4.871,8.491260,13,3,-0.258819,-0.965926,0.433884,-0.900969,clean-vector-pro__CLEAN ART,0.405694,0.588939,false,low,false
exec_syn_001164,acct_demo_01,ws_prepress_a,dev_win_01,actor_demo_01,clean-vector-pro,3.6.0,CLEAN ART,success,,5506,2026-08-12T14:10:52.494Z,2026-08-12T14:10:58.000Z,2026-08-12T14:10:59.326Z,local_bridge,Illustrator 28.5,Operation Suite 3.1,windows,SYNTHETIC,false,normal,5.506,8.613775,14,3,-0.500000,-0.866025,0.433884,-0.900969,clean-vector-pro__CLEAN ART,0.418064,0.588939,false,low,false
exec_syn_001169,acct_demo_02,ws_finishing_a,dev_mac_01,actor_demo_03,clean-vector-pro,3.6.0,CLEAN ART,success,,3164,2026-08-13T08:01:15.836Z,2026-08-13T08:01:19.000Z,2026-08-13T08:01:20.489Z,local_bridge,Illustrator 29.0,Operation Suite 3.1,macos,SYNTHETIC,false,normal,3.164,8.059908,8,4,0.866025,-0.500000,-0.433884,-0.900969,clean-vector-pro__CLEAN ART,0.459583,0.588939,false,low,false
exec_syn_001180,acct_demo_01,ws_prepress_a,dev_win_01,actor_demo_01,clean-vector-pro,3.6.0,CLEAN ART,success,,3961,2026-08-13T08:43:51.039Z,2026-08-13T08:43:55.000Z,2026-08-13T08:43:55.282Z,local_bridge,Illustrator 28.5,Operation Suite 3.1,windows,SYNTHETIC,false,normal,3.961,8.284504,8,4,0.866025,-0.500000,-0.433884,-0.900969,clean-vector-pro__CLEAN ART,0.393681,0.588939,false,low,false
exec_syn_001172,acct_demo_01,ws_prepress_a,dev_win_01,actor_demo_01,clean-vector-pro,3.6.0,CLEAN ART,success,,5091,2026-08-13T09:20:10.909Z,2026-08-13T09:20:16.000Z,2026-08-13T09:20:16.343Z,local_bridge,Illustrator 28.5,Operation Suite 3.1,windows,SYNTHETIC,false,normal,5.091,8.535426,9,4,0.707107,-0.707107,-0.433884,-0.900969,clean-vector-pro__CLEAN ART,0.408182,0.588939,false,low,false
exec_syn_001182,acct_demo_02,ws_finishing_a,dev_mac_01,actor_demo_03,clean-vector-pro,3.6.0,CLEAN ART,success,,3908,2026-08-13T10:18:59.092Z,2026-08-13T10:19:03.000Z,2026-08-13T10:19:04.027Z,local_bridge,Illustrator 29.0,Operation Suite 3.1,macos,SYNTHETIC,false,normal,3.908,8.271037,10,4,0.500000,-0.866025,-0.433884,-0.900969,clean-vector-pro__CLEAN ART,0.391959,0.588939,false,low,false
exec_syn_001177,acct_demo_01,ws_prepress_b,dev_win_02,actor_demo_02,clean-vector-pro,3.6.0,CLEAN ART,success,,4746,2026-08-13T12:39:33.254Z,2026-08-13T12:39:38.000Z,2026-08-13T12:39:39.290Z,local_bridge,Illustrator 28.5,Operation Suite 3.1,windows,SYNTHETIC,false,normal,4.746,8.465268,12,4,0.000000,-1.000000,-0.433884,-0.900969,clean-vector-pro__CLEAN ART,0.394816,0.588939,false,low,false
exec_syn_001170,acct_demo_02,ws_finishing_a,dev_mac_01,actor_demo_03,clean-vector-pro,3.6.0,CLEAN ART,success,,3667,2026-08-13T13:03:56.333Z,2026-08-13T13:04:00.000Z,2026-08-13T13:04:00.680Z,local_bridge,Illustrator 29.0,Operation Suite 3.1,macos,SYNTHETIC,false,normal,3.667,8.207402,13,4,-0.258819,-0.965926,-0.433884,-0.900969,clean-vector-pro__CLEAN ART,0.426624,0.588939,false,low,false
exec_syn_001181,acct_demo_03,ws_production_a,dev_win_03,actor_demo_04,clean-vector-pro,3.6.0,CLEAN ART,success,,4505,2026-08-13T15:46:22.495Z,2026-08-13T15:46:27.000Z,2026-08-13T15:46:27.697Z,local_bridge,Illustrator 28.5,Operation Suite 3.1,windows,SYNTHETIC,false,normal,4.505,8.413165,15,4,-0.707107,-0.707107,-0.433884,-0.900969,clean-vector-pro__CLEAN ART,0.399578,0.588939,false,low,false
exec_syn_001183,acct_demo_03,ws_production_a,dev_win_03,actor_demo_04,clean-vector-pro,3.6.0,CLEAN ART,success,,4798,2026-08-13T17:07:07.202Z,2026-08-13T17:07:12.000Z,2026-08-13T17:07:12.609Z,local_bridge,Illustrator 28.5,Operation Suite 3.1,windows,SYNTHETIC,false,normal,4.798,8.476163,17,4,-0.965926,-0.258819,-0.433884,-0.900969,clean-vector-pro__CLEAN ART,0.402159,0.588939,false,low,false
exec_syn_001197,acct_demo_02,ws_finishing_a,dev_mac_01,actor_demo_03,clean-vector-pro,3.6.0,CLEAN ART,success,,4386,2026-08-14T08:00:33.614Z,2026-08-14T08:00:38.000Z,2026-08-14T08:00:39.496Z,local_bridge,Illustrator 29.0,Operation Suite 3.1,macos,SYNTHETIC,false,normal,4.386,8.386401,8,5,0.866025,-0.500000,-0.974928,-0.222521,clean-vector-pro__CLEAN ART,0.396287,0.588939,false,low,false
exec_syn_001198,acct_demo_01,ws_prepress_b,dev_win_02,actor_demo_02,clean-vector-pro,3.6.0,CLEAN ART,success,,6907,2026-08-14T11:13:35.093Z,2026-08-14T11:13:42.000Z,2026-08-14T11:13:42.658Z,local_bridge,Illustrator 28.5,Operation Suite 3.1,windows,SYNTHETIC,false,normal,6.907,8.840435,11,5,0.258819,-0.965926,-0.974928,-0.222521,clean-vector-pro__CLEAN ART,0.506942,0.588939,false,low,false
exec_syn_001186,acct_demo_02,ws_finishing_a,dev_mac_01,actor_demo_03,clean-vector-pro,3.6.0,CLEAN ART,success,,4075,2026-08-14T12:24:52.925Z,2026-08-14T12:24:57.000Z,2026-08-14T12:24:58.325Z,local_bridge,Illustrator 29.0,Operation Suite 3.1,macos,SYNTHETIC,false,normal,4.075,8.312871,12,5,0.000000,-1.000000,-0.974928,-0.222521,clean-vector-pro__CLEAN ART,0.391205,0.588939,false,low,false
exec_syn_001191,acct_demo_01,ws_prepress_a,dev_win_01,actor_demo_01,clean-vector-pro,3.6.0,CLEAN ART,success,,4768,2026-08-14T13:06:52.232Z,2026-08-14T13:06:57.000Z,2026-08-14T13:06:58.215Z,local_bridge,Illustrator 28.5,Operation Suite 3.1,windows,SYNTHETIC,false,normal,4.768,8.469892,13,5,-0.258819,-0.965926,-0.974928,-0.222521,clean-vector-pro__CLEAN ART,0.397028,0.588939,false,low,false
exec_syn_001189,acct_demo_03,ws_production_a,dev_win_03,actor_demo_04,clean-vector-pro,3.6.0,CLEAN ART,success,,4515,2026-08-14T13:38:44.485Z,2026-08-14T13:38:49.000Z,2026-08-14T13:38:49.311Z,local_bridge,Illustrator 28.5,Operation Suite 3.1,windows,SYNTHETIC,false,normal,4.515,8.415382,13,5,-0.258819,-0.965926,-0.974928,-0.222521,clean-vector-pro__CLEAN ART,0.400816,0.588939,false,low,false
exec_syn_001195,acct_demo_02,ws_finishing_a,dev_mac_01,actor_demo_03,clean-vector-pro,3.6.0,CLEAN ART,success,,4292,2026-08-14T14:01:54.708Z,2026-08-14T14:01:59.000Z,2026-08-14T14:01:59.820Z,local_bridge,Illustrator 29.0,Operation Suite 3.1,macos,SYNTHETIC,false,normal,4.292,8.364741,14,5,-0.500000,-0.866025,-0.974928,-0.222521,clean-vector-pro__CLEAN ART,0.387722,0.588939,false,low,false
exec_syn_001187,acct_demo_03,ws_production_a,dev_win_03,actor_demo_04,clean-vector-pro,3.6.0,CLEAN ART,success,,6888,2026-08-14T14:44:47.112Z,2026-08-14T14:44:54.000Z,2026-08-14T14:44:54.257Z,local_bridge,Illustrator 28.5,Operation Suite 3.1,windows,SYNTHETIC,false,normal,6.888,8.837681,14,5,-0.500000,-0.866025,-0.974928,-0.222521,clean-vector-pro__CLEAN ART,0.501542,0.588939,false,low,false
exec_syn_001209,acct_demo_01,ws_prepress_a,dev_win_01,actor_demo_01,clean-vector-pro,3.6.0,CLEAN ART,success,,3614,2026-08-15T10:14:50.386Z,2026-08-15T10:14:54.000Z,2026-08-15T10:14:54.805Z,local_bridge,Illustrator 28.5,Operation Suite 3.1,windows,SYNTHETIC,false,normal,3.614,8.192847,10,6,0.500000,-0.866025,-0.781831,0.623490,clean-vector-pro__CLEAN ART,0.423270,0.588939,false,low,false
exec_syn_001203,acct_demo_03,ws_production_a,dev_win_03,actor_demo_04,clean-vector-pro,3.6.0,CLEAN ART,success,,9704,2026-08-15T11:38:38.296Z,2026-08-15T11:38:48.000Z,2026-08-15T11:38:49.200Z,local_bridge,Illustrator 28.5,Operation Suite 3.1,windows,SYNTHETIC,true,duration_spike,9.704,9.180396,11,6,0.258819,-0.965926,-0.781831,0.623490,clean-vector-pro__CLEAN ART,0.639694,0.588939,true,medium,false
exec_syn_001204,acct_demo_03,ws_production_a,dev_win_03,actor_demo_04,clean-vector-pro,3.6.0,CLEAN ART,success,,4793,2026-08-15T11:59:15.207Z,2026-08-15T11:59:20.000Z,2026-08-15T11:59:21.446Z,local_bridge,Illustrator 28.5,Operation Suite 3.1,windows,SYNTHETIC,false,normal,4.793,8.475120,11,6,0.258819,-0.965926,-0.781831,0.623490,clean-vector-pro__CLEAN ART,0.401893,0.588939,false,low,false
exec_syn_001216,acct_demo_01,ws_prepress_b,dev_win_02,actor_demo_02,clean-vector-pro,3.6.0,CLEAN ART,success,,8361,2026-08-15T12:45:05.639Z,2026-08-15T12:45:14.000Z,2026-08-15T12:45:15.448Z,local_bridge,Illustrator 28.5,Operation Suite 3.1,windows,SYNTHETIC,false,normal,8.361,9.031453,12,6,0.000000,-1.000000,-0.781831,0.623490,clean-vector-pro__CLEAN ART,0.611172,0.588939,true,low,false
exec_syn_001215,acct_demo_01,ws_prepress_b,dev_win_02,actor_demo_02,clean-vector-pro,3.6.0,CLEAN ART,success,,4225,2026-08-15T12:51:04.775Z,2026-08-15T12:51:09.000Z,2026-08-15T12:51:10.139Z,local_bridge,Illustrator 28.5,Operation Suite 3.1,windows,SYNTHETIC,false,normal,4.225,8.349011,12,6,0.000000,-1.000000,-0.781831,0.623490,clean-vector-pro__CLEAN ART,0.390674,0.588939,false,low,false
exec_syn_001214,acct_demo_01,ws_prepress_a,dev_win_01,actor_demo_01,clean-vector-pro,3.6.0,CLEAN ART,success,,4390,2026-08-15T13:33:19.610Z,2026-08-15T13:33:24.000Z,2026-08-15T13:33:25.048Z,local_bridge,Illustrator 28.5,Operation Suite 3.1,windows,SYNTHETIC,false,normal,4.390,8.387312,13,6,-0.258819,-0.965926,-0.781831,0.623490,clean-vector-pro__CLEAN ART,0.396745,0.588939,false,low,false
exec_syn_001221,acct_demo_01,ws_prepress_b,dev_win_02,actor_demo_02,clean-vector-pro,3.6.0,CLEAN ART,success,,3902,2026-08-16T11:10:03.098Z,2026-08-16T11:10:07.000Z,2026-08-16T11:10:07.480Z,local_bridge,Illustrator 28.5,Operation Suite 3.1,windows,SYNTHETIC,false,normal,3.902,8.269501,11,0,0.258819,-0.965926,0.000000,1.000000,clean-vector-pro__CLEAN ART,0.391159,0.588939,false,low,false
exec_syn_001222,acct_demo_01,ws_prepress_b,dev_win_02,actor_demo_02,clean-vector-pro,3.6.0,CLEAN ART,success,,8328,2026-08-16T11:40:46.672Z,2026-08-16T11:40:55.000Z,2026-08-16T11:40:56.220Z,local_bridge,Illustrator 28.5,Operation Suite 3.1,windows,SYNTHETIC,false,normal,8.328,9.027499,11,0,0.258819,-0.965926,0.000000,1.000000,clean-vector-pro__CLEAN ART,0.609899,0.588939,true,low,false
exec_syn_001217,acct_demo_03,ws_production_a,dev_win_03,actor_demo_04,clean-vector-pro,3.6.0,CLEAN ART,success,,6861,2026-08-16T12:05:00.139Z,2026-08-16T12:05:07.000Z,2026-08-16T12:05:07.713Z,local_bridge,Illustrator 28.5,Operation Suite 3.1,windows,SYNTHETIC,false,normal,6.861,8.833754,12,0,0.000000,-1.000000,0.000000,1.000000,clean-vector-pro__CLEAN ART,0.499616,0.588939,false,low,false
exec_syn_001232,acct_demo_01,ws_prepress_a,dev_win_01,actor_demo_01,clean-vector-pro,3.6.0,CLEAN ART,success,,3803,2026-08-16T12:48:36.197Z,2026-08-16T12:48:40.000Z,2026-08-16T12:48:41.423Z,local_bridge,Illustrator 28.5,Operation Suite 3.1,windows,SYNTHETIC,false,normal,3.803,8.243808,12,0,0.000000,-1.000000,0.000000,1.000000,clean-vector-pro__CLEAN ART,0.411084,0.588939,false,low,false
exec_syn_001220,acct_demo_01,ws_prepress_a,dev_win_01,actor_demo_01,clean-vector-pro,3.6.0,CLEAN ART,success,,4077,2026-08-16T13:20:25.923Z,2026-08-16T13:20:30.000Z,2026-08-16T13:20:31.155Z,local_bridge,Illustrator 28.5,Operation Suite 3.1,windows,SYNTHETIC,false,normal,4.077,8.313362,13,0,-0.258819,-0.965926,0.000000,1.000000,clean-vector-pro__CLEAN ART,0.391505,0.588939,false,low,false
exec_syn_001219,acct_demo_01,ws_prepress_b,dev_win_02,actor_demo_02,clean-vector-pro,3.6.0,CLEAN ART,success,,6700,2026-08-16T14:37:34.300Z,2026-08-16T14:37:41.000Z,2026-08-16T14:37:41.886Z,local_bridge,Illustrator 28.5,Operation Suite 3.1,windows,SYNTHETIC,false,normal,6.700,8.810012,14,0,-0.500000,-0.866025,0.000000,1.000000,clean-vector-pro__CLEAN ART,0.489903,0.588939,false,low,false
exec_syn_001235,acct_demo_01,ws_prepress_b,dev_win_02,actor_demo_02,clean-vector-pro,3.6.0,CLEAN ART,success,,5181,2026-08-17T13:15:22.819Z,2026-08-17T13:15:28.000Z,2026-08-17T13:15:28.782Z,local_bridge,Illustrator 28.5,Operation Suite 3.1,windows,SYNTHETIC,false,normal,5.181,8.552946,13,1,-0.258819,-0.965926,0.781831,0.623490,clean-vector-pro__CLEAN ART,0.411748,0.588939,false,low,false
exec_syn_001248,acct_demo_03,ws_production_a,dev_win_03,actor_demo_04,clean-vector-pro,3.6.0,CLEAN ART,success,,3698,2026-08-17T15:46:16.302Z,2026-08-17T15:46:20.000Z,2026-08-17T15:46:20.897Z,local_bridge,Illustrator 28.5,Operation Suite 3.1,windows,SYNTHETIC,false,normal,3.698,8.215818,15,1,-0.707107,-0.707107,0.781831,0.623490,clean-vector-pro__CLEAN ART,0.431020,0.588939,false,low,false
exec_syn_001243,acct_demo_03,ws_production_a,dev_win_03,actor_demo_04,clean-vector-pro,3.6.0,CLEAN ART,success,,5520,2026-08-17T15:59:24.480Z,2026-08-17T15:59:30.000Z,2026-08-17T15:59:30.956Z,local_bridge,Illustrator 28.5,Operation Suite 3.1,windows,SYNTHETIC,false,normal,5.520,8.616314,15,1,-0.707107,-0.707107,0.781831,0.623490,clean-vector-pro__CLEAN ART,0.416919,0.588939,false,low,false
exec_syn_001242,acct_demo_03,ws_production_a,dev_win_03,actor_demo_04,clean-vector-pro,3.6.0,CLEAN ART,success,,4130,2026-08-17T16:10:54.870Z,2026-08-17T16:10:59.000Z,2026-08-17T16:11:00.152Z,local_bridge,Illustrator 28.5,Operation Suite 3.1,windows,SYNTHETIC,false,normal,4.130,8.326275,16,1,-0.866025,-0.500000,0.781831,0.623490,clean-vector-pro__CLEAN ART,0.394073,0.588939,false,low,false
exec_syn_001234,acct_demo_01,ws_prepress_a,dev_win_01,actor_demo_01,clean-vector-pro,3.6.0,CLEAN ART,success,,4181,2026-08-17T16:30:15.819Z,2026-08-17T16:30:20.000Z,2026-08-17T16:30:21.178Z,local_bridge,Illustrator 28.5,Operation Suite 3.1,windows,SYNTHETIC,false,normal,4.181,8.338545,16,1,-0.866025,-0.500000,0.781831,0.623490,clean-vector-pro__CLEAN ART,0.392213,0.588939,false,low,false
exec_syn_001252,acct_demo_02,ws_finishing_a,dev_mac_01,actor_demo_03,clean-vector-pro,3.6.0,CLEAN ART,success,,4402,2026-08-18T11:00:31.598Z,2026-08-18T11:00:36.000Z,2026-08-18T11:00:37.160Z,local_bridge,Illustrator 29.0,Operation Suite 3.1,macos,SYNTHETIC,false,normal,4.402,8.390041,11,2,0.258819,-0.965926,0.974928,-0.222521,clean-vector-pro__CLEAN ART,0.395917,0.588939,false,low,false
exec_syn_001249,acct_demo_01,ws_prepress_a,dev_win_01,actor_demo_01,clean-vector-pro,3.6.0,CLEAN ART,success,,3835,2026-08-18T11:32:44.165Z,2026-08-18T11:32:48.000Z,2026-08-18T11:32:48.774Z,local_bridge,Illustrator 28.5,Operation Suite 3.1,windows,SYNTHETIC,false,normal,3.835,8.252185,11,2,0.258819,-0.965926,0.974928,-0.222521,clean-vector-pro__CLEAN ART,0.401049,0.588939,false,low,false
exec_syn_001263,acct_demo_01,ws_prepress_b,dev_win_02,actor_demo_02,clean-vector-pro,3.6.0,CLEAN ART,failure,PROCESSING_FAILED,3438,2026-08-18T13:25:57.562Z,2026-08-18T13:26:01.000Z,2026-08-18T13:26:02.385Z,local_bridge,Illustrator 28.5,Operation Suite 3.1,windows,SYNTHETIC,false,normal,3.438,8.142936,13,2,-0.258819,-0.965926,0.974928,-0.222521,clean-vector-pro__CLEAN ART,0.433477,0.588939,false,low,false
exec_syn_001256,acct_demo_03,ws_production_a,dev_win_03,actor_demo_04,clean-vector-pro,3.6.0,CLEAN ART,success,,3949,2026-08-18T14:26:58.051Z,2026-08-18T14:27:02.000Z,2026-08-18T14:27:03.132Z,local_bridge,Illustrator 28.5,Operation Suite 3.1,windows,SYNTHETIC,false,normal,3.949,8.281471,14,2,-0.500000,-0.866025,0.974928,-0.222521,clean-vector-pro__CLEAN ART,0.393963,0.588939,false,low,false
exec_syn_001269,acct_demo_01,ws_prepress_a,dev_win_01,actor_demo_01,clean-vector-pro,3.6.0,CLEAN ART,success,,3895,2026-08-19T11:27:53.105Z,2026-08-19T11:27:57.000Z,2026-08-19T11:27:57.566Z,local_bridge,Illustrator 28.5,Operation Suite 3.1,windows,SYNTHETIC,false,normal,3.895,8.267706,11,3,0.258819,-0.965926,0.433884,-0.900969,clean-vector-pro__CLEAN ART,0.392644,0.588939,false,low,false
exec_syn_001273,acct_demo_02,ws_finishing_a,dev_mac_01,actor_demo_03,clean-vector-pro,3.6.0,CLEAN ART,success,,4387,2026-08-19T12:26:22.613Z,2026-08-19T12:26:27.000Z,2026-08-19T12:26:28.423Z,local_bridge,Illustrator 29.0,Operation Suite 3.1,macos,SYNTHETIC,false,normal,4.387,8.386629,12,3,0.000000,-1.000000,0.433884,-0.900969,clean-vector-pro__CLEAN ART,0.397284,0.588939,false,low,false
exec_syn_001280,acct_demo_02,ws_finishing_a,dev_mac_01,actor_demo_03,clean-vector-pro,3.6.0,CLEAN ART,success,,4204,2026-08-19T13:22:27.796Z,2026-08-19T13:22:32.000Z,2026-08-19T13:22:33.089Z,local_bridge,Illustrator 29.0,Operation Suite 3.1,macos,SYNTHETIC,false,normal,4.204,8.344030,13,3,-0.258819,-0.965926,0.433884,-0.900969,clean-vector-pro__CLEAN ART,0.390921,0.588939,false,low,false
exec_syn_001266,acct_demo_03,ws_production_a,dev_win_03,actor_demo_04,clean-vector-pro,3.6.0,CLEAN ART,success,,5946,2026-08-19T16:40:12.054Z,2026-08-19T16:40:18.000Z,2026-08-19T16:40:18.658Z,local_bridge,Illustrator 28.5,Operation Suite 3.1,windows,SYNTHETIC,false,normal,5.946,8.690642,16,3,-0.866025,-0.500000,0.433884,-0.900969,clean-vector-pro__CLEAN ART,0.424234,0.588939,false,low,false
exec_syn_001274,acct_demo_01,ws_prepress_a,dev_win_01,actor_demo_01,clean-vector-pro,3.6.0,CLEAN ART,success,,3292,2026-08-19T17:57:16.708Z,2026-08-19T17:57:20.000Z,2026-08-19T17:57:20.755Z,local_bridge,Illustrator 28.5,Operation Suite 3.1,windows,SYNTHETIC,false,normal,3.292,8.099554,17,3,-0.965926,-0.258819,0.433884,-0.900969,clean-vector-pro__CLEAN ART,0.455989,0.588939,false,low,false
exec_syn_001295,acct_demo_01,ws_prepress_a,dev_win_01,actor_demo_01,clean-vector-pro,3.6.0,CLEAN ART,success,,8725,2026-08-20T08:45:57.275Z,2026-08-20T08:46:06.000Z,2026-08-20T08:46:06.340Z,local_bridge,Illustrator 28.5,Operation Suite 3.1,windows,SYNTHETIC,false,normal,8.725,9.074062,8,4,0.866025,-0.500000,-0.433884,-0.900969,clean-vector-pro__CLEAN ART,0.631928,0.588939,true,medium,false
exec_syn_001294,acct_demo_01,ws_prepress_b,dev_win_02,actor_demo_02,clean-vector-pro,3.6.0,CLEAN ART,success,,4018,2026-08-20T10:23:22.982Z,2026-08-20T10:23:27.000Z,2026-08-20T10:23:27.250Z,local_bridge,Illustrator 28.5,Operation Suite 3.1,windows,SYNTHETIC,false,normal,4.018,8.298788,10,4,0.500000,-0.866025,-0.433884,-0.900969,clean-vector-pro__CLEAN ART,0.385513,0.588939,false,low,false
exec_syn_001285,acct_demo_02,ws_finishing_a,dev_mac_01,actor_demo_03,clean-vector-pro,3.6.0,CLEAN ART,success,,4972,2026-08-20T11:32:37.028Z,2026-08-20T11:32:42.000Z,2026-08-20T11:32:42.989Z,local_bridge,Illustrator 29.0,Operation Suite 3.1,macos,SYNTHETIC,false,normal,4.972,8.511779,11,4,0.258819,-0.965926,-0.433884,-0.900969,clean-vector-pro__CLEAN ART,0.422181,0.588939,false,low,false
exec_syn_001284,acct_demo_03,ws_production_a,dev_win_03,actor_demo_04,clean-vector-pro,3.6.0,CLEAN ART,success,,5683,2026-08-20T12:27:38.317Z,2026-08-20T12:27:44.000Z,2026-08-20T12:27:44.454Z,local_bridge,Illustrator 28.5,Operation Suite 3.1,windows,SYNTHETIC,false,normal,5.683,8.645410,12,4,0.000000,-1.000000,-0.433884,-0.900969,clean-vector-pro__CLEAN ART,0.417104,0.588939,false,low,false
exec_syn_001290,acct_demo_02,ws_finishing_a,dev_mac_01,actor_demo_03,clean-vector-pro,3.6.0,CLEAN ART,success,,2633,2026-08-20T12:41:52.367Z,2026-08-20T12:41:55.000Z,2026-08-20T12:41:56.244Z,local_bridge,Illustrator 29.0,Operation Suite 3.1,macos,SYNTHETIC,false,normal,2.633,7.876259,12,4,0.000000,-1.000000,-0.433884,-0.900969,clean-vector-pro__CLEAN ART,0.576370,0.588939,false,low,false
exec_syn_001291,acct_demo_01,ws_prepress_b,dev_win_02,actor_demo_02,clean-vector-pro,3.6.0,CLEAN ART,success,,5220,2026-08-20T12:59:37.780Z,2026-08-20T12:59:43.000Z,2026-08-20T12:59:44.318Z,local_bridge,Illustrator 28.5,Operation Suite 3.1,windows,SYNTHETIC,false,normal,5.220,8.560444,12,4,0.000000,-1.000000,-0.433884,-0.900969,clean-vector-pro__CLEAN ART,0.411284,0.588939,false,low,false
exec_syn_001282,acct_demo_01,ws_prepress_a,dev_win_01,actor_demo_01,clean-vector-pro,3.6.0,CLEAN ART,success,,3307,2026-08-20T14:58:48.693Z,2026-08-20T14:58:52.000Z,2026-08-20T14:58:52.497Z,local_bridge,Illustrator 28.5,Operation Suite 3.1,windows,SYNTHETIC,false,normal,3.307,8.104099,14,4,-0.500000,-0.866025,-0.433884,-0.900969,clean-vector-pro__CLEAN ART,0.452029,0.588939,false,low,false
exec_syn_001292,acct_demo_01,ws_prepress_b,dev_win_02,actor_demo_02,clean-vector-pro,3.6.0,CLEAN ART,success,,4567,2026-08-20T16:11:15.433Z,2026-08-20T16:11:20.000Z,2026-08-20T16:11:21.036Z,local_bridge,Illustrator 28.5,Operation Suite 3.1,windows,SYNTHETIC,false,normal,4.567,8.426831,16,4,-0.866025,-0.500000,-0.433884,-0.900969,clean-vector-pro__CLEAN ART,0.401808,0.588939,false,low,false
exec_syn_001287,acct_demo_02,ws_finishing_a,dev_mac_01,actor_demo_03,clean-vector-pro,3.6.0,CLEAN ART,success,,3699,2026-08-20T17:39:20.301Z,2026-08-20T17:39:24.000Z,2026-08-20T17:39:24.291Z,local_bridge,Illustrator 29.0,Operation Suite 3.1,macos,SYNTHETIC,false,normal,3.699,8.216088,17,4,-0.965926,-0.258819,-0.433884,-0.900969,clean-vector-pro__CLEAN ART,0.431020,0.588939,false,low,false
exec_syn_001286,acct_demo_01,ws_prepress_a,dev_win_01,actor_demo_01,clean-vector-pro,3.6.0,CLEAN ART,success,,3905,2026-08-20T17:56:14.095Z,2026-08-20T17:56:18.000Z,2026-08-20T17:56:19.015Z,local_bridge,Illustrator 28.5,Operation Suite 3.1,windows,SYNTHETIC,false,normal,3.905,8.270269,17,4,-0.965926,-0.258819,-0.433884,-0.900969,clean-vector-pro__CLEAN ART,0.391108,0.588939,false,low,false
exec_syn_001311,acct_demo_01,ws_prepress_b,dev_win_02,actor_demo_02,clean-vector-pro,3.6.0,CLEAN ART,success,,3855,2026-08-21T09:22:40.145Z,2026-08-21T09:22:44.000Z,2026-08-21T09:22:45.269Z,local_bridge,Illustrator 28.5,Operation Suite 3.1,windows,SYNTHETIC,false,normal,3.855,8.257386,9,5,0.707107,-0.707107,-0.974928,-0.222521,clean-vector-pro__CLEAN ART,0.394773,0.588939,false,low,false
exec_syn_001309,acct_demo_01,ws_prepress_b,dev_win_02,actor_demo_02,clean-vector-pro,3.6.0,CLEAN ART,success,,4614,2026-08-21T09:33:04.386Z,2026-08-21T09:33:09.000Z,2026-08-21T09:33:09.300Z,local_bridge,Illustrator 28.5,Operation Suite 3.1,windows,SYNTHETIC,false,normal,4.614,8.437067,9,5,0.707107,-0.707107,-0.974928,-0.222521,clean-vector-pro__CLEAN ART,0.403743,0.588939,false,low,false
exec_syn_001300,acct_demo_01,ws_prepress_b,dev_win_02,actor_demo_02,clean-vector-pro,3.6.0,CLEAN ART,success,,3402,2026-08-21T10:43:10.598Z,2026-08-21T10:43:14.000Z,2026-08-21T10:43:14.871Z,local_bridge,Illustrator 28.5,Operation Suite 3.1,windows,SYNTHETIC,false,normal,3.402,8.132413,10,5,0.500000,-0.866025,-0.974928,-0.222521,clean-vector-pro__CLEAN ART,0.437547,0.588939,false,low,false
exec_syn_001301,acct_demo_01,ws_prepress_a,dev_win_01,actor_demo_01,clean-vector-pro,3.6.0,CLEAN ART,success,,6219,2026-08-21T10:51:54.781Z,2026-08-21T10:52:01.000Z,2026-08-21T10:52:02.108Z,local_bridge,Illustrator 28.5,Operation Suite 3.1,windows,SYNTHETIC,false,normal,6.219,8.735525,10,5,0.500000,-0.866025,-0.974928,-0.222521,clean-vector-pro__CLEAN ART,0.439063,0.588939,false,low,false
exec_syn_001299,acct_demo_01,ws_prepress_a,dev_win_01,actor_demo_01,clean-vector-pro,3.6.0,CLEAN ART,failure,HOST_UNAVAILABLE,4135,2026-08-21T12:34:20.865Z,2026-08-21T12:34:25.000Z,2026-08-21T12:34:25.352Z,local_bridge,Illustrator 28.5,Operation Suite 3.1,windows,SYNTHETIC,false,normal,4.135,8.327484,12,5,0.000000,-1.000000,-0.974928,-0.222521,clean-vector-pro__CLEAN ART,0.395790,0.588939,false,low,false
exec_syn_001306,acct_demo_03,ws_production_a,dev_win_03,actor_demo_04,clean-vector-pro,3.6.0,CLEAN ART,success,,5177,2026-08-21T13:22:57.823Z,2026-08-21T13:23:03.000Z,2026-08-21T13:23:04.438Z,local_bridge,Illustrator 28.5,Operation Suite 3.1,windows,SYNTHETIC,false,normal,5.177,8.552174,13,5,-0.258819,-0.965926,-0.974928,-0.222521,clean-vector-pro__CLEAN ART,0.411786,0.588939,false,low,false
exec_syn_001312,acct_demo_01,ws_prepress_a,dev_win_01,actor_demo_01,clean-vector-pro,3.6.0,CLEAN ART,success,,5315,2026-08-21T14:00:34.685Z,2026-08-21T14:00:40.000Z,2026-08-21T14:00:40.573Z,local_bridge,Illustrator 28.5,Operation Suite 3.1,windows,SYNTHETIC,false,normal,5.315,8.578476,14,5,-0.500000,-0.866025,-0.974928,-0.222521,clean-vector-pro__CLEAN ART,0.418961,0.588939,false,low,false
exec_syn_001298,acct_demo_02,ws_finishing_a,dev_mac_01,actor_demo_03,clean-vector-pro,3.6.0,CLEAN ART,success,,3666,2026-08-21T15:18:14.334Z,2026-08-21T15:18:18.000Z,2026-08-21T15:18:18.387Z,local_bridge,Illustrator 29.0,Operation Suite 3.1,macos,SYNTHETIC,false,normal,3.666,8.207129,15,5,-0.707107,-0.707107,-0.974928,-0.222521,clean-vector-pro__CLEAN ART,0.426624,0.588939,false,low,false
exec_syn_001305,acct_demo_01,ws_prepress_b,dev_win_02,actor_demo_02,clean-vector-pro,3.6.0,CLEAN ART,success,,5531,2026-08-21T15:18:13.469Z,2026-08-21T15:18:19.000Z,2026-08-21T15:18:19.465Z,local_bridge,Illustrator 28.5,Operation Suite 3.1,windows,SYNTHETIC,false,normal,5.531,8.618305,15,5,-0.707107,-0.707107,-0.974928,-0.222521,clean-vector-pro__CLEAN ART,0.416836,0.588939,false,low,false
exec_syn_001297,acct_demo_03,ws_production_a,dev_win_03,actor_demo_04,clean-vector-pro,3.6.0,CLEAN ART,success,,3633,2026-08-21T15:19:36.367Z,2026-08-21T15:19:40.000Z,2026-08-21T15:19:40.962Z,local_bridge,Illustrator 28.5,Operation Suite 3.1,windows,SYNTHETIC,false,normal,3.633,8.198089,15,5,-0.707107,-0.707107,-0.974928,-0.222521,clean-vector-pro__CLEAN ART,0.426990,0.588939,false,low,false
exec_syn_001308,acct_demo_01,ws_prepress_b,dev_win_02,actor_demo_02,clean-vector-pro,3.6.0,CLEAN ART,success,,6213,2026-08-21T16:34:38.787Z,2026-08-21T16:34:45.000Z,2026-08-21T16:34:45.483Z,local_bridge,Illustrator 28.5,Operation Suite 3.1,windows,SYNTHETIC,false,normal,6.213,8.734560,16,5,-0.866025,-0.500000,-0.974928,-0.222521,clean-vector-pro__CLEAN ART,0.440614,0.588939,false,low,false
exec_syn_001303,acct_demo_01,ws_prepress_a,dev_win_01,actor_demo_01,clean-vector-pro,3.6.0,CLEAN ART,success,,4340,2026-08-21T16:37:02.660Z,2026-08-21T16:37:07.000Z,2026-08-21T16:37:08.319Z,local_bridge,Illustrator 28.5,Operation Suite 3.1,windows,SYNTHETIC,false,normal,4.340,8.375860,16,5,-0.866025,-0.500000,-0.974928,-0.222521,clean-vector-pro__CLEAN ART,0.391039,0.588939,false,low,false
exec_syn_001310,acct_demo_01,ws_prepress_a,dev_win_01,actor_demo_01,clean-vector-pro,3.6.0,CLEAN ART,failure,DOCUMENT_UNAVAILABLE,4489,2026-08-21T16:53:18.511Z,2026-08-21T16:53:23.000Z,2026-08-21T16:53:24.095Z,local_bridge,Illustrator 28.5,Operation Suite 3.1,windows,SYNTHETIC,false,normal,4.489,8.409608,16,5,-0.866025,-0.500000,-0.974928,-0.222521,clean-vector-pro__CLEAN ART,0.400952,0.588939,false,low,false
exec_syn_001326,acct_demo_01,ws_prepress_a,dev_win_01,actor_demo_01,clean-vector-pro,3.6.0,CLEAN ART,success,,5900,2026-08-22T10:57:00.100Z,2026-08-22T10:57:06.000Z,2026-08-22T10:57:07.419Z,local_bridge,Illustrator 28.5,Operation Suite 3.1,windows,SYNTHETIC,false,normal,5.900,8.682877,10,6,0.500000,-0.866025,-0.781831,0.623490,clean-vector-pro__CLEAN ART,0.422954,0.588939,false,low,false
exec_syn_001322,acct_demo_01,ws_prepress_b,dev_win_02,actor_demo_02,clean-vector-pro,3.6.0,CLEAN ART,success,,4938,2026-08-22T12:02:04.062Z,2026-08-22T12:02:09.000Z,2026-08-22T12:02:10.336Z,local_bridge,Illustrator 28.5,Operation Suite 3.1,windows,SYNTHETIC,false,normal,4.938,8.504918,12,6,0.000000,-1.000000,-0.781831,0.623490,clean-vector-pro__CLEAN ART,0.417700,0.588939,false,low,false
exec_syn_001316,acct_demo_01,ws_prepress_b,dev_win_02,actor_demo_02,clean-vector-pro,3.6.0,CLEAN ART,success,,6888,2026-08-22T12:23:46.112Z,2026-08-22T12:23:53.000Z,2026-08-22T12:23:54.175Z,local_bridge,Illustrator 28.5,Operation Suite 3.1,windows,SYNTHETIC,false,normal,6.888,8.837681,12,6,0.000000,-1.000000,-0.781831,0.623490,clean-vector-pro__CLEAN ART,0.501542,0.588939,false,low,false
exec_syn_001327,acct_demo_03,ws_production_a,dev_win_03,actor_demo_04,clean-vector-pro,3.6.0,CLEAN ART,success,,5254,2026-08-22T13:34:45.746Z,2026-08-22T13:34:51.000Z,2026-08-22T13:34:52.346Z,local_bridge,Illustrator 28.5,Operation Suite 3.1,windows,SYNTHETIC,false,normal,5.254,8.566935,13,6,-0.258819,-0.965926,-0.781831,0.623490,clean-vector-pro__CLEAN ART,0.412095,0.588939,false,low,false
exec_syn_001336,acct_demo_01,ws_prepress_b,dev_win_02,actor_demo_02,clean-vector-pro,3.6.0,CLEAN ART,success,,4614,2026-08-23T10:52:10.386Z,2026-08-23T10:52:15.000Z,2026-08-23T10:52:16.355Z,local_bridge,Illustrator 28.5,Operation Suite 3.1,windows,SYNTHETIC,false,normal,4.614,8.437067,10,0,0.500000,-0.866025,0.000000,1.000000,clean-vector-pro__CLEAN ART,0.403743,0.588939,false,low,false
exec_syn_001341,acct_demo_01,ws_prepress_b,dev_win_02,actor_demo_02,clean-vector-pro,3.6.0,CLEAN ART,success,,5321,2026-08-23T12:06:24.679Z,2026-08-23T12:06:30.000Z,2026-08-23T12:06:30.860Z,local_bridge,Illustrator 28.5,Operation Suite 3.1,windows,SYNTHETIC,false,normal,5.321,8.579604,12,0,0.000000,-1.000000,0.000000,1.000000,clean-vector-pro__CLEAN ART,0.419204,0.588939,false,low,false
exec_syn_001333,acct_demo_02,ws_finishing_a,dev_mac_01,actor_demo_03,clean-vector-pro,3.6.0,CLEAN ART,success,,3861,2026-08-23T12:32:46.139Z,2026-08-23T12:32:50.000Z,2026-08-23T12:32:50.713Z,local_bridge,Illustrator 29.0,Operation Suite 3.1,macos,SYNTHETIC,false,normal,3.861,8.258940,12,0,0.000000,-1.000000,0.000000,1.000000,clean-vector-pro__CLEAN ART,0.394214,0.588939,false,low,false
exec_syn_001332,acct_demo_03,ws_production_a,dev_win_03,actor_demo_04,clean-vector-pro,3.6.0,CLEAN ART,failure,HOST_UNAVAILABLE,4750,2026-08-23T12:34:13.250Z,2026-08-23T12:34:18.000Z,2026-08-23T12:34:18.706Z,local_bridge,Illustrator 28.5,Operation Suite 3.1,windows,SYNTHETIC,false,normal,4.750,8.466110,12,0,0.000000,-1.000000,0.000000,1.000000,clean-vector-pro__CLEAN ART,0.395542,0.588939,false,low,false
exec_syn_001337,acct_demo_01,ws_prepress_b,dev_win_02,actor_demo_02,clean-vector-pro,3.6.0,CLEAN ART,success,,6021,2026-08-23T13:47:59.979Z,2026-08-23T13:48:06.000Z,2026-08-23T13:48:07.484Z,local_bridge,Illustrator 28.5,Operation Suite 3.1,windows,SYNTHETIC,false,normal,6.021,8.703175,13,0,-0.258819,-0.965926,0.000000,1.000000,clean-vector-pro__CLEAN ART,0.428591,0.588939,false,low,false
exec_syn_001339,acct_demo_02,ws_finishing_a,dev_mac_01,actor_demo_03,clean-vector-pro,3.6.0,CLEAN ART,success,,4501,2026-08-23T13:52:12.499Z,2026-08-23T13:52:17.000Z,2026-08-23T13:52:18.250Z,local_bridge,Illustrator 29.0,Operation Suite 3.1,macos,SYNTHETIC,false,normal,4.501,8.412277,13,0,-0.258819,-0.965926,0.000000,1.000000,clean-vector-pro__CLEAN ART,0.399510,0.588939,false,low,false
exec_syn_001343,acct_demo_01,ws_prepress_a,dev_win_01,actor_demo_01,clean-vector-pro,3.6.0,CLEAN ART,success,,3618,2026-08-23T14:20:05.382Z,2026-08-23T14:20:09.000Z,2026-08-23T14:20:10.329Z,local_bridge,Illustrator 28.5,Operation Suite 3.1,windows,SYNTHETIC,false,normal,3.618,8.193953,14,0,-0.500000,-0.866025,0.000000,1.000000,clean-vector-pro__CLEAN ART,0.424601,0.588939,false,low,false
exec_syn_001338,acct_demo_01,ws_prepress_a,dev_win_01,actor_demo_01,clean-vector-pro,3.6.0,CLEAN ART,cancelled,ACTION_CANCELLED,6887,2026-08-23T15:34:53.113Z,2026-08-23T15:35:00.000Z,2026-08-23T15:35:01.225Z,local_bridge,Illustrator 28.5,Operation Suite 3.1,windows,SYNTHETIC,false,normal,6.887,8.837536,15,0,-0.707107,-0.707107,0.000000,1.000000,clean-vector-pro__CLEAN ART,0.501542,0.588939,false,low,false
exec_syn_001355,acct_demo_01,ws_prepress_a,dev_win_01,actor_demo_01,clean-vector-pro,3.6.0,CLEAN ART,success,,5338,2026-08-24T08:10:13.662Z,2026-08-24T08:10:19.000Z,2026-08-24T08:10:19.637Z,local_bridge,Illustrator 28.5,Operation Suite 3.1,windows,SYNTHETIC,false,normal,5.338,8.582794,8,1,0.866025,-0.500000,0.781831,0.623490,clean-vector-pro__CLEAN ART,0.421163,0.588939,false,low,false
exec_syn_001347,acct_demo_02,ws_finishing_a,dev_mac_01,actor_demo_03,clean-vector-pro,3.6.0,CLEAN ART,success,,3959,2026-08-24T09:00:38.041Z,2026-08-24T09:00:42.000Z,2026-08-24T09:00:43.228Z,local_bridge,Illustrator 29.0,Operation Suite 3.1,macos,SYNTHETIC,false,normal,3.959,8.283999,9,1,0.707107,-0.707107,0.781831,0.623490,clean-vector-pro__CLEAN ART,0.393274,0.588939,false,low,false
exec_syn_001360,acct_demo_01,ws_prepress_b,dev_win_02,actor_demo_02,clean-vector-pro,3.6.0,CLEAN ART,success,,3377,2026-08-24T09:29:13.623Z,2026-08-24T09:29:17.000Z,2026-08-24T09:29:17.377Z,local_bridge,Illustrator 28.5,Operation Suite 3.1,windows,SYNTHETIC,false,normal,3.377,8.125039,9,1,0.707107,-0.707107,0.781831,0.623490,clean-vector-pro__CLEAN ART,0.440254,0.588939,false,low,false
exec_syn_001356,acct_demo_01,ws_prepress_a,dev_win_01,actor_demo_01,clean-vector-pro,3.6.0,CLEAN ART,success,,3716,2026-08-24T09:48:20.284Z,2026-08-24T09:48:24.000Z,2026-08-24T09:48:25.326Z,local_bridge,Illustrator 28.5,Operation Suite 3.1,windows,SYNTHETIC,false,normal,3.716,8.220672,9,1,0.707107,-0.707107,0.781831,0.623490,clean-vector-pro__CLEAN ART,0.434798,0.588939,false,low,false
exec_syn_001352,acct_demo_01,ws_prepress_a,dev_win_01,actor_demo_01,clean-vector-pro,3.6.0,CLEAN ART,success,,4396,2026-08-24T10:47:53.604Z,2026-08-24T10:47:58.000Z,2026-08-24T10:47:58.638Z,local_bridge,Illustrator 28.5,Operation Suite 3.1,windows,SYNTHETIC,false,normal,4.396,8.388678,10,1,0.500000,-0.866025,0.781831,0.623490,clean-vector-pro__CLEAN ART,0.396612,0.588939,false,low,false
exec_syn_001357,acct_demo_01,ws_prepress_a,dev_win_01,actor_demo_01,clean-vector-pro,3.6.0,CLEAN ART,success,,3506,2026-08-24T13:59:39.494Z,2026-08-24T13:59:43.000Z,2026-08-24T13:59:43.379Z,local_bridge,Illustrator 28.5,Operation Suite 3.1,windows,SYNTHETIC,false,normal,3.506,8.162516,13,1,-0.258819,-0.965926,0.781831,0.623490,clean-vector-pro__CLEAN ART,0.432284,0.588939,false,low,false
exec_syn_001346,acct_demo_01,ws_prepress_a,dev_win_01,actor_demo_01,clean-vector-pro,3.6.0,CLEAN ART,success,,4886,2026-08-24T16:07:26.114Z,2026-08-24T16:07:31.000Z,2026-08-24T16:07:31.716Z,local_bridge,Illustrator 28.5,Operation Suite 3.1,windows,SYNTHETIC,false,normal,4.886,8.494334,16,1,-0.866025,-0.500000,0.781831,0.623490,clean-vector-pro__CLEAN ART,0.409952,0.588939,false,low,false
exec_syn_001353,acct_demo_01,ws_prepress_b,dev_win_02,actor_demo_02,clean-vector-pro,3.6.0,CLEAN ART,success,,5942,2026-08-24T16:23:11.058Z,2026-08-24T16:23:17.000Z,2026-08-24T16:23:17.342Z,local_bridge,Illustrator 28.5,Operation Suite 3.1,windows,SYNTHETIC,false,normal,5.942,8.689969,16,1,-0.866025,-0.500000,0.781831,0.623490,clean-vector-pro__CLEAN ART,0.422849,0.588939,false,low,false
exec_syn_001364,acct_demo_01,ws_prepress_b,dev_win_02,actor_demo_02,clean-vector-pro,3.6.0,CLEAN ART,success,,2565,2026-08-25T10:24:16.435Z,2026-08-25T10:24:19.000Z,2026-08-25T10:24:19.501Z,local_bridge,Illustrator 28.5,Operation Suite 3.1,windows,SYNTHETIC,false,normal,2.565,7.850104,10,2,0.500000,-0.866025,0.974928,-0.222521,clean-vector-pro__CLEAN ART,0.586889,0.588939,false,low,false
exec_syn_001373,acct_demo_01,ws_prepress_b,dev_win_02,actor_demo_02,clean-vector-pro,3.6.0,CLEAN ART,success,,4303,2026-08-25T10:57:19.697Z,2026-08-25T10:57:24.000Z,2026-08-25T10:57:24.406Z,local_bridge,Illustrator 28.5,Operation Suite 3.1,windows,SYNTHETIC,false,normal,4.303,8.367300,10,2,0.500000,-0.866025,0.974928,-0.222521,clean-vector-pro__CLEAN ART,0.389997,0.588939,false,low,false
exec_syn_001375,acct_demo_02,ws_finishing_a,dev_mac_01,actor_demo_03,clean-vector-pro,3.6.0,CLEAN ART,success,,6187,2026-08-25T12:05:48.813Z,2026-08-25T12:05:55.000Z,2026-08-25T12:05:56.081Z,local_bridge,Illustrator 29.0,Operation Suite 3.1,macos,SYNTHETIC,false,normal,6.187,8.730367,12,2,0.000000,-1.000000,0.974928,-0.222521,clean-vector-pro__CLEAN ART,0.441595,0.588939,false,low,false
exec_syn_001376,acct_demo_01,ws_prepress_b,dev_win_02,actor_demo_02,clean-vector-pro,3.6.0,CLEAN ART,success,,4199,2026-08-25T14:40:06.801Z,2026-08-25T14:40:11.000Z,2026-08-25T14:40:12.280Z,local_bridge,Illustrator 28.5,Operation Suite 3.1,windows,SYNTHETIC,false,normal,4.199,8.342840,14,2,-0.500000,-0.866025,0.974928,-0.222521,clean-vector-pro__CLEAN ART,0.392058,0.588939,false,low,false
exec_syn_001370,acct_demo_01,ws_prepress_a,dev_win_01,actor_demo_01,clean-vector-pro,3.6.0,CLEAN ART,success,,3244,2026-08-25T15:00:37.756Z,2026-08-25T15:00:41.000Z,2026-08-25T15:00:41.901Z,local_bridge,Illustrator 28.5,Operation Suite 3.1,windows,SYNTHETIC,false,normal,3.244,8.084871,15,2,-0.707107,-0.707107,0.974928,-0.222521,clean-vector-pro__CLEAN ART,0.457382,0.588939,false,low,false
exec_syn_001368,acct_demo_01,ws_prepress_a,dev_win_01,actor_demo_01,clean-vector-pro,3.6.0,CLEAN ART,success,,7561,2026-08-25T16:08:36.439Z,2026-08-25T16:08:44.000Z,2026-08-25T16:08:45.381Z,local_bridge,Illustrator 28.5,Operation Suite 3.1,windows,SYNTHETIC,false,normal,7.561,8.930891,16,2,-0.866025,-0.500000,0.974928,-0.222521,clean-vector-pro__CLEAN ART,0.563378,0.588939,false,low,false
exec_syn_001369,acct_demo_01,ws_prepress_a,dev_win_01,actor_demo_01,clean-vector-pro,3.6.0,CLEAN ART,success,,4432,2026-08-25T17:05:49.568Z,2026-08-25T17:05:54.000Z,2026-08-25T17:05:54.376Z,local_bridge,Illustrator 28.5,Operation Suite 3.1,windows,SYNTHETIC,false,normal,4.432,8.396832,17,2,-0.965926,-0.258819,0.974928,-0.222521,clean-vector-pro__CLEAN ART,0.397432,0.588939,false,low,false
exec_syn_001392,acct_demo_03,ws_production_a,dev_win_03,actor_demo_04,clean-vector-pro,3.6.0,CLEAN ART,failure,VALIDATION_FAILED,6530,2026-08-26T10:27:32.470Z,2026-08-26T10:27:39.000Z,2026-08-26T10:27:39.627Z,local_bridge,Illustrator 28.5,Operation Suite 3.1,windows,SYNTHETIC,false,normal,6.530,8.784315,10,3,0.500000,-0.866025,0.433884,-0.900969,clean-vector-pro__CLEAN ART,0.481820,0.588939,false,low,false
exec_syn_001378,acct_demo_01,ws_prepress_b,dev_win_02,actor_demo_02,clean-vector-pro,3.6.0,CLEAN ART,success,,3506,2026-08-26T14:06:13.494Z,2026-08-26T14:06:17.000Z,2026-08-26T14:06:17.438Z,local_bridge,Illustrator 28.5,Operation Suite 3.1,windows,SYNTHETIC,false,normal,3.506,8.162516,14,3,-0.500000,-0.866025,0.433884,-0.900969,clean-vector-pro__CLEAN ART,0.432284,0.588939,false,low,false
exec_syn_001385,acct_demo_01,ws_prepress_a,dev_win_01,actor_demo_01,clean-vector-pro,3.6.0,CLEAN ART,success,,3227,2026-08-26T14:46:32.773Z,2026-08-26T14:46:36.000Z,2026-08-26T14:46:37.397Z,local_bridge,Illustrator 28.5,Operation Suite 3.1,windows,SYNTHETIC,false,normal,3.227,8.079618,14,3,-0.500000,-0.866025,0.433884,-0.900969,clean-vector-pro__CLEAN ART,0.457254,0.588939,false,low,false
exec_syn_001382,acct_demo_01,ws_prepress_b,dev_win_02,actor_demo_02,clean-vector-pro,3.6.0,CLEAN ART,success,,4924,2026-08-26T15:34:12.076Z,2026-08-26T15:34:17.000Z,2026-08-26T15:34:18.080Z,local_bridge,Illustrator 28.5,Operation Suite 3.1,windows,SYNTHETIC,false,normal,4.924,8.502080,15,3,-0.707107,-0.707107,0.433884,-0.900969,clean-vector-pro__CLEAN ART,0.414225,0.588939,false,low,false
exec_syn_001380,acct_demo_01,ws_prepress_a,dev_win_01,actor_demo_01,clean-vector-pro,3.6.0,CLEAN ART,failure,HOST_UNAVAILABLE,16114,2026-08-26T16:24:26.886Z,2026-08-26T16:24:43.000Z,2026-08-26T16:24:43.870Z,local_bridge,Illustrator 28.5,Operation Suite 3.1,windows,SYNTHETIC,true,duration_spike,16.114,9.687506,16,3,-0.866025,-0.500000,0.433884,-0.900969,clean-vector-pro__CLEAN ART,0.587430,0.588939,false,low,true
exec_syn_001396,acct_demo_03,ws_production_a,dev_win_03,actor_demo_04,clean-vector-pro,3.6.0,CLEAN ART,success,,6571,2026-08-27T09:06:21.429Z,2026-08-27T09:06:28.000Z,2026-08-27T09:06:29.491Z,local_bridge,Illustrator 28.5,Operation Suite 3.1,windows,SYNTHETIC,false,normal,6.571,8.790573,9,4,0.707107,-0.707107,-0.433884,-0.900969,clean-vector-pro__CLEAN ART,0.482979,0.588939,false,low,false
exec_syn_001397,acct_demo_03,ws_production_a,dev_win_03,actor_demo_04,clean-vector-pro,3.6.0,CLEAN ART,success,,4856,2026-08-27T09:23:45.144Z,2026-08-27T09:23:50.000Z,2026-08-27T09:23:50.626Z,local_bridge,Illustrator 28.5,Operation Suite 3.1,windows,SYNTHETIC,false,normal,4.856,8.488176,9,4,0.707107,-0.707107,-0.433884,-0.900969,clean-vector-pro__CLEAN ART,0.405622,0.588939,false,low,false
exec_syn_001401,acct_demo_03,ws_production_a,dev_win_03,actor_demo_04,clean-vector-pro,3.6.0,CLEAN ART,success,,4310,2026-08-27T10:15:26.690Z,2026-08-27T10:15:31.000Z,2026-08-27T10:15:32.385Z,local_bridge,Illustrator 28.5,Operation Suite 3.1,windows,SYNTHETIC,false,normal,4.310,8.368925,10,4,0.500000,-0.866025,-0.433884,-0.900969,clean-vector-pro__CLEAN ART,0.390201,0.588939,false,low,false
exec_syn_001393,acct_demo_02,ws_finishing_a,dev_mac_01,actor_demo_03,clean-vector-pro,3.6.0,CLEAN ART,success,,4343,2026-08-27T11:10:38.657Z,2026-08-27T11:10:43.000Z,2026-08-27T11:10:43.321Z,local_bridge,Illustrator 29.0,Operation Suite 3.1,macos,SYNTHETIC,false,normal,4.343,8.376551,11,4,0.258819,-0.965926,-0.433884,-0.900969,clean-vector-pro__CLEAN ART,0.391440,0.588939,false,low,false
exec_syn_001408,acct_demo_02,ws_finishing_a,dev_mac_01,actor_demo_03,clean-vector-pro,3.6.0,CLEAN ART,success,,4635,2026-08-27T12:24:04.365Z,2026-08-27T12:24:09.000Z,2026-08-27T12:24:09.493Z,local_bridge,Illustrator 29.0,Operation Suite 3.1,macos,SYNTHETIC,false,normal,4.635,8.441607,12,4,0.000000,-1.000000,-0.433884,-0.900969,clean-vector-pro__CLEAN ART,0.400048,0.588939,false,low,false
exec_syn_001395,acct_demo_01,ws_prepress_b,dev_win_02,actor_demo_02,clean-vector-pro,3.6.0,CLEAN ART,success,,11399,2026-08-27T12:46:02.601Z,2026-08-27T12:46:14.000Z,2026-08-27T12:46:15.480Z,local_bridge,Illustrator 28.5,Operation Suite 3.1,windows,SYNTHETIC,true,duration_spike,11.399,9.341369,12,4,0.000000,-1.000000,-0.433884,-0.900969,clean-vector-pro__CLEAN ART,0.651922,0.588939,true,medium,true
exec_syn_001399,acct_demo_02,ws_finishing_a,dev_mac_01,actor_demo_03,clean-vector-pro,3.6.0,CLEAN ART,success,,2954,2026-08-27T14:40:16.046Z,2026-08-27T14:40:19.000Z,2026-08-27T14:40:20.045Z,local_bridge,Illustrator 29.0,Operation Suite 3.1,macos,SYNTHETIC,false,normal,2.954,7.991254,14,4,-0.500000,-0.866025,-0.433884,-0.900969,clean-vector-pro__CLEAN ART,0.514423,0.588939,false,low,false
exec_syn_001402,acct_demo_02,ws_finishing_a,dev_mac_01,actor_demo_03,clean-vector-pro,3.6.0,CLEAN ART,success,,3662,2026-08-27T14:48:21.338Z,2026-08-27T14:48:25.000Z,2026-08-27T14:48:26.332Z,local_bridge,Illustrator 29.0,Operation Suite 3.1,macos,SYNTHETIC,false,normal,3.662,8.206038,14,4,-0.500000,-0.866025,-0.433884,-0.900969,clean-vector-pro__CLEAN ART,0.426647,0.588939,false,low,false
exec_syn_001400,acct_demo_01,ws_prepress_b,dev_win_02,actor_demo_02,clean-vector-pro,3.6.0,CLEAN ART,success,,3601,2026-08-27T15:55:18.399Z,2026-08-27T15:55:22.000Z,2026-08-27T15:55:22.978Z,local_bridge,Illustrator 28.5,Operation Suite 3.1,windows,SYNTHETIC,false,normal,3.601,8.189245,15,4,-0.707107,-0.707107,-0.433884,-0.900969,clean-vector-pro__CLEAN ART,0.427168,0.588939,false,low,false
exec_syn_001403,acct_demo_01,ws_prepress_a,dev_win_01,actor_demo_01,clean-vector-pro,3.6.0,CLEAN ART,success,,4331,2026-08-27T16:05:49.669Z,2026-08-27T16:05:54.000Z,2026-08-27T16:05:54.323Z,local_bridge,Illustrator 28.5,Operation Suite 3.1,windows,SYNTHETIC,false,normal,4.331,8.373785,16,4,-0.866025,-0.500000,-0.433884,-0.900969,clean-vector-pro__CLEAN ART,0.392211,0.588939,false,low,false
exec_syn_001404,acct_demo_01,ws_prepress_b,dev_win_02,actor_demo_02,clean-vector-pro,3.6.0,CLEAN ART,success,,3406,2026-08-27T16:51:23.594Z,2026-08-27T16:51:27.000Z,2026-08-27T16:51:27.432Z,local_bridge,Illustrator 28.5,Operation Suite 3.1,windows,SYNTHETIC,false,normal,3.406,8.133587,16,4,-0.866025,-0.500000,-0.433884,-0.900969,clean-vector-pro__CLEAN ART,0.434935,0.588939,false,low,false
exec_syn_001394,acct_demo_01,ws_prepress_b,dev_win_02,actor_demo_02,clean-vector-pro,3.6.0,CLEAN ART,success,,3891,2026-08-27T17:55:36.109Z,2026-08-27T17:55:40.000Z,2026-08-27T17:55:40.343Z,local_bridge,Illustrator 28.5,Operation Suite 3.1,windows,SYNTHETIC,false,normal,3.891,8.266678,17,4,-0.965926,-0.258819,-0.433884,-0.900969,clean-vector-pro__CLEAN ART,0.394501,0.588939,false,low,false
exec_syn_001407,acct_demo_01,ws_prepress_b,dev_win_02,actor_demo_02,clean-vector-pro,3.6.0,CLEAN ART,success,,3373,2026-08-27T17:58:07.627Z,2026-08-27T17:58:11.000Z,2026-08-27T17:58:12.078Z,local_bridge,Illustrator 28.5,Operation Suite 3.1,windows,SYNTHETIC,false,normal,3.373,8.123854,17,4,-0.965926,-0.258819,-0.433884,-0.900969,clean-vector-pro__CLEAN ART,0.439732,0.588939,false,low,false
exec_syn_001414,acct_demo_01,ws_prepress_a,dev_win_01,actor_demo_01,clean-vector-pro,3.6.0,CLEAN ART,success,,15523,2026-08-28T08:04:50.477Z,2026-08-28T08:05:06.000Z,2026-08-28T08:05:06.874Z,local_bridge,Illustrator 28.5,Operation Suite 3.1,windows,SYNTHETIC,true,duration_spike,15.523,9.650142,8,5,0.866025,-0.500000,-0.974928,-0.222521,clean-vector-pro__CLEAN ART,0.605311,0.588939,true,low,true
exec_syn_001423,acct_demo_01,ws_prepress_a,dev_win_01,actor_demo_01,clean-vector-pro,3.6.0,CLEAN ART,success,,694,2026-08-28T08:44:21.306Z,2026-08-28T08:44:22.000Z,2026-08-28T08:44:23.253Z,local_bridge,Illustrator 28.5,Operation Suite 3.1,windows,SYNTHETIC,true,duration_drop,0.694,6.543912,8,5,0.866025,-0.500000,-0.974928,-0.222521,clean-vector-pro__CLEAN ART,0.793230,0.588939,true,critical,true
exec_syn_001415,acct_demo_01,ws_prepress_a,dev_win_01,actor_demo_01,clean-vector-pro,3.6.0,CLEAN ART,success,,3889,2026-08-28T09:08:15.111Z,2026-08-28T09:08:19.000Z,2026-08-28T09:08:19.476Z,local_bridge,Illustrator 28.5,Operation Suite 3.1,windows,SYNTHETIC,false,normal,3.889,8.266164,9,5,0.707107,-0.707107,-0.974928,-0.222521,clean-vector-pro__CLEAN ART,0.394198,0.588939,false,low,false
exec_syn_001422,acct_demo_01,ws_prepress_a,dev_win_01,actor_demo_01,clean-vector-pro,3.6.0,CLEAN ART,success,,4089,2026-08-28T10:18:12.911Z,2026-08-28T10:18:17.000Z,2026-08-28T10:18:17.695Z,local_bridge,Illustrator 28.5,Operation Suite 3.1,windows,SYNTHETIC,false,normal,4.089,8.316300,10,5,0.500000,-0.866025,-0.974928,-0.222521,clean-vector-pro__CLEAN ART,0.394180,0.588939,false,low,false
exec_syn_001417,acct_demo_01,ws_prepress_b,dev_win_02,actor_demo_02,clean-vector-pro,3.6.0,CLEAN ART,success,,4645,2026-08-28T11:35:43.355Z,2026-08-28T11:35:48.000Z,2026-08-28T11:35:48.855Z,local_bridge,Illustrator 28.5,Operation Suite 3.1,windows,SYNTHETIC,false,normal,4.645,8.443762,11,5,0.258819,-0.965926,-0.974928,-0.222521,clean-vector-pro__CLEAN ART,0.400319,0.588939,false,low,false
exec_syn_001419,acct_demo_03,ws_production_a,dev_win_03,actor_demo_04,clean-vector-pro,3.6.0,CLEAN ART,success,,4251,2026-08-28T13:46:14.749Z,2026-08-28T13:46:19.000Z,2026-08-28T13:46:19.992Z,local_bridge,Illustrator 28.5,Operation Suite 3.1,windows,SYNTHETIC,false,normal,4.251,8.355145,13,5,-0.258819,-0.965926,-0.974928,-0.222521,clean-vector-pro__CLEAN ART,0.387139,0.588939,false,low,false
exec_syn_001411,acct_demo_01,ws_prepress_b,dev_win_02,actor_demo_02,clean-vector-pro,3.6.0,CLEAN ART,success,,3997,2026-08-28T14:08:42.003Z,2026-08-28T14:08:46.000Z,2026-08-28T14:08:46.257Z,local_bridge,Illustrator 28.5,Operation Suite 3.1,windows,SYNTHETIC,false,normal,3.997,8.293550,14,5,-0.500000,-0.866025,-0.974928,-0.222521,clean-vector-pro__CLEAN ART,0.388709,0.588939,false,low,false
exec_syn_001424,acct_demo_02,ws_finishing_a,dev_mac_01,actor_demo_03,clean-vector-pro,3.6.0,CLEAN ART,success,,3855,2026-08-28T15:10:29.145Z,2026-08-28T15:10:33.000Z,2026-08-28T15:10:33.781Z,local_bridge,Illustrator 29.0,Operation Suite 3.1,macos,SYNTHETIC,false,normal,3.855,8.257386,15,5,-0.707107,-0.707107,-0.974928,-0.222521,clean-vector-pro__CLEAN ART,0.394773,0.588939,false,low,false
exec_syn_001420,acct_demo_01,ws_prepress_a,dev_win_01,actor_demo_01,clean-vector-pro,3.6.0,CLEAN ART,success,,4097,2026-08-28T17:32:16.903Z,2026-08-28T17:32:21.000Z,2026-08-28T17:32:22.023Z,local_bridge,Illustrator 28.5,Operation Suite 3.1,windows,SYNTHETIC,false,normal,4.097,8.318254,17,5,-0.965926,-0.258819,-0.974928,-0.222521,clean-vector-pro__CLEAN ART,0.392487,0.588939,false,low,false
exec_syn_001426,acct_demo_01,ws_prepress_a,dev_win_01,actor_demo_01,clean-vector-pro,3.6.0,CLEAN ART,success,,3156,2026-08-29T10:05:06.844Z,2026-08-29T10:05:10.000Z,2026-08-29T10:05:10.614Z,local_bridge,Illustrator 28.5,Operation Suite 3.1,windows,SYNTHETIC,false,normal,3.156,8.057377,10,6,0.500000,-0.866025,-0.781831,0.623490,clean-vector-pro__CLEAN ART,0.461660,0.588939,false,low,false
exec_syn_001438,acct_demo_01,ws_prepress_a,dev_win_01,actor_demo_01,clean-vector-pro,3.6.0,CLEAN ART,success,,6469,2026-08-29T10:07:22.531Z,2026-08-29T10:07:29.000Z,2026-08-29T10:07:29.852Z,local_bridge,Illustrator 28.5,Operation Suite 3.1,windows,SYNTHETIC,false,normal,6.469,8.774931,10,6,0.500000,-0.866025,-0.781831,0.623490,clean-vector-pro__CLEAN ART,0.477624,0.588939,false,low,false
exec_syn_001431,acct_demo_03,ws_production_a,dev_win_03,actor_demo_04,clean-vector-pro,3.6.0,CLEAN ART,failure,DOCUMENT_UNAVAILABLE,4332,2026-08-29T10:14:12.668Z,2026-08-29T10:14:17.000Z,2026-08-29T10:14:17.448Z,local_bridge,Illustrator 28.5,Operation Suite 3.1,windows,SYNTHETIC,false,normal,4.332,8.374015,10,6,0.500000,-0.866025,-0.781831,0.623490,clean-vector-pro__CLEAN ART,0.392211,0.588939,false,low,false
exec_syn_001428,acct_demo_02,ws_finishing_a,dev_mac_01,actor_demo_03,clean-vector-pro,3.6.0,CLEAN ART,success,,4468,2026-08-29T10:31:44.532Z,2026-08-29T10:31:49.000Z,2026-08-29T10:31:49.848Z,local_bridge,Illustrator 29.0,Operation Suite 3.1,macos,SYNTHETIC,false,normal,4.468,8.404920,10,6,0.500000,-0.866025,-0.781831,0.623490,clean-vector-pro__CLEAN ART,0.397257,0.588939,false,low,false
exec_syn_001436,acct_demo_03,ws_production_a,dev_win_03,actor_demo_04,clean-vector-pro,3.6.0,CLEAN ART,success,,5120,2026-08-29T10:36:53.880Z,2026-08-29T10:36:59.000Z,2026-08-29T10:36:59.331Z,local_bridge,Illustrator 28.5,Operation Suite 3.1,windows,SYNTHETIC,false,normal,5.120,8.541105,10,6,0.500000,-0.866025,-0.781831,0.623490,clean-vector-pro__CLEAN ART,0.409289,0.588939,false,low,false
exec_syn_001429,acct_demo_02,ws_finishing_a,dev_mac_01,actor_demo_03,clean-vector-pro,3.6.0,CLEAN ART,success,,3868,2026-08-29T12:25:22.132Z,2026-08-29T12:25:26.000Z,2026-08-29T12:25:27.484Z,local_bridge,Illustrator 29.0,Operation Suite 3.1,macos,SYNTHETIC,false,normal,3.868,8.260751,12,6,0.000000,-1.000000,-0.781831,0.623490,clean-vector-pro__CLEAN ART,0.392075,0.588939,false,low,false
exec_syn_001432,acct_demo_01,ws_prepress_b,dev_win_02,actor_demo_02,clean-vector-pro,3.6.0,CLEAN ART,success,,4895,2026-08-29T12:38:58.105Z,2026-08-29T12:39:03.000Z,2026-08-29T12:39:04.380Z,local_bridge,Illustrator 28.5,Operation Suite 3.1,windows,SYNTHETIC,false,normal,4.895,8.496174,12,6,0.000000,-1.000000,-0.781831,0.623490,clean-vector-pro__CLEAN ART,0.410424,0.588939,false,low,false
exec_syn_001433,acct_demo_02,ws_finishing_a,dev_mac_01,actor_demo_03,clean-vector-pro,3.6.0,CLEAN ART,success,,3456,2026-08-29T12:53:38.544Z,2026-08-29T12:53:42.000Z,2026-08-29T12:53:43.031Z,local_bridge,Illustrator 29.0,Operation Suite 3.1,macos,SYNTHETIC,false,normal,3.456,8.148156,12,6,0.000000,-1.000000,-0.781831,0.623490,clean-vector-pro__CLEAN ART,0.433099,0.588939,false,low,false
exec_syn_001427,acct_demo_01,ws_prepress_a,dev_win_01,actor_demo_01,clean-vector-pro,3.6.0,CLEAN ART,success,,4677,2026-08-29T14:30:41.323Z,2026-08-29T14:30:46.000Z,2026-08-29T14:30:46.915Z,local_bridge,Illustrator 28.5,Operation Suite 3.1,windows,SYNTHETIC,false,normal,4.677,8.450626,14,6,-0.500000,-0.866025,-0.781831,0.623490,clean-vector-pro__CLEAN ART,0.400154,0.588939,false,low,false
exec_syn_001434,acct_demo_02,ws_finishing_a,dev_mac_01,actor_demo_03,clean-vector-pro,3.6.0,CLEAN ART,success,,4433,2026-08-29T14:34:23.567Z,2026-08-29T14:34:28.000Z,2026-08-29T14:34:28.540Z,local_bridge,Illustrator 29.0,Operation Suite 3.1,macos,SYNTHETIC,false,normal,4.433,8.397057,14,6,-0.500000,-0.866025,-0.781831,0.623490,clean-vector-pro__CLEAN ART,0.397701,0.588939,false,low,false
exec_syn_001019,acct_demo_02,ws_finishing_a,dev_mac_01,actor_demo_03,sepmaker-pro,1.6.0,Apply,success,,12789,2026-08-03T13:45:46.211Z,2026-08-03T13:45:59.000Z,2026-08-03T13:45:59.471Z,local_bridge,Illustrator 29.0,Operation Suite 3.1,macos,SYNTHETIC,false,normal,12.789,9.456419,13,1,-0.258819,-0.965926,0.781831,0.623490,sepmaker-pro__Apply,0.397792,0.603987,false,low,false
exec_syn_001022,acct_demo_03,ws_production_a,dev_win_03,actor_demo_04,sepmaker-pro,1.6.0,Apply,success,,15298,2026-08-03T13:53:47.702Z,2026-08-03T13:54:03.000Z,2026-08-03T13:54:03.544Z,local_bridge,Illustrator 28.5,Operation Suite 3.1,windows,SYNTHETIC,false,normal,15.298,9.635543,13,1,-0.258819,-0.965926,0.781831,0.623490,sepmaker-pro__Apply,0.448751,0.603987,false,low,false
exec_syn_001018,acct_demo_02,ws_finishing_a,dev_mac_01,actor_demo_03,sepmaker-pro,1.6.0,Apply,success,,13631,2026-08-03T13:55:08.369Z,2026-08-03T13:55:22.000Z,2026-08-03T13:55:22.770Z,local_bridge,Illustrator 29.0,Operation Suite 3.1,macos,SYNTHETIC,false,normal,13.631,9.520175,13,1,-0.258819,-0.965926,0.781831,0.623490,sepmaker-pro__Apply,0.403712,0.603987,false,low,false
exec_syn_001024,acct_demo_01,ws_prepress_b,dev_win_02,actor_demo_02,sepmaker-pro,1.6.0,Apply,success,,12357,2026-08-03T15:38:43.643Z,2026-08-03T15:38:56.000Z,2026-08-03T15:38:56.793Z,local_bridge,Illustrator 28.5,Operation Suite 3.1,windows,SYNTHETIC,false,normal,12.357,9.422059,15,1,-0.707107,-0.707107,0.781831,0.623490,sepmaker-pro__Apply,0.393133,0.603987,false,low,false
exec_syn_001017,acct_demo_02,ws_finishing_a,dev_mac_01,actor_demo_03,sepmaker-pro,1.6.0,Apply,success,,2380,2026-08-03T15:50:28.620Z,2026-08-03T15:50:31.000Z,2026-08-03T15:50:32.141Z,local_bridge,Illustrator 29.0,Operation Suite 3.1,macos,SYNTHETIC,true,duration_drop,2.380,7.775276,15,1,-0.707107,-0.707107,0.781831,0.623490,sepmaker-pro__Apply,0.809763,0.603987,true,critical,true
exec_syn_001014,acct_demo_02,ws_finishing_a,dev_mac_01,actor_demo_03,sepmaker-pro,1.6.0,Apply,success,,29437,2026-08-03T17:40:11.563Z,2026-08-03T17:40:41.000Z,2026-08-03T17:40:41.514Z,local_bridge,Illustrator 29.0,Operation Suite 3.1,macos,SYNTHETIC,true,duration_spike,29.437,10.290042,17,1,-0.965926,-0.258819,0.781831,0.623490,sepmaker-pro__Apply,0.648334,0.603987,true,medium,true
exec_syn_001009,acct_demo_01,ws_prepress_b,dev_win_02,actor_demo_02,sepmaker-pro,1.6.0,Apply,success,,13081,2026-08-03T17:54:12.919Z,2026-08-03T17:54:26.000Z,2026-08-03T17:54:26.308Z,local_bridge,Illustrator 28.5,Operation Suite 3.1,windows,SYNTHETIC,false,normal,13.081,9.478993,17,1,-0.965926,-0.258819,0.781831,0.623490,sepmaker-pro__Apply,0.397000,0.603987,false,low,false
exec_syn_001036,acct_demo_02,ws_finishing_a,dev_mac_01,actor_demo_03,sepmaker-pro,1.6.0,Apply,success,,14470,2026-08-04T08:01:53.530Z,2026-08-04T08:02:08.000Z,2026-08-04T08:02:09.341Z,local_bridge,Illustrator 29.0,Operation Suite 3.1,macos,SYNTHETIC,false,normal,14.470,9.579902,8,2,0.866025,-0.500000,0.974928,-0.222521,sepmaker-pro__Apply,0.419490,0.603987,false,low,false
exec_syn_001026,acct_demo_03,ws_production_a,dev_win_03,actor_demo_04,sepmaker-pro,1.6.0,Apply,success,,16251,2026-08-04T09:47:35.749Z,2026-08-04T09:47:52.000Z,2026-08-04T09:47:53.394Z,local_bridge,Illustrator 28.5,Operation Suite 3.1,windows,SYNTHETIC,false,normal,16.251,9.695971,9,2,0.707107,-0.707107,0.974928,-0.222521,sepmaker-pro__Apply,0.467128,0.603987,false,low,false
exec_syn_001031,acct_demo_01,ws_prepress_a,dev_win_01,actor_demo_01,sepmaker-pro,1.6.0,Apply,success,,56178,2026-08-04T10:13:56.822Z,2026-08-04T10:14:53.000Z,2026-08-04T10:14:53.832Z,local_bridge,Illustrator 28.5,Operation Suite 3.1,windows,SYNTHETIC,true,duration_spike,56.178,10.936298,10,2,0.500000,-0.866025,0.974928,-0.222521,sepmaker-pro__Apply,0.654616,0.603987,true,medium,true
exec_syn_001033,acct_demo_01,ws_prepress_a,dev_win_01,actor_demo_01,sepmaker-pro,1.6.0,Apply,success,,9979,2026-08-04T10:18:25.021Z,2026-08-04T10:18:35.000Z,2026-08-04T10:18:35.626Z,local_bridge,Illustrator 28.5,Operation Suite 3.1,windows,SYNTHETIC,false,normal,9.979,9.208338,10,2,0.500000,-0.866025,0.974928,-0.222521,sepmaker-pro__Apply,0.395413,0.603987,false,low,false
exec_syn_001039,acct_demo_01,ws_prepress_b,dev_win_02,actor_demo_02,sepmaker-pro,1.6.0,Apply,success,,9530,2026-08-04T11:50:45.470Z,2026-08-04T11:50:55.000Z,2026-08-04T11:50:55.587Z,local_bridge,Illustrator 28.5,Operation Suite 3.1,windows,SYNTHETIC,false,normal,9.530,9.162305,11,2,0.258819,-0.965926,0.974928,-0.222521,sepmaker-pro__Apply,0.419498,0.603987,false,low,false
exec_syn_001032,acct_demo_03,ws_production_a,dev_win_03,actor_demo_04,sepmaker-pro,1.6.0,Apply,success,,14418,2026-08-04T11:56:09.582Z,2026-08-04T11:56:24.000Z,2026-08-04T11:56:24.258Z,local_bridge,Illustrator 28.5,Operation Suite 3.1,windows,SYNTHETIC,false,normal,14.418,9.576302,11,2,0.258819,-0.965926,0.974928,-0.222521,sepmaker-pro__Apply,0.415822,0.603987,false,low,false
exec_syn_001040,acct_demo_02,ws_finishing_a,dev_mac_01,actor_demo_03,sepmaker-pro,1.6.0,Apply,success,,15205,2026-08-04T12:34:17.795Z,2026-08-04T12:34:33.000Z,2026-08-04T12:34:33.855Z,local_bridge,Illustrator 29.0,Operation Suite 3.1,macos,SYNTHETIC,false,normal,15.205,9.629445,12,2,0.000000,-1.000000,0.974928,-0.222521,sepmaker-pro__Apply,0.450364,0.603987,false,low,false
exec_syn_001028,acct_demo_01,ws_prepress_b,dev_win_02,actor_demo_02,sepmaker-pro,1.6.0,Apply,success,,18323,2026-08-04T13:26:34.677Z,2026-08-04T13:26:53.000Z,2026-08-04T13:26:53.664Z,local_bridge,Illustrator 28.5,Operation Suite 3.1,windows,SYNTHETIC,false,normal,18.323,9.815967,13,2,-0.258819,-0.965926,0.974928,-0.222521,sepmaker-pro__Apply,0.541950,0.603987,false,low,false
exec_syn_001034,acct_demo_02,ws_finishing_a,dev_mac_01,actor_demo_03,sepmaker-pro,1.6.0,Apply,success,,8084,2026-08-04T14:04:00.916Z,2026-08-04T14:04:09.000Z,2026-08-04T14:04:09.913Z,local_bridge,Illustrator 29.0,Operation Suite 3.1,macos,SYNTHETIC,false,normal,8.084,8.997766,14,2,-0.500000,-0.866025,0.974928,-0.222521,sepmaker-pro__Apply,0.501694,0.603987,false,low,false
exec_syn_001029,acct_demo_03,ws_production_a,dev_win_03,actor_demo_04,sepmaker-pro,1.6.0,Apply,success,,62036,2026-08-04T16:04:51.964Z,2026-08-04T16:05:54.000Z,2026-08-04T16:05:55.254Z,local_bridge,Illustrator 28.5,Operation Suite 3.1,windows,SYNTHETIC,true,duration_spike,62.036,11.035486,16,2,-0.866025,-0.500000,0.974928,-0.222521,sepmaker-pro__Apply,0.680804,0.603987,true,medium,true
exec_syn_001035,acct_demo_02,ws_finishing_a,dev_mac_01,actor_demo_03,sepmaker-pro,1.6.0,Apply,success,,14622,2026-08-04T17:57:21.378Z,2026-08-04T17:57:36.000Z,2026-08-04T17:57:36.928Z,local_bridge,Illustrator 29.0,Operation Suite 3.1,macos,SYNTHETIC,false,normal,14.622,9.590351,17,2,-0.965926,-0.258819,0.974928,-0.222521,sepmaker-pro__Apply,0.424011,0.603987,false,low,false
exec_syn_001046,acct_demo_01,ws_prepress_a,dev_win_01,actor_demo_01,sepmaker-pro,1.6.0,Apply,success,,10933,2026-08-05T09:31:29.067Z,2026-08-05T09:31:40.000Z,2026-08-05T09:31:41.227Z,local_bridge,Illustrator 28.5,Operation Suite 3.1,windows,SYNTHETIC,false,normal,10.933,9.299632,9,3,0.707107,-0.707107,0.433884,-0.900969,sepmaker-pro__Apply,0.382526,0.603987,false,low,false
exec_syn_001055,acct_demo_01,ws_prepress_a,dev_win_01,actor_demo_01,sepmaker-pro,1.6.0,Apply,success,,13237,2026-08-05T09:31:46.763Z,2026-08-05T09:32:00.000Z,2026-08-05T09:32:01.440Z,local_bridge,Illustrator 28.5,Operation Suite 3.1,windows,SYNTHETIC,false,normal,13.237,9.490847,9,3,0.707107,-0.707107,0.433884,-0.900969,sepmaker-pro__Apply,0.396839,0.603987,false,low,false
exec_syn_001041,acct_demo_02,ws_finishing_a,dev_mac_01,actor_demo_03,sepmaker-pro,1.6.0,Apply,success,,15382,2026-08-05T09:33:45.618Z,2026-08-05T09:34:01.000Z,2026-08-05T09:34:01.550Z,local_bridge,Illustrator 29.0,Operation Suite 3.1,macos,SYNTHETIC,false,normal,15.382,9.641018,9,3,0.707107,-0.707107,0.433884,-0.900969,sepmaker-pro__Apply,0.453074,0.603987,false,low,false
exec_syn_001056,acct_demo_03,ws_production_a,dev_win_03,actor_demo_04,sepmaker-pro,1.6.0,Apply,success,,18210,2026-08-05T11:41:51.790Z,2026-08-05T11:42:10.000Z,2026-08-05T11:42:10.342Z,local_bridge,Illustrator 28.5,Operation Suite 3.1,windows,SYNTHETIC,false,normal,18.210,9.809781,11,3,0.258819,-0.965926,0.433884,-0.900969,sepmaker-pro__Apply,0.537968,0.603987,false,low,false
exec_syn_001047,acct_demo_01,ws_prepress_a,dev_win_01,actor_demo_01,sepmaker-pro,1.6.0,Apply,success,,18883,2026-08-05T12:26:56.117Z,2026-08-05T12:27:15.000Z,2026-08-05T12:27:15.702Z,local_bridge,Illustrator 28.5,Operation Suite 3.1,windows,SYNTHETIC,false,normal,18.883,9.846070,12,3,0.000000,-1.000000,0.433884,-0.900969,sepmaker-pro__Apply,0.540783,0.603987,false,low,false
exec_syn_001050,acct_demo_01,ws_prepress_a,dev_win_01,actor_demo_01,sepmaker-pro,1.6.0,Apply,success,,51660,2026-08-05T12:49:01.340Z,2026-08-05T12:49:53.000Z,2026-08-05T12:49:54.008Z,local_bridge,Illustrator 28.5,Operation Suite 3.1,windows,SYNTHETIC,true,duration_spike,51.660,10.852458,12,3,0.000000,-1.000000,0.433884,-0.900969,sepmaker-pro__Apply,0.634717,0.603987,true,medium,true
exec_syn_001052,acct_demo_01,ws_prepress_b,dev_win_02,actor_demo_02,sepmaker-pro,1.6.0,Apply,success,,9747,2026-08-05T13:57:29.253Z,2026-08-05T13:57:39.000Z,2026-08-05T13:57:40.256Z,local_bridge,Illustrator 28.5,Operation Suite 3.1,windows,SYNTHETIC,false,normal,9.747,9.184817,13,3,-0.258819,-0.965926,0.433884,-0.900969,sepmaker-pro__Apply,0.410506,0.603987,false,low,false
exec_syn_001054,acct_demo_02,ws_finishing_a,dev_mac_01,actor_demo_03,sepmaker-pro,1.6.0,Apply,success,,13257,2026-08-05T15:22:50.743Z,2026-08-05T15:23:04.000Z,2026-08-05T15:23:05.499Z,local_bridge,Illustrator 29.0,Operation Suite 3.1,macos,SYNTHETIC,false,normal,13.257,9.492356,15,3,-0.707107,-0.707107,0.433884,-0.900969,sepmaker-pro__Apply,0.395486,0.603987,false,low,false
exec_syn_001045,acct_demo_03,ws_production_a,dev_win_03,actor_demo_04,sepmaker-pro,1.6.0,Apply,success,,12010,2026-08-05T16:38:14.990Z,2026-08-05T16:38:27.000Z,2026-08-05T16:38:28.270Z,local_bridge,Illustrator 28.5,Operation Suite 3.1,windows,SYNTHETIC,false,normal,12.010,9.393578,16,3,-0.866025,-0.500000,0.433884,-0.900969,sepmaker-pro__Apply,0.388889,0.603987,false,low,false
exec_syn_001042,acct_demo_01,ws_prepress_a,dev_win_01,actor_demo_01,sepmaker-pro,1.6.0,Apply,success,,12075,2026-08-05T17:31:03.925Z,2026-08-05T17:31:16.000Z,2026-08-05T17:31:17.334Z,local_bridge,Illustrator 28.5,Operation Suite 3.1,windows,SYNTHETIC,false,normal,12.075,9.398975,17,3,-0.965926,-0.258819,0.433884,-0.900969,sepmaker-pro__Apply,0.392847,0.603987,false,low,false
exec_syn_001044,acct_demo_03,ws_production_a,dev_win_03,actor_demo_04,sepmaker-pro,1.6.0,Apply,success,,11290,2026-08-05T17:41:17.710Z,2026-08-05T17:41:29.000Z,2026-08-05T17:41:30.259Z,local_bridge,Illustrator 28.5,Operation Suite 3.1,windows,SYNTHETIC,false,normal,11.290,9.331761,17,3,-0.965926,-0.258819,0.433884,-0.900969,sepmaker-pro__Apply,0.384412,0.603987,false,low,false
exec_syn_001060,acct_demo_02,ws_finishing_a,dev_mac_01,actor_demo_03,sepmaker-pro,1.6.0,Apply,success,,14352,2026-08-06T09:13:45.648Z,2026-08-06T09:14:00.000Z,2026-08-06T09:14:01.006Z,local_bridge,Illustrator 29.0,Operation Suite 3.1,macos,SYNTHETIC,false,normal,14.352,9.571714,9,4,0.707107,-0.707107,-0.433884,-0.900969,sepmaker-pro__Apply,0.415689,0.603987,false,low,false
exec_syn_001068,acct_demo_02,ws_finishing_a,dev_mac_01,actor_demo_03,sepmaker-pro,1.6.0,Apply,success,,9327,2026-08-06T11:23:29.673Z,2026-08-06T11:23:39.000Z,2026-08-06T11:23:39.396Z,local_bridge,Illustrator 29.0,Operation Suite 3.1,macos,SYNTHETIC,false,normal,9.327,9.140776,11,4,0.258819,-0.965926,-0.433884,-0.900969,sepmaker-pro__Apply,0.432719,0.603987,false,low,false
exec_syn_001062,acct_demo_03,ws_production_a,dev_win_03,actor_demo_04,sepmaker-pro,1.6.0,Apply,success,,12951,2026-08-06T11:29:40.049Z,2026-08-06T11:29:53.000Z,2026-08-06T11:29:53.518Z,local_bridge,Illustrator 28.5,Operation Suite 3.1,windows,SYNTHETIC,false,normal,12.951,9.469005,11,4,0.258819,-0.965926,-0.433884,-0.900969,sepmaker-pro__Apply,0.394948,0.603987,false,low,false
exec_syn_001059,acct_demo_01,ws_prepress_b,dev_win_02,actor_demo_02,sepmaker-pro,1.6.0,Apply,success,,10725,2026-08-06T11:44:47.275Z,2026-08-06T11:44:58.000Z,2026-08-06T11:44:58.489Z,local_bridge,Illustrator 28.5,Operation Suite 3.1,windows,SYNTHETIC,false,normal,10.725,9.280426,11,4,0.258819,-0.965926,-0.433884,-0.900969,sepmaker-pro__Apply,0.392536,0.603987,false,low,false
exec_syn_001066,acct_demo_03,ws_production_a,dev_win_03,actor_demo_04,sepmaker-pro,1.6.0,Apply,success,,9175,2026-08-06T14:21:47.825Z,2026-08-06T14:21:57.000Z,2026-08-06T14:21:57.839Z,local_bridge,Illustrator 28.5,Operation Suite 3.1,windows,SYNTHETIC,false,normal,9.175,9.124347,14,4,-0.500000,-0.866025,-0.433884,-0.900969,sepmaker-pro__Apply,0.441247,0.603987,false,low,false
exec_syn_001061,acct_demo_03,ws_production_a,dev_win_03,actor_demo_04,sepmaker-pro,1.6.0,Apply,success,,17555,2026-08-06T15:06:52.445Z,2026-08-06T15:07:10.000Z,2026-08-06T15:07:10.896Z,local_bridge,Illustrator 28.5,Operation Suite 3.1,windows,SYNTHETIC,false,normal,17.555,9.773151,15,4,-0.707107,-0.707107,-0.433884,-0.900969,sepmaker-pro__Apply,0.522387,0.603987,false,low,false
exec_syn_001058,acct_demo_03,ws_production_a,dev_win_03,actor_demo_04,sepmaker-pro,1.6.0,Apply,success,,15938,2026-08-06T15:53:00.062Z,2026-08-06T15:53:16.000Z,2026-08-06T15:53:17.418Z,local_bridge,Illustrator 28.5,Operation Suite 3.1,windows,SYNTHETIC,false,normal,15.938,9.676524,15,4,-0.707107,-0.707107,-0.433884,-0.900969,sepmaker-pro__Apply,0.458219,0.603987,false,low,false
exec_syn_001071,acct_demo_01,ws_prepress_a,dev_win_01,actor_demo_01,sepmaker-pro,1.6.0,Apply,cancelled,ACTION_CANCELLED,8888,2026-08-06T16:38:05.112Z,2026-08-06T16:38:14.000Z,2026-08-06T16:38:14.771Z,local_bridge,Illustrator 28.5,Operation Suite 3.1,windows,SYNTHETIC,false,normal,8.888,9.092570,16,4,-0.866025,-0.500000,-0.433884,-0.900969,sepmaker-pro__Apply,0.447837,0.603987,false,low,false
exec_syn_001087,acct_demo_01,ws_prepress_b,dev_win_02,actor_demo_02,sepmaker-pro,1.6.0,Apply,success,,18167,2026-08-07T10:33:00.833Z,2026-08-07T10:33:19.000Z,2026-08-07T10:33:20.130Z,local_bridge,Illustrator 28.5,Operation Suite 3.1,windows,SYNTHETIC,false,normal,18.167,9.807417,10,5,0.500000,-0.866025,-0.974928,-0.222521,sepmaker-pro__Apply,0.537390,0.603987,false,low,false
exec_syn_001081,acct_demo_01,ws_prepress_a,dev_win_01,actor_demo_01,sepmaker-pro,1.6.0,Apply,success,,9861,2026-08-07T12:49:02.139Z,2026-08-07T12:49:12.000Z,2026-08-07T12:49:13.148Z,local_bridge,Illustrator 28.5,Operation Suite 3.1,windows,SYNTHETIC,false,normal,9.861,9.196444,12,5,0.000000,-1.000000,-0.974928,-0.222521,sepmaker-pro__Apply,0.402322,0.603987,false,low,false
exec_syn_001086,acct_demo_02,ws_finishing_a,dev_mac_01,actor_demo_03,sepmaker-pro,1.6.0,Apply,cancelled,ACTION_CANCELLED,11057,2026-08-07T13:16:52.943Z,2026-08-07T13:17:04.000Z,2026-08-07T13:17:05.135Z,local_bridge,Illustrator 29.0,Operation Suite 3.1,macos,SYNTHETIC,false,normal,11.057,9.310909,13,5,-0.258819,-0.965926,-0.974928,-0.222521,sepmaker-pro__Apply,0.382941,0.603987,false,low,false
exec_syn_001076,acct_demo_02,ws_finishing_a,dev_mac_01,actor_demo_03,sepmaker-pro,1.6.0,Apply,success,,48261,2026-08-07T13:33:31.739Z,2026-08-07T13:34:20.000Z,2026-08-07T13:34:21.426Z,local_bridge,Illustrator 29.0,Operation Suite 3.1,macos,SYNTHETIC,true,duration_spike,48.261,10.784400,13,5,-0.258819,-0.965926,-0.974928,-0.222521,sepmaker-pro__Apply,0.627705,0.603987,true,low,true
exec_syn_001083,acct_demo_03,ws_production_a,dev_win_03,actor_demo_04,sepmaker-pro,1.6.0,Apply,success,,18907,2026-08-07T13:49:34.093Z,2026-08-07T13:49:53.000Z,2026-08-07T13:49:53.645Z,local_bridge,Illustrator 28.5,Operation Suite 3.1,windows,SYNTHETIC,false,normal,18.907,9.847340,13,5,-0.258819,-0.965926,-0.974928,-0.222521,sepmaker-pro__Apply,0.539687,0.603987,false,low,false
exec_syn_001073,acct_demo_01,ws_prepress_b,dev_win_02,actor_demo_02,sepmaker-pro,1.6.0,Apply,success,,10972,2026-08-07T14:36:17.028Z,2026-08-07T14:36:28.000Z,2026-08-07T14:36:28.715Z,local_bridge,Illustrator 28.5,Operation Suite 3.1,windows,SYNTHETIC,false,normal,10.972,9.303193,14,5,-0.500000,-0.866025,-0.974928,-0.222521,sepmaker-pro__Apply,0.382586,0.603987,false,low,false
exec_syn_001082,acct_demo_03,ws_production_a,dev_win_03,actor_demo_04,sepmaker-pro,1.6.0,Apply,success,,11932,2026-08-07T15:12:14.068Z,2026-08-07T15:12:26.000Z,2026-08-07T15:12:26.762Z,local_bridge,Illustrator 28.5,Operation Suite 3.1,windows,SYNTHETIC,false,normal,11.932,9.387063,15,5,-0.707107,-0.707107,-0.974928,-0.222521,sepmaker-pro__Apply,0.392224,0.603987,false,low,false
exec_syn_001095,acct_demo_01,ws_prepress_a,dev_win_01,actor_demo_01,sepmaker-pro,1.6.0,Apply,success,,38252,2026-08-08T10:13:59.748Z,2026-08-08T10:14:38.000Z,2026-08-08T10:14:38.794Z,local_bridge,Illustrator 28.5,Operation Suite 3.1,windows,SYNTHETIC,true,duration_spike,38.252,10.551977,10,6,0.500000,-0.866025,-0.781831,0.623490,sepmaker-pro__Apply,0.608752,0.603987,true,low,true
exec_syn_001100,acct_demo_01,ws_prepress_b,dev_win_02,actor_demo_02,sepmaker-pro,1.6.0,Apply,success,,17536,2026-08-08T11:07:57.464Z,2026-08-08T11:08:15.000Z,2026-08-08T11:08:15.283Z,local_bridge,Illustrator 28.5,Operation Suite 3.1,windows,SYNTHETIC,false,normal,17.536,9.772068,11,6,0.258819,-0.965926,-0.781831,0.623490,sepmaker-pro__Apply,0.519851,0.603987,false,low,false
exec_syn_001092,acct_demo_01,ws_prepress_b,dev_win_02,actor_demo_02,sepmaker-pro,1.6.0,Apply,success,,15256,2026-08-08T11:30:04.744Z,2026-08-08T11:30:20.000Z,2026-08-08T11:30:20.251Z,local_bridge,Illustrator 28.5,Operation Suite 3.1,windows,SYNTHETIC,false,normal,15.256,9.632794,11,6,0.258819,-0.965926,-0.781831,0.623490,sepmaker-pro__Apply,0.448657,0.603987,false,low,false
exec_syn_001102,acct_demo_02,ws_finishing_a,dev_mac_01,actor_demo_03,sepmaker-pro,1.6.0,Apply,success,,8429,2026-08-08T11:47:31.571Z,2026-08-08T11:47:40.000Z,2026-08-08T11:47:40.651Z,local_bridge,Illustrator 29.0,Operation Suite 3.1,macos,SYNTHETIC,false,normal,8.429,9.039552,11,6,0.258819,-0.965926,-0.781831,0.623490,sepmaker-pro__Apply,0.459589,0.603987,false,low,false
exec_syn_001104,acct_demo_01,ws_prepress_a,dev_win_01,actor_demo_01,sepmaker-pro,1.6.0,Apply,success,,11503,2026-08-08T11:53:05.497Z,2026-08-08T11:53:17.000Z,2026-08-08T11:53:18.173Z,local_bridge,Illustrator 28.5,Operation Suite 3.1,windows,SYNTHETIC,false,normal,11.503,9.350450,11,6,0.258819,-0.965926,-0.781831,0.623490,sepmaker-pro__Apply,0.382860,0.603987,false,low,false
exec_syn_001093,acct_demo_02,ws_finishing_a,dev_mac_01,actor_demo_03,sepmaker-pro,1.6.0,Apply,failure,HOST_UNAVAILABLE,9067,2026-08-08T12:10:58.933Z,2026-08-08T12:11:08.000Z,2026-08-08T12:11:08.638Z,local_bridge,Illustrator 29.0,Operation Suite 3.1,macos,SYNTHETIC,false,normal,9.067,9.112507,12,6,0.000000,-1.000000,-0.781831,0.623490,sepmaker-pro__Apply,0.446389,0.603987,false,low,false
exec_syn_001089,acct_demo_01,ws_prepress_b,dev_win_02,actor_demo_02,sepmaker-pro,1.6.0,Apply,success,,12700,2026-08-08T12:17:56.300Z,2026-08-08T12:18:09.000Z,2026-08-08T12:18:09.812Z,local_bridge,Illustrator 28.5,Operation Suite 3.1,windows,SYNTHETIC,false,normal,12.700,9.449436,12,6,0.000000,-1.000000,-0.781831,0.623490,sepmaker-pro__Apply,0.398460,0.603987,false,low,false
exec_syn_001091,acct_demo_03,ws_production_a,dev_win_03,actor_demo_04,sepmaker-pro,1.6.0,Apply,success,,9847,2026-08-08T13:45:52.153Z,2026-08-08T13:46:02.000Z,2026-08-08T13:46:03.218Z,local_bridge,Illustrator 28.5,Operation Suite 3.1,windows,SYNTHETIC,false,normal,9.847,9.195024,13,6,-0.258819,-0.965926,-0.781831,0.623490,sepmaker-pro__Apply,0.402863,0.603987,false,low,false
exec_syn_001099,acct_demo_03,ws_production_a,dev_win_03,actor_demo_04,sepmaker-pro,1.6.0,Apply,success,,17079,2026-08-08T14:04:18.921Z,2026-08-08T14:04:36.000Z,2026-08-08T14:04:36.706Z,local_bridge,Illustrator 28.5,Operation Suite 3.1,windows,SYNTHETIC,false,normal,17.079,9.745663,14,6,-0.500000,-0.866025,-0.781831,0.623490,sepmaker-pro__Apply,0.498513,0.603987,false,low,false
exec_syn_001118,acct_demo_01,ws_prepress_a,dev_win_01,actor_demo_01,sepmaker-pro,1.6.0,Apply,success,,9824,2026-08-09T10:16:34.176Z,2026-08-09T10:16:44.000Z,2026-08-09T10:16:44.509Z,local_bridge,Illustrator 28.5,Operation Suite 3.1,windows,SYNTHETIC,false,normal,9.824,9.192685,10,0,0.500000,-0.866025,0.000000,1.000000,sepmaker-pro__Apply,0.402697,0.603987,false,low,false
exec_syn_001107,acct_demo_01,ws_prepress_b,dev_win_02,actor_demo_02,sepmaker-pro,1.6.0,Apply,success,,12102,2026-08-09T10:47:31.898Z,2026-08-09T10:47:44.000Z,2026-08-09T10:47:45.289Z,local_bridge,Illustrator 28.5,Operation Suite 3.1,windows,SYNTHETIC,false,normal,12.102,9.401209,10,0,0.500000,-0.866025,0.000000,1.000000,sepmaker-pro__Apply,0.391262,0.603987,false,low,false
exec_syn_001115,acct_demo_02,ws_finishing_a,dev_mac_01,actor_demo_03,sepmaker-pro,1.6.0,Apply,success,,14134,2026-08-09T11:18:36.866Z,2026-08-09T11:18:51.000Z,2026-08-09T11:18:51.878Z,local_bridge,Illustrator 29.0,Operation Suite 3.1,macos,SYNTHETIC,false,normal,14.134,9.556409,11,0,0.258819,-0.965926,0.000000,1.000000,sepmaker-pro__Apply,0.421609,0.603987,false,low,false
exec_syn_001114,acct_demo_01,ws_prepress_b,dev_win_02,actor_demo_02,sepmaker-pro,1.6.0,Apply,success,,11433,2026-08-09T13:24:23.567Z,2026-08-09T13:24:35.000Z,2026-08-09T13:24:36.167Z,local_bridge,Illustrator 28.5,Operation Suite 3.1,windows,SYNTHETIC,false,normal,11.433,9.344347,13,0,-0.258819,-0.965926,0.000000,1.000000,sepmaker-pro__Apply,0.381417,0.603987,false,low,false
exec_syn_001110,acct_demo_01,ws_prepress_b,dev_win_02,actor_demo_02,sepmaker-pro,1.6.0,Apply,success,,59470,2026-08-09T15:05:14.530Z,2026-08-09T15:06:14.000Z,2026-08-09T15:06:15.329Z,local_bridge,Illustrator 28.5,Operation Suite 3.1,windows,SYNTHETIC,true,duration_spike,59.470,10.993244,15,0,-0.707107,-0.707107,0.000000,1.000000,sepmaker-pro__Apply,0.669668,0.603987,true,medium,true
exec_syn_001116,acct_demo_01,ws_prepress_b,dev_win_02,actor_demo_02,sepmaker-pro,1.6.0,Apply,success,,10412,2026-08-09T15:09:03.588Z,2026-08-09T15:09:14.000Z,2026-08-09T15:09:15.108Z,local_bridge,Illustrator 28.5,Operation Suite 3.1,windows,SYNTHETIC,false,normal,10.412,9.250810,15,0,-0.707107,-0.707107,0.000000,1.000000,sepmaker-pro__Apply,0.392999,0.603987,false,low,false
exec_syn_001105,acct_demo_01,ws_prepress_a,dev_win_01,actor_demo_01,sepmaker-pro,1.6.0,Apply,success,,14787,2026-08-09T15:14:38.213Z,2026-08-09T15:14:53.000Z,2026-08-09T15:14:53.499Z,local_bridge,Illustrator 28.5,Operation Suite 3.1,windows,SYNTHETIC,false,normal,14.787,9.601571,15,0,-0.707107,-0.707107,0.000000,1.000000,sepmaker-pro__Apply,0.424998,0.603987,false,low,false
exec_syn_001111,acct_demo_01,ws_prepress_b,dev_win_02,actor_demo_02,sepmaker-pro,1.6.0,Apply,success,,16006,2026-08-09T15:17:43.994Z,2026-08-09T15:18:00.000Z,2026-08-09T15:18:00.999Z,local_bridge,Illustrator 28.5,Operation Suite 3.1,windows,SYNTHETIC,false,normal,16.006,9.680781,15,0,-0.707107,-0.707107,0.000000,1.000000,sepmaker-pro__Apply,0.460605,0.603987,false,low,false
exec_syn_001119,acct_demo_01,ws_prepress_a,dev_win_01,actor_demo_01,sepmaker-pro,1.6.0,Apply,success,,8655,2026-08-09T15:38:37.345Z,2026-08-09T15:38:46.000Z,2026-08-09T15:38:47.464Z,local_bridge,Illustrator 28.5,Operation Suite 3.1,windows,SYNTHETIC,false,normal,8.655,9.066008,15,0,-0.707107,-0.707107,0.000000,1.000000,sepmaker-pro__Apply,0.451042,0.603987,false,low,false
exec_syn_001120,acct_demo_02,ws_finishing_a,dev_mac_01,actor_demo_03,sepmaker-pro,1.6.0,Apply,success,,9177,2026-08-09T15:43:56.823Z,2026-08-09T15:44:06.000Z,2026-08-09T15:44:06.332Z,local_bridge,Illustrator 29.0,Operation Suite 3.1,macos,SYNTHETIC,false,normal,9.177,9.124565,15,0,-0.707107,-0.707107,0.000000,1.000000,sepmaker-pro__Apply,0.440949,0.603987,false,low,false
exec_syn_001125,acct_demo_02,ws_finishing_a,dev_mac_01,actor_demo_03,sepmaker-pro,1.6.0,Apply,success,,14432,2026-08-10T13:45:48.568Z,2026-08-10T13:46:03.000Z,2026-08-10T13:46:04.109Z,local_bridge,Illustrator 29.0,Operation Suite 3.1,macos,SYNTHETIC,false,normal,14.432,9.577273,13,1,-0.258819,-0.965926,0.781831,0.623490,sepmaker-pro__Apply,0.414797,0.603987,false,low,false
exec_syn_001126,acct_demo_03,ws_production_a,dev_win_03,actor_demo_04,sepmaker-pro,1.6.0,Apply,success,,15852,2026-08-10T14:22:02.148Z,2026-08-10T14:22:18.000Z,2026-08-10T14:22:18.873Z,local_bridge,Illustrator 28.5,Operation Suite 3.1,windows,SYNTHETIC,false,normal,15.852,9.671114,14,1,-0.500000,-0.866025,0.781831,0.623490,sepmaker-pro__Apply,0.457110,0.603987,false,low,false
exec_syn_001131,acct_demo_03,ws_production_a,dev_win_03,actor_demo_04,sepmaker-pro,1.6.0,Apply,cancelled,ACTION_CANCELLED,11154,2026-08-10T14:26:17.846Z,2026-08-10T14:26:29.000Z,2026-08-10T14:26:29.718Z,local_bridge,Illustrator 28.5,Operation Suite 3.1,windows,SYNTHETIC,false,normal,11.154,9.319643,14,1,-0.500000,-0.866025,0.781831,0.623490,sepmaker-pro__Apply,0.385864,0.603987,false,low,false
exec_syn_001134,acct_demo_01,ws_prepress_a,dev_win_01,actor_demo_01,sepmaker-pro,1.6.0,Apply,success,,11305,2026-08-10T15:32:57.695Z,2026-08-10T15:33:09.000Z,2026-08-10T15:33:10.110Z,local_bridge,Illustrator 28.5,Operation Suite 3.1,windows,SYNTHETIC,false,normal,11.305,9.333089,15,1,-0.707107,-0.707107,0.781831,0.623490,sepmaker-pro__Apply,0.383843,0.603987,false,low,false
exec_syn_001123,acct_demo_02,ws_finishing_a,dev_mac_01,actor_demo_03,sepmaker-pro,1.6.0,Apply,success,,10813,2026-08-10T16:30:27.187Z,2026-08-10T16:30:38.000Z,2026-08-10T16:30:38.290Z,local_bridge,Illustrator 29.0,Operation Suite 3.1,macos,SYNTHETIC,false,normal,10.813,9.288597,16,1,-0.866025,-0.500000,0.781831,0.623490,sepmaker-pro__Apply,0.386779,0.603987,false,low,false
exec_syn_001142,acct_demo_03,ws_production_a,dev_win_03,actor_demo_04,sepmaker-pro,1.6.0,Apply,success,,9590,2026-08-11T08:39:39.410Z,2026-08-11T08:39:49.000Z,2026-08-11T08:39:50.197Z,local_bridge,Illustrator 28.5,Operation Suite 3.1,windows,SYNTHETIC,false,normal,9.590,9.168580,8,2,0.866025,-0.500000,0.974928,-0.222521,sepmaker-pro__Apply,0.417405,0.603987,false,low,false
exec_syn_001149,acct_demo_01,ws_prepress_a,dev_win_01,actor_demo_01,sepmaker-pro,1.6.0,Apply,success,,15494,2026-08-11T09:00:36.506Z,2026-08-11T09:00:52.000Z,2026-08-11T09:00:52.337Z,local_bridge,Illustrator 28.5,Operation Suite 3.1,windows,SYNTHETIC,false,normal,15.494,9.648273,9,2,0.707107,-0.707107,0.974928,-0.222521,sepmaker-pro__Apply,0.455387,0.603987,false,low,false
exec_syn_001150,acct_demo_03,ws_production_a,dev_win_03,actor_demo_04,sepmaker-pro,1.6.0,Apply,success,,16118,2026-08-11T09:02:21.882Z,2026-08-11T09:02:38.000Z,2026-08-11T09:02:39.128Z,local_bridge,Illustrator 28.5,Operation Suite 3.1,windows,SYNTHETIC,false,normal,16.118,9.687754,9,2,0.707107,-0.707107,0.974928,-0.222521,sepmaker-pro__Apply,0.461910,0.603987,false,low,false
exec_syn_001147,acct_demo_01,ws_prepress_b,dev_win_02,actor_demo_02,sepmaker-pro,1.6.0,Apply,success,,9597,2026-08-11T09:09:49.403Z,2026-08-11T09:09:59.000Z,2026-08-11T09:09:59.313Z,local_bridge,Illustrator 28.5,Operation Suite 3.1,windows,SYNTHETIC,false,normal,9.597,9.169310,9,2,0.707107,-0.707107,0.974928,-0.222521,sepmaker-pro__Apply,0.417555,0.603987,false,low,false
exec_syn_001145,acct_demo_01,ws_prepress_b,dev_win_02,actor_demo_02,sepmaker-pro,1.6.0,Apply,success,,9160,2026-08-11T09:29:07.840Z,2026-08-11T09:29:17.000Z,2026-08-11T09:29:17.476Z,local_bridge,Illustrator 28.5,Operation Suite 3.1,windows,SYNTHETIC,false,normal,9.160,9.122711,9,2,0.707107,-0.707107,0.974928,-0.222521,sepmaker-pro__Apply,0.441016,0.603987,false,low,false
exec_syn_001151,acct_demo_01,ws_prepress_b,dev_win_02,actor_demo_02,sepmaker-pro,1.6.0,Apply,success,,14457,2026-08-11T10:53:13.543Z,2026-08-11T10:53:28.000Z,2026-08-11T10:53:29.043Z,local_bridge,Illustrator 28.5,Operation Suite 3.1,windows,SYNTHETIC,false,normal,14.457,9.579003,10,2,0.500000,-0.866025,0.974928,-0.222521,sepmaker-pro__Apply,0.417590,0.603987,false,low,false
exec_syn_001139,acct_demo_01,ws_prepress_a,dev_win_01,actor_demo_01,sepmaker-pro,1.6.0,Apply,success,,13258,2026-08-11T12:29:25.742Z,2026-08-11T12:29:39.000Z,2026-08-11T12:29:40.051Z,local_bridge,Illustrator 28.5,Operation Suite 3.1,windows,SYNTHETIC,false,normal,13.258,9.492432,12,2,0.000000,-1.000000,0.974928,-0.222521,sepmaker-pro__Apply,0.395486,0.603987,false,low,false
exec_syn_001143,acct_demo_03,ws_production_a,dev_win_03,actor_demo_04,sepmaker-pro,1.6.0,Apply,success,,13394,2026-08-11T12:54:39.606Z,2026-08-11T12:54:53.000Z,2026-08-11T12:54:53.360Z,local_bridge,Illustrator 28.5,Operation Suite 3.1,windows,SYNTHETIC,false,normal,13.394,9.502637,12,2,0.000000,-1.000000,0.974928,-0.222521,sepmaker-pro__Apply,0.399381,0.603987,false,low,false
exec_syn_001144,acct_demo_02,ws_finishing_a,dev_mac_01,actor_demo_03,sepmaker-pro,1.6.0,Apply,failure,VALIDATION_FAILED,14523,2026-08-11T14:32:58.477Z,2026-08-11T14:33:13.000Z,2026-08-11T14:33:13.486Z,local_bridge,Illustrator 29.0,Operation Suite 3.1,macos,SYNTHETIC,false,normal,14.523,9.583558,14,2,-0.500000,-0.866025,0.974928,-0.222521,sepmaker-pro__Apply,0.419250,0.603987,false,low,false
exec_syn_001148,acct_demo_01,ws_prepress_a,dev_win_01,actor_demo_01,sepmaker-pro,1.6.0,Apply,success,,55630,2026-08-11T14:47:57.370Z,2026-08-11T14:48:53.000Z,2026-08-11T14:48:53.359Z,local_bridge,Illustrator 28.5,Operation Suite 3.1,windows,SYNTHETIC,true,duration_spike,55.630,10.926496,14,2,-0.500000,-0.866025,0.974928,-0.222521,sepmaker-pro__Apply,0.651304,0.603987,true,medium,true
exec_syn_001137,acct_demo_02,ws_finishing_a,dev_mac_01,actor_demo_03,sepmaker-pro,1.6.0,Apply,success,,9346,2026-08-11T15:14:05.654Z,2026-08-11T15:14:15.000Z,2026-08-11T15:14:16.414Z,local_bridge,Illustrator 29.0,Operation Suite 3.1,macos,SYNTHETIC,false,normal,9.346,9.142811,15,2,-0.707107,-0.707107,0.974928,-0.222521,sepmaker-pro__Apply,0.428368,0.603987,false,low,false
exec_syn_001140,acct_demo_01,ws_prepress_a,dev_win_01,actor_demo_01,sepmaker-pro,1.6.0,Apply,success,,13675,2026-08-11T17:21:58.325Z,2026-08-11T17:22:12.000Z,2026-08-11T17:22:12.584Z,local_bridge,Illustrator 28.5,Operation Suite 3.1,windows,SYNTHETIC,false,normal,13.675,9.523398,17,2,-0.965926,-0.258819,0.974928,-0.222521,sepmaker-pro__Apply,0.408406,0.603987,false,low,false
exec_syn_001158,acct_demo_02,ws_finishing_a,dev_mac_01,actor_demo_03,sepmaker-pro,1.6.0,Apply,success,,10493,2026-08-12T10:13:18.507Z,2026-08-12T10:13:29.000Z,2026-08-12T10:13:30.366Z,local_bridge,Illustrator 29.0,Operation Suite 3.1,macos,SYNTHETIC,false,normal,10.493,9.258559,10,3,0.500000,-0.866025,0.433884,-0.900969,sepmaker-pro__Apply,0.395836,0.603987,false,low,false
exec_syn_001166,acct_demo_01,ws_prepress_a,dev_win_01,actor_demo_01,sepmaker-pro,1.6.0,Apply,success,,13997,2026-08-12T10:34:52.003Z,2026-08-12T10:35:06.000Z,2026-08-12T10:35:07.026Z,local_bridge,Illustrator 28.5,Operation Suite 3.1,windows,SYNTHETIC,false,normal,13.997,9.546670,10,3,0.500000,-0.866025,0.433884,-0.900969,sepmaker-pro__Apply,0.416616,0.603987,false,low,false
exec_syn_001167,acct_demo_01,ws_prepress_b,dev_win_02,actor_demo_02,sepmaker-pro,1.6.0,Apply,failure,HOST_UNAVAILABLE,44698,2026-08-12T10:42:25.302Z,2026-08-12T10:43:10.000Z,2026-08-12T10:43:10.389Z,local_bridge,Illustrator 28.5,Operation Suite 3.1,windows,SYNTHETIC,true,duration_spike,44.698,10.707706,10,3,0.500000,-0.866025,0.433884,-0.900969,sepmaker-pro__Apply,0.596076,0.603987,false,low,true
exec_syn_001159,acct_demo_03,ws_production_a,dev_win_03,actor_demo_04,sepmaker-pro,1.6.0,Apply,success,,3192,2026-08-12T10:59:07.808Z,2026-08-12T10:59:11.000Z,2026-08-12T10:59:11.344Z,local_bridge,Illustrator 28.5,Operation Suite 3.1,windows,SYNTHETIC,true,duration_drop,3.192,8.068716,10,3,0.500000,-0.866025,0.433884,-0.900969,sepmaker-pro__Apply,0.773129,0.603987,true,critical,true
exec_syn_001160,acct_demo_01,ws_prepress_b,dev_win_02,actor_demo_02,sepmaker-pro,1.6.0,Apply,failure,PROCESSING_FAILED,10334,2026-08-12T13:26:54.666Z,2026-08-12T13:27:05.000Z,2026-08-12T13:27:05.499Z,local_bridge,Illustrator 28.5,Operation Suite 3.1,windows,SYNTHETIC,false,normal,10.334,9.243291,13,3,-0.258819,-0.965926,0.433884,-0.900969,sepmaker-pro__Apply,0.397788,0.603987,false,low,false
exec_syn_001161,acct_demo_03,ws_production_a,dev_win_03,actor_demo_04,sepmaker-pro,1.6.0,Apply,success,,18365,2026-08-12T13:39:03.635Z,2026-08-12T13:39:22.000Z,2026-08-12T13:39:22.933Z,local_bridge,Illustrator 28.5,Operation Suite 3.1,windows,SYNTHETIC,false,normal,18.365,9.818256,13,3,-0.258819,-0.965926,0.433884,-0.900969,sepmaker-pro__Apply,0.540791,0.603987,false,low,false
exec_syn_001154,acct_demo_03,ws_production_a,dev_win_03,actor_demo_04,sepmaker-pro,1.6.0,Apply,success,,13477,2026-08-12T16:36:43.523Z,2026-08-12T16:36:57.000Z,2026-08-12T16:36:58.472Z,local_bridge,Illustrator 28.5,Operation Suite 3.1,windows,SYNTHETIC,false,normal,13.477,9.508814,16,3,-0.866025,-0.500000,0.433884,-0.900969,sepmaker-pro__Apply,0.399857,0.603987,false,low,false
exec_syn_001165,acct_demo_01,ws_prepress_a,dev_win_01,actor_demo_01,sepmaker-pro,1.6.0,Apply,success,,9053,2026-08-12T17:11:57.947Z,2026-08-12T17:12:07.000Z,2026-08-12T17:12:07.410Z,local_bridge,Illustrator 28.5,Operation Suite 3.1,windows,SYNTHETIC,false,normal,9.053,9.110962,17,3,-0.965926,-0.258819,0.433884,-0.900969,sepmaker-pro__Apply,0.446294,0.603987,false,low,false
exec_syn_001184,acct_demo_03,ws_production_a,dev_win_03,actor_demo_04,sepmaker-pro,1.6.0,Apply,success,,11838,2026-08-13T10:17:56.162Z,2026-08-13T10:18:08.000Z,2026-08-13T10:18:08.853Z,local_bridge,Illustrator 28.5,Operation Suite 3.1,windows,SYNTHETIC,false,normal,11.838,9.379154,10,4,0.500000,-0.866025,-0.433884,-0.900969,sepmaker-pro__Apply,0.390232,0.603987,false,low,false
exec_syn_001179,acct_demo_03,ws_production_a,dev_win_03,actor_demo_04,sepmaker-pro,1.6.0,Apply,success,,13586,2026-08-13T11:28:50.414Z,2026-08-13T11:29:04.000Z,2026-08-13T11:29:04.530Z,local_bridge,Illustrator 28.5,Operation Suite 3.1,windows,SYNTHETIC,false,normal,13.586,9.516869,11,4,0.258819,-0.965926,-0.433884,-0.900969,sepmaker-pro__Apply,0.399588,0.603987,false,low,false
exec_syn_001175,acct_demo_01,ws_prepress_a,dev_win_01,actor_demo_01,sepmaker-pro,1.6.0,Apply,failure,DOCUMENT_UNAVAILABLE,8497,2026-08-13T11:31:40.503Z,2026-08-13T11:31:49.000Z,2026-08-13T11:31:49.409Z,local_bridge,Illustrator 28.5,Operation Suite 3.1,windows,SYNTHETIC,false,normal,8.497,9.047586,11,4,0.258819,-0.965926,-0.433884,-0.900969,sepmaker-pro__Apply,0.460965,0.603987,false,low,false
exec_syn_001171,acct_demo_02,ws_finishing_a,dev_mac_01,actor_demo_03,sepmaker-pro,1.6.0,Apply,success,,13770,2026-08-13T12:08:23.230Z,2026-08-13T12:08:37.000Z,2026-08-13T12:08:38.201Z,local_bridge,Illustrator 29.0,Operation Suite 3.1,macos,SYNTHETIC,false,normal,13.770,9.530320,12,4,0.000000,-1.000000,-0.433884,-0.900969,sepmaker-pro__Apply,0.415820,0.603987,false,low,false
exec_syn_001174,acct_demo_01,ws_prepress_a,dev_win_01,actor_demo_01,sepmaker-pro,1.6.0,Apply,success,,11895,2026-08-13T12:26:32.105Z,2026-08-13T12:26:44.000Z,2026-08-13T12:26:44.863Z,local_bridge,Illustrator 28.5,Operation Suite 3.1,windows,SYNTHETIC,false,normal,11.895,9.383957,12,4,0.000000,-1.000000,-0.433884,-0.900969,sepmaker-pro__Apply,0.393062,0.603987,false,low,false
exec_syn_001178,acct_demo_01,ws_prepress_b,dev_win_02,actor_demo_02,sepmaker-pro,1.6.0,Apply,success,,10970,2026-08-13T13:20:22.030Z,2026-08-13T13:20:33.000Z,2026-08-13T13:20:33.595Z,local_bridge,Illustrator 28.5,Operation Suite 3.1,windows,SYNTHETIC,false,normal,10.970,9.303011,13,4,-0.258819,-0.965926,-0.433884,-0.900969,sepmaker-pro__Apply,0.382881,0.603987,false,low,false
exec_syn_001176,acct_demo_03,ws_production_a,dev_win_03,actor_demo_04,sepmaker-pro,1.6.0,Apply,success,,12150,2026-08-13T13:53:53.850Z,2026-08-13T13:54:06.000Z,2026-08-13T13:54:06.603Z,local_bridge,Illustrator 28.5,Operation Suite 3.1,windows,SYNTHETIC,false,normal,12.150,9.405167,13,4,-0.258819,-0.965926,-0.433884,-0.900969,sepmaker-pro__Apply,0.391376,0.603987,false,low,false
exec_syn_001173,acct_demo_02,ws_finishing_a,dev_mac_01,actor_demo_03,sepmaker-pro,1.6.0,Apply,success,,12417,2026-08-13T16:55:58.583Z,2026-08-13T16:56:11.000Z,2026-08-13T16:56:11.600Z,local_bridge,Illustrator 29.0,Operation Suite 3.1,macos,SYNTHETIC,false,normal,12.417,9.426902,16,4,-0.866025,-0.500000,-0.433884,-0.900969,sepmaker-pro__Apply,0.390548,0.603987,false,low,false
exec_syn_001185,acct_demo_03,ws_production_a,dev_win_03,actor_demo_04,sepmaker-pro,1.6.0,Apply,success,,18735,2026-08-14T08:47:36.265Z,2026-08-14T08:47:55.000Z,2026-08-14T08:47:55.995Z,local_bridge,Illustrator 28.5,Operation Suite 3.1,windows,SYNTHETIC,false,normal,18.735,9.838202,8,5,0.866025,-0.500000,-0.974928,-0.222521,sepmaker-pro__Apply,0.540754,0.603987,false,low,false
exec_syn_001196,acct_demo_03,ws_production_a,dev_win_03,actor_demo_04,sepmaker-pro,1.6.0,Apply,success,,10104,2026-08-14T09:45:44.896Z,2026-08-14T09:45:55.000Z,2026-08-14T09:45:55.388Z,local_bridge,Illustrator 28.5,Operation Suite 3.1,windows,SYNTHETIC,false,normal,10.104,9.220786,9,5,0.707107,-0.707107,-0.974928,-0.222521,sepmaker-pro__Apply,0.396643,0.603987,false,low,false
exec_syn_001193,acct_demo_02,ws_finishing_a,dev_mac_01,actor_demo_03,sepmaker-pro,1.6.0,Apply,success,,7869,2026-08-14T13:04:43.131Z,2026-08-14T13:04:51.000Z,2026-08-14T13:04:51.816Z,local_bridge,Illustrator 29.0,Operation Suite 3.1,macos,SYNTHETIC,false,normal,7.869,8.970813,13,5,-0.258819,-0.965926,-0.974928,-0.222521,sepmaker-pro__Apply,0.539556,0.603987,false,low,false
exec_syn_001199,acct_demo_03,ws_production_a,dev_win_03,actor_demo_04,sepmaker-pro,1.6.0,Apply,success,,16004,2026-08-14T13:28:05.996Z,2026-08-14T13:28:22.000Z,2026-08-14T13:28:22.335Z,local_bridge,Illustrator 28.5,Operation Suite 3.1,windows,SYNTHETIC,false,normal,16.004,9.680656,13,5,-0.258819,-0.965926,-0.974928,-0.222521,sepmaker-pro__Apply,0.460605,0.603987,false,low,false
exec_syn_001194,acct_demo_01,ws_prepress_b,dev_win_02,actor_demo_02,sepmaker-pro,1.6.0,Apply,success,,11465,2026-08-14T13:34:19.535Z,2026-08-14T13:34:31.000Z,2026-08-14T13:34:31.774Z,local_bridge,Illustrator 28.5,Operation Suite 3.1,windows,SYNTHETIC,false,normal,11.465,9.347141,13,5,-0.258819,-0.965926,-0.974928,-0.222521,sepmaker-pro__Apply,0.384302,0.603987,false,low,false
exec_syn_001190,acct_demo_03,ws_production_a,dev_win_03,actor_demo_04,sepmaker-pro,1.6.0,Apply,success,,61466,2026-08-14T13:33:32.534Z,2026-08-14T13:34:34.000Z,2026-08-14T13:34:35.244Z,local_bridge,Illustrator 28.5,Operation Suite 3.1,windows,SYNTHETIC,true,duration_spike,61.466,11.026256,13,5,-0.258819,-0.965926,-0.974928,-0.222521,sepmaker-pro__Apply,0.679654,0.603987,true,medium,true
exec_syn_001188,acct_demo_01,ws_prepress_a,dev_win_01,actor_demo_01,sepmaker-pro,1.6.0,Apply,success,,9661,2026-08-14T13:52:03.339Z,2026-08-14T13:52:13.000Z,2026-08-14T13:52:14.464Z,local_bridge,Illustrator 28.5,Operation Suite 3.1,windows,SYNTHETIC,false,normal,9.661,9.175956,13,5,-0.258819,-0.965926,-0.974928,-0.222521,sepmaker-pro__Apply,0.415373,0.603987,false,low,false
exec_syn_001200,acct_demo_01,ws_prepress_b,dev_win_02,actor_demo_02,sepmaker-pro,1.6.0,Apply,success,,9049,2026-08-14T14:21:52.951Z,2026-08-14T14:22:02.000Z,2026-08-14T14:22:03.291Z,local_bridge,Illustrator 28.5,Operation Suite 3.1,windows,SYNTHETIC,false,normal,9.049,9.110520,14,5,-0.500000,-0.866025,-0.974928,-0.222521,sepmaker-pro__Apply,0.446143,0.603987,false,low,false
exec_syn_001192,acct_demo_03,ws_production_a,dev_win_03,actor_demo_04,sepmaker-pro,1.6.0,Apply,success,,10487,2026-08-14T16:38:02.513Z,2026-08-14T16:38:13.000Z,2026-08-14T16:38:13.997Z,local_bridge,Illustrator 28.5,Operation Suite 3.1,windows,SYNTHETIC,false,normal,10.487,9.257987,16,5,-0.866025,-0.500000,-0.974928,-0.222521,sepmaker-pro__Apply,0.395715,0.603987,false,low,false
exec_syn_001207,acct_demo_03,ws_production_a,dev_win_03,actor_demo_04,sepmaker-pro,1.6.0,Apply,success,,8575,2026-08-15T10:00:45.425Z,2026-08-15T10:00:54.000Z,2026-08-15T10:00:54.945Z,local_bridge,Illustrator 28.5,Operation Suite 3.1,windows,SYNTHETIC,false,normal,8.575,9.056723,10,6,0.500000,-0.866025,-0.781831,0.623490,sepmaker-pro__Apply,0.457096,0.603987,false,low,false
exec_syn_001208,acct_demo_01,ws_prepress_b,dev_win_02,actor_demo_02,sepmaker-pro,1.6.0,Apply,success,,8727,2026-08-15T10:25:58.273Z,2026-08-15T10:26:07.000Z,2026-08-15T10:26:08.087Z,local_bridge,Illustrator 28.5,Operation Suite 3.1,windows,SYNTHETIC,false,normal,8.727,9.074292,10,6,0.500000,-0.866025,-0.781831,0.623490,sepmaker-pro__Apply,0.451053,0.603987,false,low,false
exec_syn_001206,acct_demo_01,ws_prepress_a,dev_win_01,actor_demo_01,sepmaker-pro,1.6.0,Apply,failure,VALIDATION_FAILED,9601,2026-08-15T11:47:23.399Z,2026-08-15T11:47:33.000Z,2026-08-15T11:47:34.455Z,local_bridge,Illustrator 28.5,Operation Suite 3.1,windows,SYNTHETIC,false,normal,9.601,9.169727,11,6,0.258819,-0.965926,-0.781831,0.623490,sepmaker-pro__Apply,0.415889,0.603987,false,low,false
exec_syn_001212,acct_demo_02,ws_finishing_a,dev_mac_01,actor_demo_03,sepmaker-pro,1.6.0,Apply,success,,10481,2026-08-15T12:31:55.519Z,2026-08-15T12:32:06.000Z,2026-08-15T12:32:07.021Z,local_bridge,Illustrator 29.0,Operation Suite 3.1,macos,SYNTHETIC,false,normal,10.481,9.257415,12,6,0.000000,-1.000000,-0.781831,0.623490,sepmaker-pro__Apply,0.395110,0.603987,false,low,false
exec_syn_001213,acct_demo_03,ws_production_a,dev_win_03,actor_demo_04,sepmaker-pro,1.6.0,Apply,success,,13051,2026-08-15T13:56:36.949Z,2026-08-15T13:56:50.000Z,2026-08-15T13:56:51.463Z,local_bridge,Illustrator 28.5,Operation Suite 3.1,windows,SYNTHETIC,false,normal,13.051,9.476697,13,6,-0.258819,-0.965926,-0.781831,0.623490,sepmaker-pro__Apply,0.395363,0.603987,false,low,false
exec_syn_001211,acct_demo_02,ws_finishing_a,dev_mac_01,actor_demo_03,sepmaker-pro,1.6.0,Apply,success,,14866,2026-08-15T14:02:50.134Z,2026-08-15T14:03:05.000Z,2026-08-15T14:03:05.939Z,local_bridge,Illustrator 29.0,Operation Suite 3.1,macos,SYNTHETIC,false,normal,14.866,9.606899,14,6,-0.500000,-0.866025,-0.781831,0.623490,sepmaker-pro__Apply,0.431348,0.603987,false,low,false
exec_syn_001205,acct_demo_03,ws_production_a,dev_win_03,actor_demo_04,sepmaker-pro,1.6.0,Apply,success,,16433,2026-08-15T14:35:26.567Z,2026-08-15T14:35:43.000Z,2026-08-15T14:35:43.664Z,local_bridge,Illustrator 28.5,Operation Suite 3.1,windows,SYNTHETIC,false,normal,16.433,9.707108,14,6,-0.500000,-0.866025,-0.781831,0.623490,sepmaker-pro__Apply,0.469321,0.603987,false,low,false
exec_syn_001210,acct_demo_03,ws_production_a,dev_win_03,actor_demo_04,sepmaker-pro,1.6.0,Apply,success,,11439,2026-08-15T15:36:13.561Z,2026-08-15T15:36:25.000Z,2026-08-15T15:36:25.821Z,local_bridge,Illustrator 28.5,Operation Suite 3.1,windows,SYNTHETIC,false,normal,11.439,9.344871,15,6,-0.707107,-0.707107,-0.781831,0.623490,sepmaker-pro__Apply,0.383498,0.603987,false,low,false
exec_syn_001201,acct_demo_02,ws_finishing_a,dev_mac_01,actor_demo_03,sepmaker-pro,1.6.0,Apply,success,,13541,2026-08-15T15:37:42.459Z,2026-08-15T15:37:56.000Z,2026-08-15T15:37:56.740Z,local_bridge,Illustrator 29.0,Operation Suite 3.1,macos,SYNTHETIC,false,normal,13.541,9.513551,15,6,-0.707107,-0.707107,-0.781831,0.623490,sepmaker-pro__Apply,0.401698,0.603987,false,low,false
exec_syn_001202,acct_demo_03,ws_production_a,dev_win_03,actor_demo_04,sepmaker-pro,1.6.0,Apply,success,,11262,2026-08-15T15:45:14.738Z,2026-08-15T15:45:26.000Z,2026-08-15T15:45:27.319Z,local_bridge,Illustrator 28.5,Operation Suite 3.1,windows,SYNTHETIC,false,normal,11.262,9.329278,15,6,-0.707107,-0.707107,-0.781831,0.623490,sepmaker-pro__Apply,0.386209,0.603987,false,low,false
exec_syn_001225,acct_demo_01,ws_prepress_a,dev_win_01,actor_demo_01,sepmaker-pro,1.6.0,Apply,success,,10862,2026-08-16T12:12:11.138Z,2026-08-16T12:12:22.000Z,2026-08-16T12:12:22.348Z,local_bridge,Illustrator 28.5,Operation Suite 3.1,windows,SYNTHETIC,false,normal,10.862,9.293118,12,0,0.000000,-1.000000,0.000000,1.000000,sepmaker-pro__Apply,0.386280,0.603987,false,low,false
exec_syn_001229,acct_demo_01,ws_prepress_a,dev_win_01,actor_demo_01,sepmaker-pro,1.6.0,Apply,failure,HOST_UNAVAILABLE,10239,2026-08-16T12:13:35.761Z,2026-08-16T12:13:46.000Z,2026-08-16T12:13:46.370Z,local_bridge,Illustrator 28.5,Operation Suite 3.1,windows,SYNTHETIC,false,normal,10.239,9.234057,12,0,0.000000,-1.000000,0.000000,1.000000,sepmaker-pro__Apply,0.400831,0.603987,false,low,false
exec_syn_001224,acct_demo_02,ws_finishing_a,dev_mac_01,actor_demo_03,sepmaker-pro,1.6.0,Apply,success,,32524,2026-08-16T12:57:43.476Z,2026-08-16T12:58:16.000Z,2026-08-16T12:58:17.316Z,local_bridge,Illustrator 29.0,Operation Suite 3.1,macos,SYNTHETIC,true,duration_spike,32.524,10.389764,12,0,0.000000,-1.000000,0.000000,1.000000,sepmaker-pro__Apply,0.632253,0.603987,true,medium,true
exec_syn_001230,acct_demo_02,ws_finishing_a,dev_mac_01,actor_demo_03,sepmaker-pro,1.6.0,Apply,success,,10565,2026-08-16T13:01:28.435Z,2026-08-16T13:01:39.000Z,2026-08-16T13:01:39.752Z,local_bridge,Illustrator 29.0,Operation Suite 3.1,macos,SYNTHETIC,false,normal,10.565,9.265397,13,0,-0.258819,-0.965926,0.000000,1.000000,sepmaker-pro__Apply,0.397454,0.603987,false,low,false
exec_syn_001231,acct_demo_03,ws_production_a,dev_win_03,actor_demo_04,sepmaker-pro,1.6.0,Apply,success,,13371,2026-08-16T13:02:40.629Z,2026-08-16T13:02:54.000Z,2026-08-16T13:02:54.986Z,local_bridge,Illustrator 28.5,Operation Suite 3.1,windows,SYNTHETIC,false,normal,13.371,9.500918,13,0,-0.258819,-0.965926,0.000000,1.000000,sepmaker-pro__Apply,0.398732,0.603987,false,low,false
exec_syn_001227,acct_demo_03,ws_production_a,dev_win_03,actor_demo_04,sepmaker-pro,1.6.0,Apply,success,,8924,2026-08-16T13:23:01.076Z,2026-08-16T13:23:10.000Z,2026-08-16T13:23:10.385Z,local_bridge,Illustrator 28.5,Operation Suite 3.1,windows,SYNTHETIC,false,normal,8.924,9.096612,13,0,-0.258819,-0.965926,0.000000,1.000000,sepmaker-pro__Apply,0.447843,0.603987,false,low,false
exec_syn_001228,acct_demo_01,ws_prepress_a,dev_win_01,actor_demo_01,sepmaker-pro,1.6.0,Apply,success,,11856,2026-08-16T13:34:03.144Z,2026-08-16T13:34:15.000Z,2026-08-16T13:34:16.226Z,local_bridge,Illustrator 28.5,Operation Suite 3.1,windows,SYNTHETIC,false,normal,11.856,9.380674,13,0,-0.258819,-0.965926,0.000000,1.000000,sepmaker-pro__Apply,0.388935,0.603987,false,low,false
exec_syn_001226,acct_demo_01,ws_prepress_b,dev_win_02,actor_demo_02,sepmaker-pro,1.6.0,Apply,success,,13025,2026-08-16T15:04:01.975Z,2026-08-16T15:04:15.000Z,2026-08-16T15:04:15.312Z,local_bridge,Illustrator 28.5,Operation Suite 3.1,windows,SYNTHETIC,false,normal,13.025,9.474703,15,0,-0.707107,-0.707107,0.000000,1.000000,sepmaker-pro__Apply,0.394368,0.603987,false,low,false
exec_syn_001223,acct_demo_03,ws_production_a,dev_win_03,actor_demo_04,sepmaker-pro,1.6.0,Apply,success,,12037,2026-08-16T15:31:29.963Z,2026-08-16T15:31:42.000Z,2026-08-16T15:31:42.854Z,local_bridge,Illustrator 28.5,Operation Suite 3.1,windows,SYNTHETIC,false,normal,12.037,9.395824,15,0,-0.707107,-0.707107,0.000000,1.000000,sepmaker-pro__Apply,0.391316,0.603987,false,low,false
exec_syn_001218,acct_demo_01,ws_prepress_a,dev_win_01,actor_demo_01,sepmaker-pro,1.6.0,Apply,success,,12952,2026-08-16T15:39:29.048Z,2026-08-16T15:39:42.000Z,2026-08-16T15:39:42.611Z,local_bridge,Illustrator 28.5,Operation Suite 3.1,windows,SYNTHETIC,false,normal,12.952,9.469083,15,0,-0.707107,-0.707107,0.000000,1.000000,sepmaker-pro__Apply,0.394948,0.603987,false,low,false
exec_syn_001233,acct_demo_01,ws_prepress_a,dev_win_01,actor_demo_01,sepmaker-pro,1.6.0,Apply,success,,9708,2026-08-17T09:17:46.292Z,2026-08-17T09:17:56.000Z,2026-08-17T09:17:56.539Z,local_bridge,Illustrator 28.5,Operation Suite 3.1,windows,SYNTHETIC,false,normal,9.708,9.180809,9,1,0.707107,-0.707107,0.781831,0.623490,sepmaker-pro__Apply,0.414273,0.603987,false,low,false
exec_syn_001240,acct_demo_03,ws_production_a,dev_win_03,actor_demo_04,sepmaker-pro,1.6.0,Apply,success,,15098,2026-08-17T09:37:28.902Z,2026-08-17T09:37:44.000Z,2026-08-17T09:37:45.377Z,local_bridge,Illustrator 28.5,Operation Suite 3.1,windows,SYNTHETIC,false,normal,15.098,9.622384,9,1,0.707107,-0.707107,0.781831,0.623490,sepmaker-pro__Apply,0.447053,0.603987,false,low,false
exec_syn_001245,acct_demo_01,ws_prepress_b,dev_win_02,actor_demo_02,sepmaker-pro,1.6.0,Apply,success,,13829,2026-08-17T10:36:30.171Z,2026-08-17T10:36:44.000Z,2026-08-17T10:36:45.359Z,local_bridge,Illustrator 28.5,Operation Suite 3.1,windows,SYNTHETIC,false,normal,13.829,9.534595,10,1,0.500000,-0.866025,0.781831,0.623490,sepmaker-pro__Apply,0.415705,0.603987,false,low,false
exec_syn_001247,acct_demo_03,ws_production_a,dev_win_03,actor_demo_04,sepmaker-pro,1.6.0,Apply,success,,14383,2026-08-17T12:11:44.617Z,2026-08-17T12:11:59.000Z,2026-08-17T12:11:59.885Z,local_bridge,Illustrator 28.5,Operation Suite 3.1,windows,SYNTHETIC,false,normal,14.383,9.573872,12,1,0.000000,-1.000000,0.781831,0.623490,sepmaker-pro__Apply,0.416454,0.603987,false,low,false
exec_syn_001237,acct_demo_01,ws_prepress_b,dev_win_02,actor_demo_02,sepmaker-pro,1.6.0,Apply,success,,19323,2026-08-17T12:33:02.677Z,2026-08-17T12:33:22.000Z,2026-08-17T12:33:22.278Z,local_bridge,Illustrator 28.5,Operation Suite 3.1,windows,SYNTHETIC,false,normal,19.323,9.869103,12,1,0.000000,-1.000000,0.781831,0.623490,sepmaker-pro__Apply,0.557472,0.603987,false,low,false
exec_syn_001246,acct_demo_02,ws_finishing_a,dev_mac_01,actor_demo_03,sepmaker-pro,1.6.0,Apply,success,,15884,2026-08-17T12:35:28.116Z,2026-08-17T12:35:44.000Z,2026-08-17T12:35:44.545Z,local_bridge,Illustrator 29.0,Operation Suite 3.1,macos,SYNTHETIC,false,normal,15.884,9.673131,12,1,0.000000,-1.000000,0.781831,0.623490,sepmaker-pro__Apply,0.457129,0.603987,false,low,false
exec_syn_001244,acct_demo_01,ws_prepress_a,dev_win_01,actor_demo_01,sepmaker-pro,1.6.0,Apply,success,,11939,2026-08-17T14:38:40.061Z,2026-08-17T14:38:52.000Z,2026-08-17T14:38:53.283Z,local_bridge,Illustrator 28.5,Operation Suite 3.1,windows,SYNTHETIC,false,normal,11.939,9.387649,14,1,-0.500000,-0.866025,0.781831,0.623490,sepmaker-pro__Apply,0.390893,0.603987,false,low,false
exec_syn_001241,acct_demo_01,ws_prepress_b,dev_win_02,actor_demo_02,sepmaker-pro,1.6.0,Apply,success,,17167,2026-08-17T15:10:01.833Z,2026-08-17T15:10:19.000Z,2026-08-17T15:10:20.359Z,local_bridge,Illustrator 28.5,Operation Suite 3.1,windows,SYNTHETIC,false,normal,17.167,9.750802,15,1,-0.707107,-0.707107,0.781831,0.623490,sepmaker-pro__Apply,0.503502,0.603987,false,low,false
exec_syn_001236,acct_demo_01,ws_prepress_a,dev_win_01,actor_demo_01,sepmaker-pro,1.6.0,Apply,success,,12623,2026-08-17T15:37:31.377Z,2026-08-17T15:37:44.000Z,2026-08-17T15:37:44.977Z,local_bridge,Illustrator 28.5,Operation Suite 3.1,windows,SYNTHETIC,false,normal,12.623,9.443355,15,1,-0.707107,-0.707107,0.781831,0.623490,sepmaker-pro__Apply,0.393448,0.603987,false,low,false
exec_syn_001239,acct_demo_03,ws_production_a,dev_win_03,actor_demo_04,sepmaker-pro,1.6.0,Apply,success,,9684,2026-08-17T17:01:17.316Z,2026-08-17T17:01:27.000Z,2026-08-17T17:01:28.265Z,local_bridge,Illustrator 28.5,Operation Suite 3.1,windows,SYNTHETIC,false,normal,9.684,9.178334,17,1,-0.965926,-0.258819,0.781831,0.623490,sepmaker-pro__Apply,0.413325,0.603987,false,low,false
exec_syn_001238,acct_demo_03,ws_production_a,dev_win_03,actor_demo_04,sepmaker-pro,1.6.0,Apply,success,,11607,2026-08-17T17:01:44.393Z,2026-08-17T17:01:56.000Z,2026-08-17T17:01:57.108Z,local_bridge,Illustrator 28.5,Operation Suite 3.1,windows,SYNTHETIC,false,normal,11.607,9.359450,17,1,-0.965926,-0.258819,0.781831,0.623490,sepmaker-pro__Apply,0.387531,0.603987,false,low,false
exec_syn_001262,acct_demo_01,ws_prepress_a,dev_win_01,actor_demo_01,sepmaker-pro,1.6.0,Apply,success,,35877,2026-08-18T08:10:07.123Z,2026-08-18T08:10:43.000Z,2026-08-18T08:10:43.413Z,local_bridge,Illustrator 28.5,Operation Suite 3.1,windows,SYNTHETIC,true,duration_spike,35.877,10.487880,8,2,0.866025,-0.500000,0.974928,-0.222521,sepmaker-pro__Apply,0.608484,0.603987,true,low,true
exec_syn_001261,acct_demo_03,ws_production_a,dev_win_03,actor_demo_04,sepmaker-pro,1.6.0,Apply,success,,8911,2026-08-18T12:06:57.089Z,2026-08-18T12:07:06.000Z,2026-08-18T12:07:07.229Z,local_bridge,Illustrator 28.5,Operation Suite 3.1,windows,SYNTHETIC,false,normal,8.911,9.095154,12,2,0.000000,-1.000000,0.974928,-0.222521,sepmaker-pro__Apply,0.447243,0.603987,false,low,false
exec_syn_001260,acct_demo_01,ws_prepress_a,dev_win_01,actor_demo_01,sepmaker-pro,1.6.0,Apply,success,,10456,2026-08-18T12:37:11.544Z,2026-08-18T12:37:22.000Z,2026-08-18T12:37:22.450Z,local_bridge,Illustrator 28.5,Operation Suite 3.1,windows,SYNTHETIC,false,normal,10.456,9.255027,12,2,0.000000,-1.000000,0.974928,-0.222521,sepmaker-pro__Apply,0.394662,0.603987,false,low,false
exec_syn_001254,acct_demo_01,ws_prepress_b,dev_win_02,actor_demo_02,sepmaker-pro,1.6.0,Apply,success,,10473,2026-08-18T13:06:59.527Z,2026-08-18T13:07:10.000Z,2026-08-18T13:07:10.251Z,local_bridge,Illustrator 28.5,Operation Suite 3.1,windows,SYNTHETIC,false,normal,10.473,9.256651,13,2,-0.258819,-0.965926,0.974928,-0.222521,sepmaker-pro__Apply,0.395043,0.603987,false,low,false
exec_syn_001259,acct_demo_01,ws_prepress_b,dev_win_02,actor_demo_02,sepmaker-pro,1.6.0,Apply,success,,14753,2026-08-18T13:33:38.247Z,2026-08-18T13:33:53.000Z,2026-08-18T13:33:54.131Z,local_bridge,Illustrator 28.5,Operation Suite 3.1,windows,SYNTHETIC,false,normal,14.753,9.599270,13,2,-0.258819,-0.965926,0.974928,-0.222521,sepmaker-pro__Apply,0.424864,0.603987,false,low,false
exec_syn_001251,acct_demo_03,ws_production_a,dev_win_03,actor_demo_04,sepmaker-pro,1.6.0,Apply,success,,18640,2026-08-18T13:46:37.360Z,2026-08-18T13:46:56.000Z,2026-08-18T13:46:56.654Z,local_bridge,Illustrator 28.5,Operation Suite 3.1,windows,SYNTHETIC,false,normal,18.640,9.833119,13,2,-0.258819,-0.965926,0.974928,-0.222521,sepmaker-pro__Apply,0.541608,0.603987,false,low,false
exec_syn_001257,acct_demo_01,ws_prepress_a,dev_win_01,actor_demo_01,sepmaker-pro,1.6.0,Apply,success,,54699,2026-08-18T14:23:08.301Z,2026-08-18T14:24:03.000Z,2026-08-18T14:24:04.364Z,local_bridge,Illustrator 28.5,Operation Suite 3.1,windows,SYNTHETIC,true,duration_spike,54.699,10.909619,14,2,-0.500000,-0.866025,0.974928,-0.222521,sepmaker-pro__Apply,0.643206,0.603987,true,medium,true
exec_syn_001258,acct_demo_01,ws_prepress_a,dev_win_01,actor_demo_01,sepmaker-pro,1.6.0,Apply,success,,8732,2026-08-18T14:40:57.268Z,2026-08-18T14:41:06.000Z,2026-08-18T14:41:06.530Z,local_bridge,Illustrator 28.5,Operation Suite 3.1,windows,SYNTHETIC,false,normal,8.732,9.074864,14,2,-0.500000,-0.866025,0.974928,-0.222521,sepmaker-pro__Apply,0.451359,0.603987,false,low,false
exec_syn_001264,acct_demo_01,ws_prepress_a,dev_win_01,actor_demo_01,sepmaker-pro,1.6.0,Apply,success,,10650,2026-08-18T14:49:13.350Z,2026-08-18T14:49:24.000Z,2026-08-18T14:49:24.301Z,local_bridge,Illustrator 28.5,Operation Suite 3.1,windows,SYNTHETIC,false,normal,10.650,9.273409,14,2,-0.500000,-0.866025,0.974928,-0.222521,sepmaker-pro__Apply,0.397670,0.603987,false,low,false
exec_syn_001250,acct_demo_02,ws_finishing_a,dev_mac_01,actor_demo_03,sepmaker-pro,1.6.0,Apply,failure,DOCUMENT_UNAVAILABLE,10939,2026-08-18T15:04:32.061Z,2026-08-18T15:04:43.000Z,2026-08-18T15:04:43.319Z,local_bridge,Illustrator 29.0,Operation Suite 3.1,macos,SYNTHETIC,false,normal,10.939,9.300181,15,2,-0.707107,-0.707107,0.974928,-0.222521,sepmaker-pro__Apply,0.382194,0.603987,false,low,false
exec_syn_001255,acct_demo_01,ws_prepress_a,dev_win_01,actor_demo_01,sepmaker-pro,1.6.0,Apply,cancelled,ACTION_CANCELLED,11256,2026-08-18T15:39:25.744Z,2026-08-18T15:39:37.000Z,2026-08-18T15:39:38.475Z,local_bridge,Illustrator 28.5,Operation Suite 3.1,windows,SYNTHETIC,false,normal,11.256,9.328745,15,2,-0.707107,-0.707107,0.974928,-0.222521,sepmaker-pro__Apply,0.386041,0.603987,false,low,false
exec_syn_001253,acct_demo_02,ws_finishing_a,dev_mac_01,actor_demo_03,sepmaker-pro,1.6.0,Apply,success,,34580,2026-08-18T17:53:29.420Z,2026-08-18T17:54:04.000Z,2026-08-18T17:54:04.345Z,local_bridge,Illustrator 29.0,Operation Suite 3.1,macos,SYNTHETIC,true,duration_spike,34.580,10.451060,17,2,-0.965926,-0.258819,0.974928,-0.222521,sepmaker-pro__Apply,0.619645,0.603987,true,low,true
exec_syn_001267,acct_demo_02,ws_finishing_a,dev_mac_01,actor_demo_03,sepmaker-pro,1.6.0,Apply,success,,10162,2026-08-19T08:12:16.838Z,2026-08-19T08:12:27.000Z,2026-08-19T08:12:27.755Z,local_bridge,Illustrator 29.0,Operation Suite 3.1,macos,SYNTHETIC,false,normal,10.162,9.226509,8,3,0.866025,-0.500000,0.433884,-0.900969,sepmaker-pro__Apply,0.397016,0.603987,false,low,false
exec_syn_001271,acct_demo_02,ws_finishing_a,dev_mac_01,actor_demo_03,sepmaker-pro,1.6.0,Apply,success,,9458,2026-08-19T08:22:37.542Z,2026-08-19T08:22:47.000Z,2026-08-19T08:22:47.746Z,local_bridge,Illustrator 29.0,Operation Suite 3.1,macos,SYNTHETIC,false,normal,9.458,9.154722,8,3,0.866025,-0.500000,0.433884,-0.900969,sepmaker-pro__Apply,0.422882,0.603987,false,low,false
exec_syn_001276,acct_demo_02,ws_finishing_a,dev_mac_01,actor_demo_03,sepmaker-pro,1.6.0,Apply,success,,16601,2026-08-19T08:37:39.399Z,2026-08-19T08:37:56.000Z,2026-08-19T08:37:56.658Z,local_bridge,Illustrator 29.0,Operation Suite 3.1,macos,SYNTHETIC,false,normal,16.601,9.717278,8,3,0.866025,-0.500000,0.433884,-0.900969,sepmaker-pro__Apply,0.465426,0.603987,false,low,false
exec_syn_001272,acct_demo_02,ws_finishing_a,dev_mac_01,actor_demo_03,sepmaker-pro,1.6.0,Apply,success,,10249,2026-08-19T09:52:48.751Z,2026-08-19T09:52:59.000Z,2026-08-19T09:52:59.315Z,local_bridge,Illustrator 29.0,Operation Suite 3.1,macos,SYNTHETIC,false,normal,10.249,9.235033,9,3,0.707107,-0.707107,0.433884,-0.900969,sepmaker-pro__Apply,0.401290,0.603987,false,low,false
exec_syn_001265,acct_demo_01,ws_prepress_a,dev_win_01,actor_demo_01,sepmaker-pro,1.6.0,Apply,success,,12207,2026-08-19T11:55:14.793Z,2026-08-19T11:55:27.000Z,2026-08-19T11:55:27.339Z,local_bridge,Illustrator 28.5,Operation Suite 3.1,windows,SYNTHETIC,false,normal,12.207,9.409847,11,3,0.258819,-0.965926,0.433884,-0.900969,sepmaker-pro__Apply,0.398422,0.603987,false,low,false
exec_syn_001278,acct_demo_02,ws_finishing_a,dev_mac_01,actor_demo_03,sepmaker-pro,1.6.0,Apply,success,,9375,2026-08-19T12:24:26.625Z,2026-08-19T12:24:36.000Z,2026-08-19T12:24:36.725Z,local_bridge,Illustrator 29.0,Operation Suite 3.1,macos,SYNTHETIC,false,normal,9.375,9.145909,12,3,0.000000,-1.000000,0.433884,-0.900969,sepmaker-pro__Apply,0.423761,0.603987,false,low,false
exec_syn_001268,acct_demo_03,ws_production_a,dev_win_03,actor_demo_04,sepmaker-pro,1.6.0,Apply,success,,17857,2026-08-19T14:21:04.143Z,2026-08-19T14:21:22.000Z,2026-08-19T14:21:22.881Z,local_bridge,Illustrator 28.5,Operation Suite 3.1,windows,SYNTHETIC,false,normal,17.857,9.790207,14,3,-0.500000,-0.866025,0.433884,-0.900969,sepmaker-pro__Apply,0.528387,0.603987,false,low,false
exec_syn_001279,acct_demo_01,ws_prepress_b,dev_win_02,actor_demo_02,sepmaker-pro,1.6.0,Apply,success,,8648,2026-08-19T15:58:13.352Z,2026-08-19T15:58:22.000Z,2026-08-19T15:58:22.820Z,local_bridge,Illustrator 28.5,Operation Suite 3.1,windows,SYNTHETIC,false,normal,8.648,9.065199,15,3,-0.707107,-0.707107,0.433884,-0.900969,sepmaker-pro__Apply,0.451994,0.603987,false,low,false
exec_syn_001275,acct_demo_02,ws_finishing_a,dev_mac_01,actor_demo_03,sepmaker-pro,1.6.0,Apply,success,,6238,2026-08-19T16:56:59.762Z,2026-08-19T16:57:06.000Z,2026-08-19T16:57:06.448Z,local_bridge,Illustrator 29.0,Operation Suite 3.1,macos,SYNTHETIC,false,normal,6.238,8.738575,16,3,-0.866025,-0.500000,0.433884,-0.900969,sepmaker-pro__Apply,0.686025,0.603987,true,high,false
exec_syn_001270,acct_demo_01,ws_prepress_b,dev_win_02,actor_demo_02,sepmaker-pro,1.6.0,Apply,success,,8550,2026-08-19T17:16:55.450Z,2026-08-19T17:17:04.000Z,2026-08-19T17:17:05.171Z,local_bridge,Illustrator 28.5,Operation Suite 3.1,windows,SYNTHETIC,false,normal,8.550,9.053804,17,3,-0.965926,-0.258819,0.433884,-0.900969,sepmaker-pro__Apply,0.455368,0.603987,false,low,false
exec_syn_001277,acct_demo_01,ws_prepress_a,dev_win_01,actor_demo_01,sepmaker-pro,1.6.0,Apply,success,,12241,2026-08-19T17:19:46.759Z,2026-08-19T17:19:59.000Z,2026-08-19T17:19:59.939Z,local_bridge,Illustrator 28.5,Operation Suite 3.1,windows,SYNTHETIC,false,normal,12.241,9.412628,17,3,-0.965926,-0.258819,0.433884,-0.900969,sepmaker-pro__Apply,0.399737,0.603987,false,low,false
exec_syn_001288,acct_demo_02,ws_finishing_a,dev_mac_01,actor_demo_03,sepmaker-pro,1.6.0,Apply,success,,9984,2026-08-20T08:21:12.016Z,2026-08-20T08:21:22.000Z,2026-08-20T08:21:22.447Z,local_bridge,Illustrator 29.0,Operation Suite 3.1,macos,SYNTHETIC,false,normal,9.984,9.208839,8,4,0.866025,-0.500000,-0.433884,-0.900969,sepmaker-pro__Apply,0.395729,0.603987,false,low,false
exec_syn_001283,acct_demo_02,ws_finishing_a,dev_mac_01,actor_demo_03,sepmaker-pro,1.6.0,Apply,success,,12373,2026-08-20T08:21:32.627Z,2026-08-20T08:21:45.000Z,2026-08-20T08:21:46.429Z,local_bridge,Illustrator 29.0,Operation Suite 3.1,macos,SYNTHETIC,false,normal,12.373,9.423353,8,4,0.866025,-0.500000,-0.433884,-0.900969,sepmaker-pro__Apply,0.392398,0.603987,false,low,false
exec_syn_001293,acct_demo_02,ws_finishing_a,dev_mac_01,actor_demo_03,sepmaker-pro,1.6.0,Apply,success,,11058,2026-08-20T08:45:32.942Z,2026-08-20T08:45:44.000Z,2026-08-20T08:45:44.535Z,local_bridge,Illustrator 29.0,Operation Suite 3.1,macos,SYNTHETIC,false,normal,11.058,9.311000,8,4,0.866025,-0.500000,-0.433884,-0.900969,sepmaker-pro__Apply,0.382941,0.603987,false,low,false
exec_syn_001289,acct_demo_03,ws_production_a,dev_win_03,actor_demo_04,sepmaker-pro,1.6.0,Apply,success,,60402,2026-08-20T09:12:59.598Z,2026-08-20T09:14:00.000Z,2026-08-20T09:14:00.541Z,local_bridge,Illustrator 28.5,Operation Suite 3.1,windows,SYNTHETIC,true,duration_spike,60.402,11.008794,9,4,0.707107,-0.707107,-0.433884,-0.900969,sepmaker-pro__Apply,0.672846,0.603987,true,medium,true
exec_syn_001281,acct_demo_02,ws_finishing_a,dev_mac_01,actor_demo_03,sepmaker-pro,1.6.0,Apply,success,,40952,2026-08-20T09:41:56.048Z,2026-08-20T09:42:37.000Z,2026-08-20T09:42:37.399Z,local_bridge,Illustrator 29.0,Operation Suite 3.1,macos,SYNTHETIC,true,duration_spike,40.952,10.620180,9,4,0.707107,-0.707107,-0.433884,-0.900969,sepmaker-pro__Apply,0.609429,0.603987,true,low,true
exec_syn_001296,acct_demo_02,ws_finishing_a,dev_mac_01,actor_demo_03,sepmaker-pro,1.6.0,Apply,success,,7194,2026-08-20T14:06:13.806Z,2026-08-20T14:06:21.000Z,2026-08-20T14:06:21.977Z,local_bridge,Illustrator 29.0,Operation Suite 3.1,macos,SYNTHETIC,false,normal,7.194,8.881142,14,4,-0.500000,-0.866025,-0.433884,-0.900969,sepmaker-pro__Apply,0.625571,0.603987,true,low,false
exec_syn_001302,acct_demo_02,ws_finishing_a,dev_mac_01,actor_demo_03,sepmaker-pro,1.6.0,Apply,success,,10741,2026-08-21T10:26:38.259Z,2026-08-21T10:26:49.000Z,2026-08-21T10:26:50.229Z,local_bridge,Illustrator 29.0,Operation Suite 3.1,macos,SYNTHETIC,false,normal,10.741,9.281917,10,5,0.500000,-0.866025,-0.974928,-0.222521,sepmaker-pro__Apply,0.392012,0.603987,false,low,false
exec_syn_001307,acct_demo_02,ws_finishing_a,dev_mac_01,actor_demo_03,sepmaker-pro,1.6.0,Apply,success,,9233,2026-08-21T13:40:23.767Z,2026-08-21T13:40:33.000Z,2026-08-21T13:40:33.262Z,local_bridge,Illustrator 29.0,Operation Suite 3.1,macos,SYNTHETIC,false,normal,9.233,9.130648,13,5,-0.258819,-0.965926,-0.974928,-0.222521,sepmaker-pro__Apply,0.433968,0.603987,false,low,false
exec_syn_001304,acct_demo_03,ws_production_a,dev_win_03,actor_demo_04,sepmaker-pro,1.6.0,Apply,success,,16853,2026-08-21T15:36:34.147Z,2026-08-21T15:36:51.000Z,2026-08-21T15:36:51.601Z,local_bridge,Illustrator 28.5,Operation Suite 3.1,windows,SYNTHETIC,false,normal,16.853,9.732343,15,5,-0.707107,-0.707107,-0.974928,-0.222521,sepmaker-pro__Apply,0.476318,0.603987,false,low,false
exec_syn_001323,acct_demo_03,ws_production_a,dev_win_03,actor_demo_04,sepmaker-pro,1.6.0,Apply,success,,14394,2026-08-22T10:08:54.606Z,2026-08-22T10:09:09.000Z,2026-08-22T10:09:09.985Z,local_bridge,Illustrator 28.5,Operation Suite 3.1,windows,SYNTHETIC,false,normal,14.394,9.574636,10,6,0.500000,-0.866025,-0.781831,0.623490,sepmaker-pro__Apply,0.416040,0.603987,false,low,false
exec_syn_001325,acct_demo_03,ws_production_a,dev_win_03,actor_demo_04,sepmaker-pro,1.6.0,Apply,success,,8851,2026-08-22T10:20:47.149Z,2026-08-22T10:20:56.000Z,2026-08-22T10:20:56.565Z,local_bridge,Illustrator 28.5,Operation Suite 3.1,windows,SYNTHETIC,false,normal,8.851,9.088399,10,6,0.500000,-0.866025,-0.781831,0.623490,sepmaker-pro__Apply,0.449494,0.603987,false,low,false
exec_syn_001318,acct_demo_01,ws_prepress_b,dev_win_02,actor_demo_02,sepmaker-pro,1.6.0,Apply,success,,12741,2026-08-22T11:04:27.259Z,2026-08-22T11:04:40.000Z,2026-08-22T11:04:40.252Z,local_bridge,Illustrator 28.5,Operation Suite 3.1,windows,SYNTHETIC,false,normal,12.741,9.452659,11,6,0.258819,-0.965926,-0.781831,0.623490,sepmaker-pro__Apply,0.400341,0.603987,false,low,false
exec_syn_001315,acct_demo_03,ws_production_a,dev_win_03,actor_demo_04,sepmaker-pro,1.6.0,Apply,success,,7621,2026-08-22T11:22:30.379Z,2026-08-22T11:22:38.000Z,2026-08-22T11:22:38.707Z,local_bridge,Illustrator 28.5,Operation Suite 3.1,windows,SYNTHETIC,false,normal,7.621,8.938794,11,6,0.258819,-0.965926,-0.781831,0.623490,sepmaker-pro__Apply,0.581915,0.603987,false,low,false
exec_syn_001313,acct_demo_02,ws_finishing_a,dev_mac_01,actor_demo_03,sepmaker-pro,1.6.0,Apply,failure,HOST_UNAVAILABLE,12416,2026-08-22T11:40:52.584Z,2026-08-22T11:41:05.000Z,2026-08-22T11:41:05.252Z,local_bridge,Illustrator 29.0,Operation Suite 3.1,macos,SYNTHETIC,false,normal,12.416,9.426822,11,6,0.258819,-0.965926,-0.781831,0.623490,sepmaker-pro__Apply,0.390647,0.603987,false,low,false
exec_syn_001321,acct_demo_01,ws_prepress_a,dev_win_01,actor_demo_01,sepmaker-pro,1.6.0,Apply,success,,5907,2026-08-22T11:50:03.093Z,2026-08-22T11:50:09.000Z,2026-08-22T11:50:10.461Z,local_bridge,Illustrator 28.5,Operation Suite 3.1,windows,SYNTHETIC,false,normal,5.907,8.684063,11,6,0.258819,-0.965926,-0.781831,0.623490,sepmaker-pro__Apply,0.699938,0.603987,true,high,false
exec_syn_001324,acct_demo_02,ws_finishing_a,dev_mac_01,actor_demo_03,sepmaker-pro,1.6.0,Apply,success,,14218,2026-08-22T12:54:32.782Z,2026-08-22T12:54:47.000Z,2026-08-22T12:54:47.324Z,local_bridge,Illustrator 29.0,Operation Suite 3.1,macos,SYNTHETIC,false,normal,14.218,9.562334,12,6,0.000000,-1.000000,-0.781831,0.623490,sepmaker-pro__Apply,0.420137,0.603987,false,low,false
exec_syn_001314,acct_demo_01,ws_prepress_a,dev_win_01,actor_demo_01,sepmaker-pro,1.6.0,Apply,success,,10507,2026-08-22T13:50:50.493Z,2026-08-22T13:51:01.000Z,2026-08-22T13:51:02.318Z,local_bridge,Illustrator 28.5,Operation Suite 3.1,windows,SYNTHETIC,false,normal,10.507,9.259892,13,6,-0.258819,-0.965926,-0.781831,0.623490,sepmaker-pro__Apply,0.395386,0.603987,false,low,false
exec_syn_001317,acct_demo_03,ws_production_a,dev_win_03,actor_demo_04,sepmaker-pro,1.6.0,Apply,success,,14023,2026-08-22T14:10:27.977Z,2026-08-22T14:10:42.000Z,2026-08-22T14:10:43.482Z,local_bridge,Illustrator 28.5,Operation Suite 3.1,windows,SYNTHETIC,false,normal,14.023,9.548525,14,6,-0.500000,-0.866025,-0.781831,0.623490,sepmaker-pro__Apply,0.416509,0.603987,false,low,false
exec_syn_001319,acct_demo_01,ws_prepress_a,dev_win_01,actor_demo_01,sepmaker-pro,1.6.0,Apply,success,,11960,2026-08-22T14:28:56.040Z,2026-08-22T14:29:08.000Z,2026-08-22T14:29:08.883Z,local_bridge,Illustrator 28.5,Operation Suite 3.1,windows,SYNTHETIC,false,normal,11.960,9.389407,14,6,-0.500000,-0.866025,-0.781831,0.623490,sepmaker-pro__Apply,0.388405,0.603987,false,low,false
exec_syn_001328,acct_demo_03,ws_production_a,dev_win_03,actor_demo_04,sepmaker-pro,1.6.0,Apply,success,,9098,2026-08-22T14:53:53.902Z,2026-08-22T14:54:03.000Z,2026-08-22T14:54:04.408Z,local_bridge,Illustrator 28.5,Operation Suite 3.1,windows,SYNTHETIC,false,normal,9.098,9.115920,14,6,-0.500000,-0.866025,-0.781831,0.623490,sepmaker-pro__Apply,0.441553,0.603987,false,low,false
exec_syn_001320,acct_demo_01,ws_prepress_b,dev_win_02,actor_demo_02,sepmaker-pro,1.6.0,Apply,success,,14980,2026-08-22T15:03:34.020Z,2026-08-22T15:03:49.000Z,2026-08-22T15:03:50.443Z,local_bridge,Illustrator 28.5,Operation Suite 3.1,windows,SYNTHETIC,false,normal,14.980,9.614538,15,6,-0.707107,-0.707107,-0.781831,0.623490,sepmaker-pro__Apply,0.437059,0.603987,false,low,false
exec_syn_001334,acct_demo_03,ws_production_a,dev_win_03,actor_demo_04,sepmaker-pro,1.6.0,Apply,success,,20131,2026-08-23T10:15:12.869Z,2026-08-23T10:15:33.000Z,2026-08-23T10:15:34.365Z,local_bridge,Illustrator 28.5,Operation Suite 3.1,windows,SYNTHETIC,false,normal,20.131,9.910066,10,0,0.500000,-0.866025,0.000000,1.000000,sepmaker-pro__Apply,0.597882,0.603987,false,low,false
exec_syn_001329,acct_demo_02,ws_finishing_a,dev_mac_01,actor_demo_03,sepmaker-pro,1.6.0,Apply,failure,VALIDATION_FAILED,7881,2026-08-23T11:36:51.119Z,2026-08-23T11:36:59.000Z,2026-08-23T11:36:59.305Z,local_bridge,Illustrator 29.0,Operation Suite 3.1,macos,SYNTHETIC,false,normal,7.881,8.972337,11,0,0.258819,-0.965926,0.000000,1.000000,sepmaker-pro__Apply,0.536620,0.603987,false,low,false
exec_syn_001335,acct_demo_03,ws_production_a,dev_win_03,actor_demo_04,sepmaker-pro,1.6.0,Apply,success,,15760,2026-08-23T12:15:25.240Z,2026-08-23T12:15:41.000Z,2026-08-23T12:15:42.412Z,local_bridge,Illustrator 28.5,Operation Suite 3.1,windows,SYNTHETIC,false,normal,15.760,9.665294,12,0,0.000000,-1.000000,0.000000,1.000000,sepmaker-pro__Apply,0.459200,0.603987,false,low,false
exec_syn_001342,acct_demo_02,ws_finishing_a,dev_mac_01,actor_demo_03,sepmaker-pro,1.6.0,Apply,success,,9794,2026-08-23T13:42:35.206Z,2026-08-23T13:42:45.000Z,2026-08-23T13:42:46.369Z,local_bridge,Illustrator 29.0,Operation Suite 3.1,macos,SYNTHETIC,false,normal,9.794,9.189627,13,0,-0.258819,-0.965926,0.000000,1.000000,sepmaker-pro__Apply,0.403477,0.603987,false,low,false
exec_syn_001331,acct_demo_01,ws_prepress_b,dev_win_02,actor_demo_02,sepmaker-pro,1.6.0,Apply,success,,13907,2026-08-23T14:10:25.093Z,2026-08-23T14:10:39.000Z,2026-08-23T14:10:40.465Z,local_bridge,Illustrator 28.5,Operation Suite 3.1,windows,SYNTHETIC,false,normal,13.907,9.540219,14,0,-0.500000,-0.866025,0.000000,1.000000,sepmaker-pro__Apply,0.415178,0.603987,false,low,false
exec_syn_001344,acct_demo_01,ws_prepress_b,dev_win_02,actor_demo_02,sepmaker-pro,1.6.0,Apply,success,,9776,2026-08-23T14:33:36.224Z,2026-08-23T14:33:46.000Z,2026-08-23T14:33:47.476Z,local_bridge,Illustrator 28.5,Operation Suite 3.1,windows,SYNTHETIC,false,normal,9.776,9.187788,14,0,-0.500000,-0.866025,0.000000,1.000000,sepmaker-pro__Apply,0.404135,0.603987,false,low,false
exec_syn_001340,acct_demo_03,ws_production_a,dev_win_03,actor_demo_04,sepmaker-pro,1.6.0,Apply,success,,14748,2026-08-23T14:38:21.252Z,2026-08-23T14:38:36.000Z,2026-08-23T14:38:37.376Z,local_bridge,Illustrator 28.5,Operation Suite 3.1,windows,SYNTHETIC,false,normal,14.748,9.598931,14,0,-0.500000,-0.866025,0.000000,1.000000,sepmaker-pro__Apply,0.426066,0.603987,false,low,false
exec_syn_001330,acct_demo_01,ws_prepress_b,dev_win_02,actor_demo_02,sepmaker-pro,1.6.0,Apply,success,,64006,2026-08-23T14:51:19.994Z,2026-08-23T14:52:24.000Z,2026-08-23T14:52:24.356Z,local_bridge,Illustrator 28.5,Operation Suite 3.1,windows,SYNTHETIC,true,duration_spike,64.006,11.066748,14,0,-0.500000,-0.866025,0.000000,1.000000,sepmaker-pro__Apply,0.686506,0.603987,true,high,true
exec_syn_001349,acct_demo_02,ws_finishing_a,dev_mac_01,actor_demo_03,sepmaker-pro,1.6.0,Apply,success,,6974,2026-08-24T08:40:39.026Z,2026-08-24T08:40:46.000Z,2026-08-24T08:40:47.281Z,local_bridge,Illustrator 29.0,Operation Suite 3.1,macos,SYNTHETIC,false,normal,6.974,8.850088,8,1,0.866025,-0.500000,0.781831,0.623490,sepmaker-pro__Apply,0.643367,0.603987,true,medium,false
exec_syn_001345,acct_demo_01,ws_prepress_a,dev_win_01,actor_demo_01,sepmaker-pro,1.6.0,Apply,success,,15016,2026-08-24T09:00:56.984Z,2026-08-24T09:01:12.000Z,2026-08-24T09:01:13.145Z,local_bridge,Illustrator 28.5,Operation Suite 3.1,windows,SYNTHETIC,false,normal,15.016,9.616938,9,1,0.707107,-0.707107,0.781831,0.623490,sepmaker-pro__Apply,0.443775,0.603987,false,low,false
exec_syn_001358,acct_demo_01,ws_prepress_a,dev_win_01,actor_demo_01,sepmaker-pro,1.6.0,Apply,cancelled,ACTION_CANCELLED,7980,2026-08-24T09:29:01.020Z,2026-08-24T09:29:09.000Z,2026-08-24T09:29:09.741Z,local_bridge,Illustrator 28.5,Operation Suite 3.1,windows,SYNTHETIC,false,normal,7.980,8.984819,9,1,0.707107,-0.707107,0.781831,0.623490,sepmaker-pro__Apply,0.520648,0.603987,false,low,false
exec_syn_001359,acct_demo_01,ws_prepress_b,dev_win_02,actor_demo_02,sepmaker-pro,1.6.0,Apply,success,,15483,2026-08-24T09:39:25.517Z,2026-08-24T09:39:41.000Z,2026-08-24T09:39:41.261Z,local_bridge,Illustrator 28.5,Operation Suite 3.1,windows,SYNTHETIC,false,normal,15.483,9.647563,9,1,0.707107,-0.707107,0.781831,0.623490,sepmaker-pro__Apply,0.455652,0.603987,false,low,false
exec_syn_001354,acct_demo_01,ws_prepress_a,dev_win_01,actor_demo_01,sepmaker-pro,1.6.0,Apply,success,,10270,2026-08-24T11:57:58.730Z,2026-08-24T11:58:09.000Z,2026-08-24T11:58:10.049Z,local_bridge,Illustrator 28.5,Operation Suite 3.1,windows,SYNTHETIC,false,normal,10.270,9.237080,11,1,0.258819,-0.965926,0.781831,0.623490,sepmaker-pro__Apply,0.400389,0.603987,false,low,false
exec_syn_001350,acct_demo_03,ws_production_a,dev_win_03,actor_demo_04,sepmaker-pro,1.6.0,Apply,success,,9873,2026-08-24T12:02:17.127Z,2026-08-24T12:02:27.000Z,2026-08-24T12:02:28.048Z,local_bridge,Illustrator 28.5,Operation Suite 3.1,windows,SYNTHETIC,false,normal,9.873,9.197660,12,1,0.000000,-1.000000,0.781831,0.623490,sepmaker-pro__Apply,0.401465,0.603987,false,low,false
exec_syn_001351,acct_demo_01,ws_prepress_b,dev_win_02,actor_demo_02,sepmaker-pro,1.6.0,Apply,success,,10298,2026-08-24T13:13:32.702Z,2026-08-24T13:13:43.000Z,2026-08-24T13:13:44.092Z,local_bridge,Illustrator 28.5,Operation Suite 3.1,windows,SYNTHETIC,false,normal,10.298,9.239802,13,1,-0.258819,-0.965926,0.781831,0.623490,sepmaker-pro__Apply,0.401398,0.603987,false,low,false
exec_syn_001348,acct_demo_03,ws_production_a,dev_win_03,actor_demo_04,sepmaker-pro,1.6.0,Apply,success,,13351,2026-08-24T14:28:16.649Z,2026-08-24T14:28:30.000Z,2026-08-24T14:28:30.531Z,local_bridge,Illustrator 28.5,Operation Suite 3.1,windows,SYNTHETIC,false,normal,13.351,9.499421,14,1,-0.500000,-0.866025,0.781831,0.623490,sepmaker-pro__Apply,0.397091,0.603987,false,low,false
exec_syn_001365,acct_demo_02,ws_finishing_a,dev_mac_01,actor_demo_03,sepmaker-pro,1.6.0,Apply,success,,10811,2026-08-25T09:01:22.189Z,2026-08-25T09:01:33.000Z,2026-08-25T09:01:33.607Z,local_bridge,Illustrator 29.0,Operation Suite 3.1,macos,SYNTHETIC,false,normal,10.811,9.288412,9,2,0.707107,-0.707107,0.974928,-0.222521,sepmaker-pro__Apply,0.386484,0.603987,false,low,false
exec_syn_001372,acct_demo_03,ws_production_a,dev_win_03,actor_demo_04,sepmaker-pro,1.6.0,Apply,success,,18074,2026-08-25T09:38:36.926Z,2026-08-25T09:38:55.000Z,2026-08-25T09:38:55.663Z,local_bridge,Illustrator 28.5,Operation Suite 3.1,windows,SYNTHETIC,false,normal,18.074,9.802285,9,2,0.707107,-0.707107,0.974928,-0.222521,sepmaker-pro__Apply,0.534773,0.603987,false,low,false
exec_syn_001361,acct_demo_01,ws_prepress_a,dev_win_01,actor_demo_01,sepmaker-pro,1.6.0,Apply,success,,15003,2026-08-25T10:23:34.997Z,2026-08-25T10:23:50.000Z,2026-08-25T10:23:51.418Z,local_bridge,Illustrator 28.5,Operation Suite 3.1,windows,SYNTHETIC,false,normal,15.003,9.616072,10,2,0.500000,-0.866025,0.974928,-0.222521,sepmaker-pro__Apply,0.440666,0.603987,false,low,false
exec_syn_001367,acct_demo_02,ws_finishing_a,dev_mac_01,actor_demo_03,sepmaker-pro,1.6.0,Apply,success,,9352,2026-08-25T10:32:23.648Z,2026-08-25T10:32:33.000Z,2026-08-25T10:32:33.770Z,local_bridge,Illustrator 29.0,Operation Suite 3.1,macos,SYNTHETIC,false,normal,9.352,9.143452,10,2,0.500000,-0.866025,0.974928,-0.222521,sepmaker-pro__Apply,0.425611,0.603987,false,low,false
exec_syn_001374,acct_demo_01,ws_prepress_a,dev_win_01,actor_demo_01,sepmaker-pro,1.6.0,Apply,success,,7708,2026-08-25T11:09:15.292Z,2026-08-25T11:09:23.000Z,2026-08-25T11:09:24.119Z,local_bridge,Illustrator 28.5,Operation Suite 3.1,windows,SYNTHETIC,false,normal,7.708,8.950144,11,2,0.258819,-0.965926,0.974928,-0.222521,sepmaker-pro__Apply,0.564327,0.603987,false,low,false
exec_syn_001362,acct_demo_01,ws_prepress_a,dev_win_01,actor_demo_01,sepmaker-pro,1.6.0,Apply,success,,8487,2026-08-25T11:22:20.513Z,2026-08-25T11:22:29.000Z,2026-08-25T11:22:30.345Z,local_bridge,Illustrator 28.5,Operation Suite 3.1,windows,SYNTHETIC,false,normal,8.487,9.046409,11,2,0.258819,-0.965926,0.974928,-0.222521,sepmaker-pro__Apply,0.461939,0.603987,false,low,false
exec_syn_001363,acct_demo_01,ws_prepress_a,dev_win_01,actor_demo_01,sepmaker-pro,1.6.0,Apply,success,,11053,2026-08-25T11:38:52.947Z,2026-08-25T11:39:04.000Z,2026-08-25T11:39:04.839Z,local_bridge,Illustrator 28.5,Operation Suite 3.1,windows,SYNTHETIC,false,normal,11.053,9.310548,11,2,0.258819,-0.965926,0.974928,-0.222521,sepmaker-pro__Apply,0.382941,0.603987,false,low,false
exec_syn_001366,acct_demo_03,ws_production_a,dev_win_03,actor_demo_04,sepmaker-pro,1.6.0,Apply,success,,10293,2026-08-25T13:54:01.707Z,2026-08-25T13:54:12.000Z,2026-08-25T13:54:13.150Z,local_bridge,Illustrator 28.5,Operation Suite 3.1,windows,SYNTHETIC,false,normal,10.293,9.239316,13,2,-0.258819,-0.965926,0.974928,-0.222521,sepmaker-pro__Apply,0.400566,0.603987,false,low,false
exec_syn_001371,acct_demo_01,ws_prepress_a,dev_win_01,actor_demo_01,sepmaker-pro,1.6.0,Apply,success,,10362,2026-08-25T15:56:20.638Z,2026-08-25T15:56:31.000Z,2026-08-25T15:56:31.413Z,local_bridge,Illustrator 28.5,Operation Suite 3.1,windows,SYNTHETIC,false,normal,10.362,9.245997,15,2,-0.707107,-0.707107,0.974928,-0.222521,sepmaker-pro__Apply,0.396996,0.603987,false,low,false
exec_syn_001386,acct_demo_01,ws_prepress_a,dev_win_01,actor_demo_01,sepmaker-pro,1.6.0,Apply,success,,10458,2026-08-26T08:26:59.542Z,2026-08-26T08:27:10.000Z,2026-08-26T08:27:10.271Z,local_bridge,Illustrator 28.5,Operation Suite 3.1,windows,SYNTHETIC,false,normal,10.458,9.255218,8,3,0.866025,-0.500000,0.433884,-0.900969,sepmaker-pro__Apply,0.395242,0.603987,false,low,false
exec_syn_001377,acct_demo_01,ws_prepress_a,dev_win_01,actor_demo_01,sepmaker-pro,1.6.0,Apply,success,,9274,2026-08-26T08:47:28.726Z,2026-08-26T08:47:38.000Z,2026-08-26T08:47:38.430Z,local_bridge,Illustrator 28.5,Operation Suite 3.1,windows,SYNTHETIC,false,normal,9.274,9.135078,8,3,0.866025,-0.500000,0.433884,-0.900969,sepmaker-pro__Apply,0.434683,0.603987,false,low,false
exec_syn_001391,acct_demo_01,ws_prepress_a,dev_win_01,actor_demo_01,sepmaker-pro,1.6.0,Apply,success,,12502,2026-08-26T09:25:11.498Z,2026-08-26T09:25:24.000Z,2026-08-26T09:25:25.358Z,local_bridge,Illustrator 28.5,Operation Suite 3.1,windows,SYNTHETIC,false,normal,12.502,9.433724,9,3,0.707107,-0.707107,0.433884,-0.900969,sepmaker-pro__Apply,0.389608,0.603987,false,low,false
exec_syn_001383,acct_demo_01,ws_prepress_a,dev_win_01,actor_demo_01,sepmaker-pro,1.6.0,Apply,success,,10906,2026-08-26T10:50:42.094Z,2026-08-26T10:50:53.000Z,2026-08-26T10:50:53.393Z,local_bridge,Illustrator 28.5,Operation Suite 3.1,windows,SYNTHETIC,false,normal,10.906,9.297160,10,3,0.500000,-0.866025,0.433884,-0.900969,sepmaker-pro__Apply,0.384718,0.603987,false,low,false
exec_syn_001390,acct_demo_01,ws_prepress_a,dev_win_01,actor_demo_01,sepmaker-pro,1.6.0,Apply,success,,13618,2026-08-26T11:16:01.382Z,2026-08-26T11:16:15.000Z,2026-08-26T11:16:16.027Z,local_bridge,Illustrator 28.5,Operation Suite 3.1,windows,SYNTHETIC,false,normal,13.618,9.519221,11,3,0.258819,-0.965926,0.433884,-0.900969,sepmaker-pro__Apply,0.401663,0.603987,false,low,false
exec_syn_001379,acct_demo_02,ws_finishing_a,dev_mac_01,actor_demo_03,sepmaker-pro,1.6.0,Apply,success,,14260,2026-08-26T11:46:37.740Z,2026-08-26T11:46:52.000Z,2026-08-26T11:46:52.421Z,local_bridge,Illustrator 29.0,Operation Suite 3.1,macos,SYNTHETIC,false,normal,14.260,9.565284,11,3,0.258819,-0.965926,0.433884,-0.900969,sepmaker-pro__Apply,0.420099,0.603987,false,low,false
exec_syn_001384,acct_demo_01,ws_prepress_a,dev_win_01,actor_demo_01,sepmaker-pro,1.6.0,Apply,success,,10114,2026-08-26T12:32:28.886Z,2026-08-26T12:32:39.000Z,2026-08-26T12:32:39.444Z,local_bridge,Illustrator 28.5,Operation Suite 3.1,windows,SYNTHETIC,false,normal,10.114,9.221775,12,3,0.000000,-1.000000,0.433884,-0.900969,sepmaker-pro__Apply,0.397478,0.603987,false,low,false
exec_syn_001388,acct_demo_03,ws_production_a,dev_win_03,actor_demo_04,sepmaker-pro,1.6.0,Apply,success,,10819,2026-08-26T14:31:24.181Z,2026-08-26T14:31:35.000Z,2026-08-26T14:31:36.408Z,local_bridge,Illustrator 28.5,Operation Suite 3.1,windows,SYNTHETIC,false,normal,10.819,9.289152,14,3,-0.500000,-0.866025,0.433884,-0.900969,sepmaker-pro__Apply,0.385083,0.603987,false,low,false
exec_syn_001381,acct_demo_01,ws_prepress_a,dev_win_01,actor_demo_01,sepmaker-pro,1.6.0,Apply,success,,12584,2026-08-26T15:24:32.416Z,2026-08-26T15:24:45.000Z,2026-08-26T15:24:45.469Z,local_bridge,Illustrator 28.5,Operation Suite 3.1,windows,SYNTHETIC,false,normal,12.584,9.440261,15,3,-0.707107,-0.707107,0.433884,-0.900969,sepmaker-pro__Apply,0.392387,0.603987,false,low,false
exec_syn_001387,acct_demo_01,ws_prepress_a,dev_win_01,actor_demo_01,sepmaker-pro,1.6.0,Apply,success,,10634,2026-08-26T16:32:14.366Z,2026-08-26T16:32:25.000Z,2026-08-26T16:32:25.526Z,local_bridge,Illustrator 28.5,Operation Suite 3.1,windows,SYNTHETIC,false,normal,10.634,9.271906,16,3,-0.866025,-0.500000,0.433884,-0.900969,sepmaker-pro__Apply,0.397393,0.603987,false,low,false
exec_syn_001389,acct_demo_03,ws_production_a,dev_win_03,actor_demo_04,sepmaker-pro,1.6.0,Apply,success,,17057,2026-08-26T16:52:52.943Z,2026-08-26T16:53:10.000Z,2026-08-26T16:53:11.446Z,local_bridge,Illustrator 28.5,Operation Suite 3.1,windows,SYNTHETIC,false,normal,17.057,9.744375,16,3,-0.866025,-0.500000,0.433884,-0.900969,sepmaker-pro__Apply,0.497558,0.603987,false,low,false
exec_syn_001406,acct_demo_01,ws_prepress_a,dev_win_01,actor_demo_01,sepmaker-pro,1.6.0,Apply,success,,11648,2026-08-27T11:11:45.352Z,2026-08-27T11:11:57.000Z,2026-08-27T11:11:58.486Z,local_bridge,Illustrator 28.5,Operation Suite 3.1,windows,SYNTHETIC,false,normal,11.648,9.362976,11,4,0.258819,-0.965926,-0.433884,-0.900969,sepmaker-pro__Apply,0.385806,0.603987,false,low,false
exec_syn_001405,acct_demo_01,ws_prepress_a,dev_win_01,actor_demo_01,sepmaker-pro,1.6.0,Apply,success,,10497,2026-08-27T14:44:15.503Z,2026-08-27T14:44:26.000Z,2026-08-27T14:44:27.126Z,local_bridge,Illustrator 28.5,Operation Suite 3.1,windows,SYNTHETIC,false,normal,10.497,9.258940,14,4,-0.500000,-0.866025,-0.433884,-0.900969,sepmaker-pro__Apply,0.395836,0.603987,false,low,false
exec_syn_001398,acct_demo_01,ws_prepress_b,dev_win_02,actor_demo_02,sepmaker-pro,1.6.0,Apply,success,,7790,2026-08-27T17:51:16.210Z,2026-08-27T17:51:24.000Z,2026-08-27T17:51:25.327Z,local_bridge,Illustrator 28.5,Operation Suite 3.1,windows,SYNTHETIC,false,normal,7.790,8.960725,17,4,-0.965926,-0.258819,-0.433884,-0.900969,sepmaker-pro__Apply,0.553197,0.603987,false,low,false
exec_syn_001410,acct_demo_01,ws_prepress_a,dev_win_01,actor_demo_01,sepmaker-pro,1.6.0,Apply,success,,11203,2026-08-28T08:44:29.797Z,2026-08-28T08:44:41.000Z,2026-08-28T08:44:41.982Z,local_bridge,Illustrator 28.5,Operation Suite 3.1,windows,SYNTHETIC,false,normal,11.203,9.324026,8,5,0.866025,-0.500000,-0.974928,-0.222521,sepmaker-pro__Apply,0.386754,0.603987,false,low,false
exec_syn_001416,acct_demo_01,ws_prepress_b,dev_win_02,actor_demo_02,sepmaker-pro,1.6.0,Apply,success,,11937,2026-08-28T08:59:52.063Z,2026-08-28T09:00:04.000Z,2026-08-28T09:00:04.594Z,local_bridge,Illustrator 28.5,Operation Suite 3.1,windows,SYNTHETIC,false,normal,11.937,9.387482,9,5,0.707107,-0.707107,-0.974928,-0.222521,sepmaker-pro__Apply,0.391030,0.603987,false,low,false
exec_syn_001418,acct_demo_03,ws_production_a,dev_win_03,actor_demo_04,sepmaker-pro,1.6.0,Apply,success,,11866,2026-08-28T10:36:59.134Z,2026-08-28T10:37:11.000Z,2026-08-28T10:37:11.700Z,local_bridge,Illustrator 28.5,Operation Suite 3.1,windows,SYNTHETIC,false,normal,11.866,9.381517,10,5,0.500000,-0.866025,-0.974928,-0.222521,sepmaker-pro__Apply,0.389796,0.603987,false,low,false
exec_syn_001409,acct_demo_03,ws_production_a,dev_win_03,actor_demo_04,sepmaker-pro,1.6.0,Apply,failure,DOCUMENT_UNAVAILABLE,10802,2026-08-28T11:57:52.198Z,2026-08-28T11:58:03.000Z,2026-08-28T11:58:03.727Z,local_bridge,Illustrator 28.5,Operation Suite 3.1,windows,SYNTHETIC,false,normal,10.802,9.287579,11,5,0.258819,-0.965926,-0.974928,-0.222521,sepmaker-pro__Apply,0.386149,0.603987,false,low,false
exec_syn_001412,acct_demo_01,ws_prepress_b,dev_win_02,actor_demo_02,sepmaker-pro,1.6.0,Apply,success,,14066,2026-08-28T12:14:35.934Z,2026-08-28T12:14:50.000Z,2026-08-28T12:14:50.820Z,local_bridge,Illustrator 28.5,Operation Suite 3.1,windows,SYNTHETIC,false,normal,14.066,9.551587,12,5,0.000000,-1.000000,-0.974928,-0.222521,sepmaker-pro__Apply,0.418785,0.603987,false,low,false
exec_syn_001413,acct_demo_01,ws_prepress_a,dev_win_01,actor_demo_01,sepmaker-pro,1.6.0,Apply,success,,11186,2026-08-28T13:54:53.814Z,2026-08-28T13:55:05.000Z,2026-08-28T13:55:05.815Z,local_bridge,Illustrator 28.5,Operation Suite 3.1,windows,SYNTHETIC,false,normal,11.186,9.322508,13,5,-0.258819,-0.965926,-0.974928,-0.222521,sepmaker-pro__Apply,0.389043,0.603987,false,low,false
exec_syn_001421,acct_demo_01,ws_prepress_b,dev_win_02,actor_demo_02,sepmaker-pro,1.6.0,Apply,success,,11500,2026-08-28T15:26:40.500Z,2026-08-28T15:26:52.000Z,2026-08-28T15:26:52.749Z,local_bridge,Illustrator 28.5,Operation Suite 3.1,windows,SYNTHETIC,false,normal,11.500,9.350189,15,5,-0.707107,-0.707107,-0.974928,-0.222521,sepmaker-pro__Apply,0.382769,0.603987,false,low,false
exec_syn_001437,acct_demo_02,ws_finishing_a,dev_mac_01,actor_demo_03,sepmaker-pro,1.6.0,Apply,success,,9071,2026-08-29T10:57:00.929Z,2026-08-29T10:57:10.000Z,2026-08-29T10:57:10.662Z,local_bridge,Illustrator 29.0,Operation Suite 3.1,macos,SYNTHETIC,false,normal,9.071,9.112948,10,6,0.500000,-0.866025,-0.781831,0.623490,sepmaker-pro__Apply,0.445825,0.603987,false,low,false
exec_syn_001430,acct_demo_02,ws_finishing_a,dev_mac_01,actor_demo_03,sepmaker-pro,1.6.0,Apply,success,,11780,2026-08-29T12:19:24.220Z,2026-08-29T12:19:36.000Z,2026-08-29T12:19:36.532Z,local_bridge,Illustrator 29.0,Operation Suite 3.1,macos,SYNTHETIC,false,normal,11.780,9.374243,12,6,0.000000,-1.000000,-0.781831,0.623490,sepmaker-pro__Apply,0.386900,0.603987,false,low,false
exec_syn_001440,acct_demo_03,ws_production_a,dev_win_03,actor_demo_04,sepmaker-pro,1.6.0,Apply,success,,13741,2026-08-29T14:02:45.259Z,2026-08-29T14:02:59.000Z,2026-08-29T14:03:00.256Z,local_bridge,Illustrator 28.5,Operation Suite 3.1,windows,SYNTHETIC,false,normal,13.741,9.528212,14,6,-0.500000,-0.866025,-0.781831,0.623490,sepmaker-pro__Apply,0.414625,0.603987,false,low,false
exec_syn_001439,acct_demo_01,ws_prepress_a,dev_win_01,actor_demo_01,sepmaker-pro,1.6.0,Apply,success,,31838,2026-08-29T14:22:25.162Z,2026-08-29T14:22:57.000Z,2026-08-29T14:22:58.166Z,local_bridge,Illustrator 28.5,Operation Suite 3.1,windows,SYNTHETIC,true,duration_spike,31.838,10.368447,14,6,-0.500000,-0.866025,-0.781831,0.623490,sepmaker-pro__Apply,0.636911,0.603987,true,medium,true
exec_syn_001435,acct_demo_02,ws_finishing_a,dev_mac_01,actor_demo_03,sepmaker-pro,1.6.0,Apply,failure,VALIDATION_FAILED,4714,2026-08-29T15:07:54.286Z,2026-08-29T15:07:59.000Z,2026-08-29T15:08:00.385Z,local_bridge,Illustrator 29.0,Operation Suite 3.1,macos,SYNTHETIC,true,duration_drop,4.714,8.458504,15,6,-0.707107,-0.707107,-0.781831,0.623490,sepmaker-pro__Apply,0.740964,0.603987,true,critical,true
exec_syn_001425,acct_demo_03,ws_production_a,dev_win_03,actor_demo_04,sepmaker-pro,1.6.0,Apply,failure,PROCESSING_FAILED,10527,2026-08-29T15:49:08.473Z,2026-08-29T15:49:19.000Z,2026-08-29T15:49:20.311Z,local_bridge,Illustrator 28.5,Operation Suite 3.1,windows,SYNTHETIC,false,normal,10.527,9.261794,15,6,-0.707107,-0.707107,-0.781831,0.623490,sepmaker-pro__Apply,0.397264,0.603987,false,low,false
